airbag_N	>	air + bag
antidepresivum_N	>	anti + deprese
aquapark_N	>	aqua + park
bestseller_N	>	best + sell
bodyguard_N	>	body + guard
bookmaker_N	>	book + maker
černovlasý_A	>	černý + vlasy
cestopis_N	>	cesta + psát
činorodý_A	>	činný + rod
cizokrajný_A	>	cizí + kraj
cizorodý_A	>	cizí + rod
comeback_N	>	come + back
ctihodný_A	>	čest + hodný
cukrovar_N	>	cukr + vařit
díkůvzdání_N	>	dík + vzdání
domorodý_A	>	dům + rod
drahocenný_A	>	drahý + cena
drahokam_N	>	drahý + kámen
facelift_N	>	face + lift
firewall_N	>	fire + wall
firmware_N	>	firm + ware
flashdisk_N	>	flash + disk
grandslam_N	>	grand + slam
hitparáda_N	>	hit + paráda
jaksepatří_D	>	jak + patřit
kdovíjak_D	>	kdo + vědět + jak
koloběh_N	>	kolo + běh
koloběžka_N	>	kolo + běžet
kozoroh_N	>	koza + roh
krkolomný_A	>	krk + lomit
krupobití_N	>	kroupa + bití
lodivod_N	>	loď + vést
masopust_N	>	maso + půst
masožravý_A	>	maso + žravý
modrobílý_A	>	modrý + bílý
nanebevzetí_N	>	nebe + vzít
natožpak_D	>	natož + pak
názvosloví_N	>	název + slovit
netbook_N	>	net + book
nocleh_N	>	noc + ležet
nonstop_D	>	non + stop
očividný_A	>	oči + vidět
opencard_N	>	open + card
photoshop_N	>	photo + shop
prvořadý_A	>	prvý + řada
prvorozený_A	>	prvý + rozený
psovod_N	>	pes + vodit
půldruhý_A	>	půl + druhý
půllitr_N	>	půl + litr
rádoby_D	>	rád + by
šedomodrý_A	>	šedý + modrý
šedozelený_A	>	šedý + zelený
showbyznys_N	>	show + byznys
showroom_N	>	show + room
siločára_N	>	síla + čára
škodolibý_A	>	škoda + libý
slunovrat_N	>	slunce + vracet
směrodatný_A	>	směr + dát
smrtonosný_A	>	smrt + nosit
tamtéž_D	>	tam + týž
touchpad_N	>	touch + pad
trolejbus_N	>	trolej + bus
underground_N	>	under + ground
upgrade_N	>	up + grade
voděodolný_A	>	voda + odolný
vojevůdce_N	>	voj + vůdce
zčistajasna_D	>	čistý + jasný
zřídkakdy_D	>	zřídka + kdy
addisabebský_A	>	Addis + Abeba
analgosedace_N	>	analgezie + sedace
anglosas_N	>	anglický + Sas
arzenopyrit_N	>	arzén + pyrit
audiokniha_N	>	audio + kniha
babochlap_N	>	baba + chlap
babyboom_N	>	baby + boom
balíkomat_N	>	balík + mat
bařtipán_N	>	baštit + pán
bělobradý_A	>	bílý + brada
bělobřichý_A	>	bílý + břicho
běločelý_A	>	bílý + čelo
bělohlavý_A	>	bílý + hlava
bělohřbetý_A	>	bílý + hřbet
bělohubý_A	>	bílý + huba
bělokřídlý_A	>	bílý + křídlo
bělokur_N	>	bílý + kur
bělokvětý_A	>	bílý + květ
bělolanýž_N	>	bílý + lanýž
bělolící_A	>	bílý + líce
bělomasý_A	>	bílý + maso
bělonohý_A	>	bílý + noha
běloocasý_A	>	bílý + ocas
bělopásek_N	>	bílý + pasek
bělopruhý_A	>	bílý + pruh
běloruký_A	>	bílý + ruka
bělošedý_A	>	bílý + šedý
bělotrn_N	>	bílý + trn
bělovlasý_A	>	bílý + vlas
bělovousý_A	>	bílý + vousy
bělozářka_N	>	vílý + záře
bělozelený_A	>	bílý + zelený
běložlutý_A	>	bílý + žlutý
betaverze_N	>	beta + verze
bétřídní_A	>	bé + třídní
bíločerný_A	>	bílý + černý
bílomodrý_A	>	bílý + modrý
bílošedý_A	>	bílý + šedy
bílozelený_A	>	bílý + zelený
bílozlatý_A	>	bílý + zlatý
bíložlutý_A	>	bílý + žlutý
biohovězí_N	>	bio + hovězí
blátošlap_N	>	bláto + šlapat
blogosféra_N	>	blog + sféra
bobkovišeň_N	>	bobek + višeň
bodnořezný_A	>	bodný + řezný
bohabojný_A	>	Bůh + bát
bohapustý_A	>	Bůh + pustý
bohočlověk_N	>	Bůh + člověk
bohorodice_N	>	Bůh + rodit
bohovat_V	>	Bůh + bát
bohovražda_N	>	Bůh + vražda
bohulibý_A	>	Bůh + libý
bokorys_N	>	bok + rys
bolehlav_N	>	bolet + hlava
bombometčík_N	>	bomba + metat
bombometník_N	>	bomba + metat
borosilikát_N	>	bor + silikát
borůvkobraní_N	>	borůvka + brát
bosonohý_A	>	bosá + noha
boxmač_N	>	box + mač
brestlitevský_A	>	Brest + litevský
břichabol_N	>	břicho + bolet
brkoslav_N	>	brko + slavit
bromkyan_N	>	brom + kyan
bublifuk_N	>	bublina + foukat
bůhvíjak_D	>	Bůh + vědědt + jak
bůhvíkam_D	>	Bůh + vědět + kam
bůhvíkde_D	>	Bůh + vědět + kde
bůhvíkdy_D	>	Bůh + vědět + kdy
bůhvíodkud_D	>	Bůh + vědět + odkud
bůhvíproč_D	>	Bůh + vědět + proč
buzerplac_N	>	buzerovat + plac
býložravý_A	>	bylina + žrát
byznysplán_N	>	byznys + plán
cenotvorba_N	>	cena + tvorba
černobrvý_A	>	černý + brva
černobýl_N	>	černý + býlí
černohlavý_A	>	černý + hlava
černohorec_N	>	černá + hora
černokrký_A	>	černý + krk
černolící_A	>	černý + líce
černomodrý_A	>	černý + modrý
černonohý_A	>	černý + noha
černoočka_N	>	černý + očko
černooký_A	>	černý + oko
černopáska_N	>	černý + páska
černopolní_A	>	černý + polní
černopruhý_A	>	černý + pruh
černorudý_A	>	černý + rudý
černošedý_A	>	černý + šedý
černotisk_N	>	černý + tisk
černozlatý_A	>	černý + zlatý
černožlutý_A	>	černý + žlutý
čertkus_N	>	čert + kus
červenooký_A	>	červený + oko
cestmistr_N	>	cesta + mistr
choroboplodný_A	>	choroba + plodný
chromniklový_A	>	chrom + niklový
chudokvětý_A	>	chudý + květ
chudozubý_A	>	chudý + zub
chvalořeč_N	>	chválit + řeč
chvalozpěv_N	>	chválit + zpět
cifršpión_N	>	cifra + špión
cigártaška_N	>	cigáro + taška
čiročirý_A	>	čirý + čirý
císařpán_N	>	císař + pán
čistočistý_A	>	čistý + čistý
čistopis_N	>	čistý + psát
cizoložit_V	>	cizí + lože
cizoměnový_A	>	cizí + měna
cizopasit_V	>	cizí + pást
cizozemský_A	>	cizí + země
countrybál_N	>	country + bál
čtvernohý_A	>	čtyři + noha
čtverozvuk_N	>	čtyři + zvuk
čtverzubec_N	>	čtyři + zub
čtvrtdolar_N	>	čtvrt + dolar
čtvrtkmen_N	>	čtvrt + kmen
čtvrtkruh_N	>	čtvrt + kruh
čtvrtlitr_N	>	čtvrt + litr
čtvrtrok_N	>	čtvrt + rok
čtvrttón_N	>	čtvrt + tón
čtyřbitový_A	>	čtyři + bit
cukrblik_N	>	cukr + blik
cvokhaus_N	>	cvok + haus
dávnověk_N	>	dávný + věk
dělbuch_N	>	dělo + bouchnout
délesloužící_A	>	déle + sloužící
déletrvající_A	>	déle + trvající
dennodenní_A	>	denní + denní
depešák_N	>	depeche + mode
deskotisk_N	>	deska + tisk
deskovka_N	>	desková + hra
devětsil_N	>	děvět + sil
devítipásý_A	>	děvět + pás
devítistý_A	>	devět + stý
dieselagregát_N	>	diesel + agregát
dílovedoucí_N	>	dílo + vedoucí
dinopark_N	>	dinosaurus + park
discopříběh_N	>	disco + příběh
diskžokej_N	>	disk + žokej
divotvorce_N	>	div + tvůrce
divukrásný_A	>	div + krásný
domobrana_N	>	domov + bránit
donkichot_N	>	don + Quijote
donquijotský_A	>	don + Quijote
drakobijce_N	>	drak + bijce
dramaterapeutický_A	>	drama + terapeutický
drátosklo_N	>	drát + sklo
druhohory_N	>	druhý + hory
druhoústý_A	>	druhý + ústa
držgrešle_N	>	držet + grešle
držhubné_N	>	držet + huba
držkopád_N	>	držka + pád
dubobukový_A	>	dub + buk
duchověda_N	>	duch + věda
dušezpyt_N	>	duše + zpyt
dvěstěletý_A	>	dvěstě + rok
dvojaký_A	>	dvě + jaký
dvojkabina_N	>	dvě + kabina
dvojtvárnost_N	>	dvě + tvárnost
dvoubarvý_A	>	dva + barva
dvoubřitý_A	>	dva + břit
dvoucestný_A	>	dva + cesta
dvoucípý_A	>	dva + cíp
dvoučíslí_N	>	dva + číslo
dvoudecka_N	>	dva + deci
dvoudobý_A	>	dva + doba
dvoudomý_A	>	dva + dům
dvoudřez_N	>	dva + dřet
dvougaráž_N	>	dva + garáž
dvouhlasý_A	>	dva + hlas
dvouhodina_N	>	dva + hodina
dvouhrbý_A	>	dva + hrb
dvoukabina_N	>	dva + kabina
dvouklaný_A	>	dva + klan
dvouklasý_A	>	dva + klas
dvoukolý_A	>	dva + kolo
dvoukoruna_N	>	dva + koruna
dvoukvětý_A	>	dva + květ
dvoulinka_N	>	dva + linka
dvoulist_N	>	dva + list
dvoulitr_N	>	dva + litr
dvoulodí_N	>	dva + loď
dvoulodní_A	>	dva + lodní
dvoulůžko_N	>	dva + lůžko
dvoumístný_A	>	dva + místo
dvoumontáž_N	>	dva + montář
dvoumužný_A	>	dva + muž
dvounažka_N	>	dva + nažka
dvounohý_A	>	dva + noha
dvouocasý_A	>	dva + ocas
dvouoký_A	>	dva + oko
dvouosý_A	>	dva + osa
dvouplošný_A	>	dva + plocha
dvoupostel_N	>	dva + postel
dvouproudý_A	>	dva + proud
dvouprstý_A	>	dva + prst
dvoupruhý_A	>	dva + pruh
dvouřadý_A	>	dva + řada
dvouramenný_A	>	dva + rameno
dvouročák_N	>	dva + rok
dvouroček_N	>	dva + rok
dvouroční_A	>	dva + roční
dvourohý_A	>	dva + roh
dvouset_N	>	dva + set
dvousměrný_A	>	dva + směr
dvouspřeží_N	>	dva + spřáhnout
dvoustátní_A	>	dva + stát
dvoustěnný_A	>	dva + stěna
dvoustopý_A	>	dva + stopa
dvoustovka_N	>	dva + stovka
dvoustrana_N	>	dva + strana
dvoustý_A	>	dva + stý
dvoutakt_N	>	dva + takt
dvoutečný_A	>	dva + tečovat
dvoutrám_N	>	dva + trám
dvouuchý_A	>	dva + ucho
dvouválec_N	>	dva + válec
dvouvařič_N	>	dva + vařič
dvouvětý_A	>	dva + věta
dvouvrstvý_A	>	dva + vrstva
dvouzlatka_N	>	dva + zlatka
dvouzrnka_N	>	dva + zrno
dvouzubý_A	>	dva + zub
dýňobraní_N	>	dýně + brát
džíska_N	>	jeansová + bunda
etnocentrizmus_N	>	etno + centrizmus
exlibris_N	>	ex + libris
fachidiot_N	>	fach + idiot
falocentrický_A	>	falus + centrum
fanklub_N	>	fan + klub
fanshop_N	>	fan + shop
fantasmagorie_N	>	fantastický + magor
faxmodem_N	>	fax + modem
femtosekunda_N	>	femto + sekunda
filipojakubský_A	>	Filip + Jakub
flexošňůra_N	>	flexo + sňůra
folkrock_N	>	folk + rock
galorománský_A	>	gal + románský
gayklub_N	>	gay + klub
generálbas_N	>	generální + bas
generálmajor_N	>	generál + major
generálporučík_N	>	generál + poručík
genobanka_N	>	gen + banka
genofond_N	>	gen + fond
genotoxický_A	>	gen + toxický
genštáb_N	>	generální + štáb
geocentrizmus_N	>	geo + centrizmus
gólostroj_N	>	gól + stroj
granátomet_N	>	granát + metat
granodiorit_N	>	granit + diorit
gravitest_N	>	gravidní + test
gymnaestráda_N	>	gymnastický + estráda
hadilov_N	>	had + lovit
hadimrška_N	>	had + mrštný
handgranát_N	>	hand + granát
hanopis_N	>	hana + psát
herpesvirus_N	>	herpes + virus
hexavakcína_N	>	hexa + vakcína
hladinoměr_N	>	hladina + měřit
hlubotisk_N	>	hluboký + tisk
hmyzožravý_A	>	hmyz + žrát
hnidopich_N	>	hnida + píchat
hnilokal_N	>	hnít + kal
hodnověrný_A	>	hodný + věrný
hodobožový_A	>	hod + boží
hodokvas_N	>	hod + kvasit
hokuspokus_N	>	hokus + pokus
horkovod_N	>	horký + vést
hormistr_N	>	hora + mistr
hrdopyšný_A	>	hrdý + pyšný
hřibotvarý_A	>	hřib + tvar
hustoměr_N	>	hustý + měřit
hvězdokupa_N	>	hvězda + kupa
hvězdolet_N	>	hvězda + let
intimsprej_N	>	intimní + sprej
jánabráchismus_N	>	já + na + brácha
jasnovidný_A	>	jasný + vidět
jasnozření_N	>	jasný + zřít
jasnozřivý_A	>	jasný + zřít
jasoměr_N	>	jasný + měřit
jazzband_N	>	jazz + band
jazzklub_N	>	jazz + klub
jazzrock_N	>	jazz + rock
jedenapůl_N	>	jeden + a + půl
jednobran_N	>	jeden + brána
jednočinný_A	>	jeden + činnost
jednodílný_A	>	jeden + díl
jednodomý_A	>	jeden + domov
jednohlas_N	>	jeden + hlas
jednohrbý_A	>	jeden + hrb
jednohubka_N	>	jeden + huba
jednokolka_N	>	jeden + kolo
jednokvětý_A	>	jeden + květ
jednoletka_N	>	jeden + rok
jednolodní_A	>	jeden + loď
jednomužný_A	>	jeden + muž
jednooký_A	>	jeden + oko
jednoosý_A	>	jeden + osa
jednořadý_A	>	jeden + řada
jednoranný_A	>	jeden + rána
jednoroční_A	>	jeden + rok
jednoruč_D	>	jeden + ruka
jednoruční_A	>	jeden + ruka
jednoruký_A	>	jeden + ruka
jednostopý_A	>	jeden + stopa
jednosytný_A	>	jeden + sytný
jednouchý_A	>	jeden + ucho
jednoválec_N	>	jeden + válec
jednovazný_A	>	jeden + vázat
jednovětý_A	>	jeden + věta
jednovoký_A	>	jeden + voko
jednovousý_A	>	jeden + vous
jednožilný_A	>	jeden + žíla
jednozrnka_N	>	jeden + zrno
jetelotravní_A	>	jetel + tráva
jídlonosič_N	>	jídlo + nosič
jinud_D	>	jiný + odkud
jinudy_D	>	jiný + kudy
jitrocel_N	>	játra + celý
kabelovod_N	>	kabel + vést
kadibudka_N	>	kadit + budka
kafemlýnek_N	>	kafe + mlýnek
kalojem_N	>	kal + jímat
kampak_D	>	kam + pak
kapelmajstr_N	>	kapela + mistr
kapraďorost_N	>	kapradí + růst
kasírtaška_N	>	kasírovat + taška
kaštanozem_N	>	kaštan + zem
kazisvět_N	>	kazit + svět
kdeže_D	>	kde + že
kdoule_N	>	kdo + vědět + kam
kdovíkam_D	>	kdo + vědět + kde
kdovíkde_D	>	kdo + vědět + kde
kdovíkdy_D	>	kdo + vědět + kdy
kdovíproč_D	>	kdo + vědět + proč
kdypak_D	>	kdy + pak
kdyžtak_D	>	když + tak
keramzitbeton_N	>	keramzit + beton
kindervajíčko_N	>	kinder + vajíčko
klapouchý_A	>	klopit + ucho
klejotok_N	>	klej + tok
klikyhák_N	>	klikatý + hák
knížepán_N	>	kníže + pán
kočkopes_N	>	kočka + pes
koldokola_D	>	kolem + dokola
koldům_N	>	kolektivní + dům
kolkolem_D	>	kolem + kolem
kolopásový_A	>	kolo + pás
kolovrat_N	>	kolo + vrtět
kominterna_N	>	komunistický + internacionála
koronavirus_N	>	korona + virus
kostitřas_N	>	kost + třást
kožedělný_A	>	kůže + dělat
koželuh_N	>	kůže + luhovat
kožojed_N	>	kůže + jíst
kozorožec_N	>	koza + roh
krabožravý_A	>	krab + žrát
královrah_N	>	král + vrat
krásnoočko_N	>	krásný + očko
kravihorský_A	>	kraví + hora
kromobyčejný_A	>	kromě + obyčejný
krutihlav_N	>	kroutit + hlava
krystalochemie_N	>	krystal + chemie
kulatolebí_A	>	kulatý + leb
kulihrášek_N	>	kulit + hrášek
kulohlavec_N	>	kulatý + hlava
kuželozubý_A	>	kužel + zub
lalokoploutvý_A	>	lalok + ploutev
lamželezo_N	>	lámat + železo
lapiduch_N	>	lapat + duch
laplatský_A	>	La + plata
latinoamerický_A	>	latinský + americký
leduprostý_A	>	led + prostý
lesmistr_N	>	les + mistr
lesopark_N	>	les + park
lesostep_N	>	les + step
lesotundra_N	>	les + tundra
letlampa_N	>	letovat + lampa
letokruh_N	>	rok + kruh
letorost_N	>	rok + růst
libosad_N	>	libý + sad
liduprostý_A	>	lid + prostý
lihoměr_N	>	líh + měřit
lihovar_N	>	líh + vařit
liliokvětý_A	>	lilie + květ
lískooříškový_A	>	líska + oříšek
loďmistr_N	>	loď + mistr
lognormální_A	>	logaritmický + normální
loutkohra_N	>	loutka + hra
lunochod_N	>	luna + chodit
lužickosrbský_A	>	lužický + srbský
lýkožravý_A	>	lýko + žrát
lýkožrout_N	>	lýko + žrát
lysohlávka_N	>	lysý + hlava
lysohorský_A	>	lysý + hora
marxleninský_A	>	Marx + Lenin
masokostní_A	>	maso + kost
masozávod_N	>	maso + závod
masožrout_N	>	maso + žrout
matfyz_N	>	matematický + fyzikální
matkovrah_N	>	matka + vrah
mechorost_N	>	mech + růst
mědikovec_N	>	měď + kovat
mědiryt_N	>	měď + rýt
mělkovodní_A	>	mělký + voda
mincmistr_N	>	mince + mistr
mnohanásobný_A	>	mnoho + násobný
mnoholetý_A	>	mnoho + rok
močopudný_A	>	moč + pudit
modročerný_A	>	modrý + černý
modrokvětý_A	>	modrý + květ
modrošedý_A	>	modrý + šedý
modrotisk_N	>	modrý + tisknout
modrovous_N	>	modrý + vousy
modrozlatý_A	>	modrý + zlatý
modrožlutý_A	>	modrý + žlutý
mordparta_N	>	mord + parta
motýlokvětý_A	>	motýl + květ
moudivláček_N	>	moudí + vléci
mozkomíšní_A	>	mozek + mícha
mravkolev_N	>	mravenec + lovit
mrchožravý_A	>	mrcha + žrát
mrchožrout_N	>	mrcha + žrát
mucholapka_N	>	moucha + lapat
muzikoterapeutický_A	>	muzika + terapie
nabíledni_D	>	na + bílý + den
namouvěru_D	>	na + má + víra
nanebevzatý_A	>	na + nebe + vzít
nanicovatý_A	>	na + nic
nánožní_A	>	na + noha
natošup_D	>	na + to + šup
nebojsa_N	>	nebát + se
nervosvalový_A	>	nerv + sval
nervydrásající_A	>	nerv + drásat
nevímjak_D	>	vědět + jak
newyorčan_N	>	new + york
neznaboh_N	>	znát + bůh
neznabůh_N	>	znát + bůh
nicnetušící_A	>	nic + tušit
nobelovka_N	>	Nobelova + cena
nocležiště_N	>	noc + ležet
nocležna_N	>	noc + ležet
nohejbal_N	>	noha + ball
nohsled_N	>	noha + sledovat
nosohltan_N	>	nos + hltan
nosoretní_A	>	nos + ret
notredamský_A	>	notre + damme
nudapláž_N	>	nudistický + pláž
nukleosyntéza_N	>	nukleus + syntéza
obojaký_A	>	obě + jaký
obouruč_D	>	obě + ruka
obouruční_A	>	obě + ruka
obouručný_A	>	obě + ruka
obousměrný_A	>	obě + směr
ocelolitina_N	>	ocel + litina
odedneška_D	>	od + dnešek
odkudpak_D	>	od + kudy + pak
odpůldne_N	>	půl + den
okohybný_A	>	oko + hybný
okolojdoucí_A	>	okolo + jdoucí
okolostojící_A	>	okolo + stojící
okolostojící_N	>	okolo + stojící
olejotisk_N	>	olej + tisk
opočlověk_N	>	op + člověk
oposmlouva_N	>	opoziční + smlouva
opovrženíhodný_A	>	opovržení + hodný
optočlen_N	>	optický + člen
optoelektrický_A	>	optický + elektrický
orlosup_N	>	orel + sup
osmiboký_A	>	osm + bok
osmičetný_A	>	osm + četný
osmicípý_A	>	osm + cíp
osmidenní_A	>	osm + den
osmidílný_A	>	osm + díl
osmihran_N	>	osm + hrana
osmihrotý_A	>	osm + hrot
osmimístný_A	>	osm + místo
osminohý_A	>	osm + noha
osmiproudý_A	>	osm + proud
osmisměrný_A	>	osm + směr
osmistěn_N	>	osm + stěna
osmistopý_A	>	osm + stopa
osmistovka_N	>	osm + stovka
osmistup_N	>	osm + stoupit
osmistý_A	>	osm + sto
osmitřídní_A	>	osm + třída
osmnáctistovka_N	>	osmnáct + stop
ostnokožec_N	>	osten + kůže
ostošest_D	>	o + sto + šest
otáčkoměr_N	>	otáčka + měřit
otčenáš_N	>	otec + náš
otcovražda_N	>	otec + vražda
oxidoredukční_A	>	oxidace + redukce
ozembouch_N	>	o + zem + bouchnout
ozonosféra_N	>	ozón + sféra
padesátimiliardový_A	>	padesát + miliarda
pajdák_N	>	pedagogická + fakulta
palivoměr_N	>	palivo + měřit
papírodárný_A	>	papír + dát
paprskomet_N	>	paprsek + metat
paprskoploutvý_A	>	paprsek + ploutev
paradivadelní_A	>	para + divadlo
paralympiáda_N	>	para + olympiáda
paraskupina_N	>	paradesantní + skupina
paravýcvik_N	>	parašutistický + výcvik
paravýsadek_N	>	paradesantní + výsadek
patrontaška_N	>	patrona + taška
pauzák_N	>	pauzovací + papír
pecivál_N	>	pec + válet
peďák_N	>	pedagogická + fakulta
pěnobeton_N	>	pěna + beton
pentatonika_N	>	pent + tón
permice_N	>	perm,anentní + vstupenka
permokarbon_N	>	perm + karbon
pestrokvětost_N	>	pestrý + květ
pěticent_N	>	pět + cent
pětičetný_A	>	pět + četný
pěticípý_A	>	pět + cíp
pětidílný_A	>	pět + díl
pětidobý_A	>	pět + doba
pětidolar_N	>	pět + dolar
pětihaléř_N	>	pět + haléř
pětihlasý_A	>	pět + hlas
pětikačka_N	>	pět + kačka
pětikanál_N	>	pět + kanál
pětikilo_N	>	pět + kilo
pětikoruna_N	>	pět + koruna
pětikvalt_N	>	pět + kvalt
pětilitr_N	>	pět + litr
pětimiliónový_A	>	pět + milión
pětimístný_A	>	pět + místo
pětimužný_A	>	pět + muž
pětiosý_A	>	pět + osa
pětiprstý_A	>	pět + prst
pětiranný_A	>	pět + rána
pětisměrný_A	>	pět + směr
pětistopý_A	>	pět + stopa
pětistup_N	>	pět + stoupit
pětitřídka_N	>	pět + třída
pětituna_N	>	pět + tuna
pětiválec_N	>	pět + válec
pětivětý_A	>	pět + věta
pětivrstvý_A	>	pět + vrstva
pětizrnný_A	>	pět + zrno
pětizubý_A	>	pět + zub
petka_N	>	PET + láhev
petrklíč_N	>	Petr + klíč
pevnolátkový_A	>	pevný + látka
pianoforte_N	>	piano + forte
piezoelektřina_N	>	piezo + elektřina
piezokeramika_N	>	piezo + keramika
pilořitka_N	>	pila + řiť
písčitohlinitý_A	>	písek + hlína
pivobraní_N	>	pivo + brát
plamenomet_N	>	plamen + metat
plastbeton_N	>	plast + beton
plavečák_N	>	plavecký + bazén
plavovlasý_A	>	plavý + vlas
plazopánvý_A	>	plaz + pánev
plenárka_N	>	plenární + schůze
podlahovka_N	>	podlahové + topení
podnikohospodářský_A	>	podnik + hospodářský
podržtaška_N	>	držet + tašku
pojmosloví_N	>	pojem + slovo
politbyro_N	>	politické + byro
polojasno_D	>	půl + jasný
pomelo_N	>	pomeranč + meloun
pophvězda_N	>	pop + hvězda
popkultura_N	>	pop + kultura
popmusic_N	>	pop + music
poprock_N	>	pop + rock
popstar_N	>	pop + star
pórobeton_N	>	pór + beton
poštmistr_N	>	pošta + mistr
povahopis_N	>	povaha + psát
předovýchodní_A	>	přední + východ
předozadní_A	>	přední + zadní
přesmíru_D	>	přes + míra
přírodopis_N	>	příroda + psát
produktovod_N	>	produkt + vést
propanbutan_N	>	propan + butan
pršinos_N	>	pršet + nos
pršiplášť_N	>	pršet + plášť
prskolet_N	>	prskat + let
prstoklad_N	>	prst + klást
průtokoměr_N	>	průtok + měřit
prvobytný_A	>	první + být
prvodárce_N	>	první + dárce
prvohory_N	>	první + hory
prvomájový_A	>	první + máj
prvotisk_N	>	první + tisk
prvouka_N	>	první + nauka
prvoústý_A	>	první + ústa
prvovýstup_N	>	první + výstup
pseudoplatanus_A	>	pseudo + platanus
půdopokryvný_A	>	půda + pokrývat
půdotok_N	>	půda + tok
půdoznalec_N	>	půda + znalec
půlden_N	>	půl + den
půldolar_N	>	půl + dolar
půldomek_N	>	půl + domek
půlhoďka_N	>	půl + hodina
půlitr_N	>	půl + litr
půlkacíř_N	>	půl + kacíř
půlkilo_N	>	půl + kilo
půlkrok_N	>	půl + krok
půlkulatý_A	>	půl + kulatý
půlmaraton_N	>	půl + maraton
půlminuta_N	>	půl + minuta
půlmistr_N	>	půl + mistr
půloblouk_N	>	půl + oblouk
půlobrat_N	>	půl + obrat
půlpenny_N	>	půl + penny
půlperioda_N	>	půl + perioda
půlsekunda_N	>	půl + sekunda
půlsnímek_N	>	půl + snímek
půlspojka_N	>	půl + spojka
půltřetí_A	>	půl + třetí
půltuna_N	>	půl + tuna
půlvlna_N	>	půl + vlna
půlvteřina_N	>	půl + vteřina
punkrock_N	>	punk + rock
pyložravý_A	>	pyl + žravý
raketomet_N	>	raketa + metat
rakouskočeský_A	>	Rakousko + český
ramdisk_N	>	RAM + disk
ramenonožec_N	>	rameno + noha
ranhojič_N	>	rána + hojit
redoxní_A	>	redukční + oxidační
reklamožrout_N	>	reklama + žrout
révokaz_N	>	réva + kazit
rozumbrada_N	>	rozum + brada
rubopis_N	>	rub + psát
rudobílý_A	>	rudý + bílý
rudočerný_A	>	rudý + černý
rudohlavý_A	>	rudý + hlava
rudohoří_N	>	rudý + hora
rudokožec_N	>	rudý + kůže
rudokrký_A	>	rudý + krk
rudonohý_A	>	rudý + noha
rudonosný_A	>	ruda + nést
rudovlasý_A	>	rudý + vlas
rudozelený_A	>	rudý + zelený
rudozlatý_A	>	rudý + zlatý
rukulíbat_V	>	ruka + líbat
sadomasochista_N	>	sado + masochista
šalinkarta_N	>	šalina + karta
sametonohý_A	>	samet + noha
saskočeský_A	>	saský + český
šavlorohý_A	>	šavle + roh
sbohemdání_N	>	sbohem + dát
scénosled_N	>	scéna + sledovat
scestí_N	>	s + cesta
schodolez_N	>	schod + lézt
sebepochybnost_N	>	sebe + pochybost
sebeúčinnost_N	>	sebe + účinnost
sebezkušenost_N	>	sebe + zkušenost
sedmiboj_N	>	sedm + boj
sedmicípý_A	>	sedm + cíp
sedmidenní_A	>	sedm + den
sedmidílný_A	>	sedm + díl
sedmikrása_N	>	sedm + krása
sedmiletka_N	>	sedm + rok
sedmilhář_N	>	sedm + lhář
sedmispáč_N	>	sedm + spát
sedmitečný_A	>	sedm + tečka
sedmitisícovka_N	>	sedm + tisíc
sedmizubý_A	>	sedm + zub
sedmsetpadesátka_N	>	sedm + padesát
šedobílý_A	>	šedý + bílý
šedočerný_A	>	šedý + černý
šedooký_A	>	šedý + oko
šedošedý_A	>	šedý + šedý
šedovlasý_A	>	šedý + vlast
šedovousý_A	>	šedý + vous
šedožlutý_A	>	šedý + žlutý
sekeromlat_N	>	sekera + mlátit
semtam_D	>	sem + tam
seniorpas_N	>	senior + pas
senoseč_N	>	seno + sekat
senovážný_A	>	seno + vozit
senzomotorický_A	>	senzor + motorický
septakord_N	>	septimat + akord
sérioparalelní_A	>	sériový + paralelní
šestibod_N	>	šest + bod
šestiboj_N	>	šest + boj
šestiboký_A	>	šest + bok
šesticípý_A	>	šest + cíp
šestidenní_A	>	šest + den
šestidílný_A	>	šest + díl
šestihlasý_A	>	šest + hlas
šestihlavý_A	>	šest + hlava
šestihran_N	>	šest + hrana
šestikvalt_N	>	šest + kvalt
šestiměstí_N	>	šest + město
šestiosý_A	>	šest + osa
šestipence_N	>	šest + pence
šestiprstý_A	>	šest + prst
šestiřadý_A	>	šest + řada
šestiranný_A	>	šest + rána
šestistý_A	>	šest + sto
šestizubý_A	>	šest + zub
sestrovražedný_A	>	sestra + vražda
sezimoústecký_A	>	sezimův + ústí
sierraleonský_A	>	Sierra + Leone
silnoproud_N	>	silný + proud
silnostěnný_A	>	silný + stěna
silokřivka_N	>	síla + křivka
siloměr_N	>	síla + měřit
silostroj_N	>	síla + stroj
simkarta_N	>	SIM + karta
singlkánoe_N	>	singl + kánoe
singltrek_N	>	single + trek
sivozelený_A	>	sivý + zelený
skálopevný_A	>	skála + pevný
škarohlíd_N	>	škaredý + hledět
sklepmistr_N	>	sklep + mistr
sklopísek_N	>	sklo + písek
škrabopis_N	>	škrábat + psát
skrznaskrz_D	>	skrz + na + skrz
slanorožec_N	>	slaný + roh
slepotisk_N	>	slepý + tisk
sluchovod_N	>	sluch + vést
slunoměr_N	>	slunce + měřit
slzopudný_A	>	slza + pudit
slzovod_N	>	slza + vést
šmajchlkabinet_N	>	šmajchlovat + kabinet
šmirglpapír_N	>	šmirgl + papír
smrtihlav_N	>	smrt + hlava
smrtonoš_N	>	smrt + nosit
soběpodobnost_N	>	sobě + podobný
socdemák_N	>	sociální + demokrat
sodnodraselný_A	>	sodný + draselný
sodnovápenatý_A	>	sodný + vápenatý
solivar_N	>	sůl + vařit
sotvakdy_D	>	sotva + kdy
spásonosný_A	>	spása + nosit
špekbuřt_N	>	špek + buřt
spolubydlící_A	>	spolu + bydlet
spolucestující_N	>	spolu + cestovat
spolupatřičnost_N	>	spolu + patřičný
spolusedící_N	>	spolu + sedět
spolutrpící_N	>	spolu + trpět
spoluvěřící_N	>	spolu + věřit
sportareál_N	>	sport + areál
sportbar_N	>	sport + bar
sportklub_N	>	sport + klub
sprostonárodní_A	>	sprostý + národní
sralbotka_N	>	srát + botka
srdcerváč_N	>	srdce + rvát
srdceryvný_A	>	srdce + rvát
stáložárný_A	>	stálý + žár
stamiliardy_N	>	sto + miliard
stamilionový_A	>	sto +  + milionů
starohory_N	>	starý + hora
staromilec_N	>	starý + milovat
startrekovský_A	>	Star + trek
stavbyvedoucí_N	>	stavba + vedoucí
stávkokaz_N	>	stávka + kazit
štěrkodrť_N	>	štěrk + drť
stodenní_A	>	sto + den
stodesítka_N	>	sto + deset
stoeurovka_N	>	set + euro
stohlavý_A	>	sto + hlava
stolístek_N	>	sto + lístek
stonásob_D	>	sto + násobit
stonásobek_N	>	sto + násobit
stonožka_N	>	sto + noha
stooký_A	>	sto + oko
stopětka_N	>	sto + pět
stopstav_N	>	stop + stav
střelhbitý_A	>	střela + hbitý
střihoruký_A	>	stříhat + ruka
strojopis_N	>	stroj + psát
strojvedoucí_N	>	stroj + vést
šunkofleky_N	>	šunka + flek
šusťákovka_N	>	šusťákový + bunda
švarcsystém_N	>	Švarc + systém
svatvečer_N	>	svatý + večer
svijonožec_N	>	svinout + noha
svinoústý_A	>	svině + ústa
svítiplyn_N	>	svítit + plyn
takřečený_A	>	tak + řečený
tamhletudy_D	>	tamhle + tudy
tamodtud_D	>	tam + odtud
tamtudy_D	>	tam + tudy
tatraplán_N	>	Tatra + plán
tatrovák_N	>	Tatra + plán
telavivský_A	>	Tel + Aviv
temporytmus_N	>	tempo + rytmus
tentam_A	>	ten + tam
terčoplodý_A	>	terč + plodit
terraformovat_V	>	terra + formovat
těsnopis_N	>	těsný + psát
thaiboxer_N	>	thaiský + box
thrashmetalový_A	>	trash + metal
tichomoří_N	>	tichý + moře
titanzinek_N	>	titan + zinek
tlakotěsný_A	>	tlak + těsný
tlakovodní_A	>	tlak + voda
touroperátor_N	>	tour + operátor
tragikomedie_N	>	tragický + komedie
třasořitka_N	>	třást + řiť
trávopolní_A	>	tráva + pole
třetiřadý_A	>	třetí + řada
třícestný_A	>	tři + cesta
tříciferný_A	>	tři + cifra
třícípý_A	>	tři + cíp
tříčtvrťák_N	>	tři + čtvrtina
třídílný_A	>	tři + díl
třídobý_A	>	tři + doba
tříhlas_N	>	tři + hlas
tříhlavý_A	>	tři + hlava
tříkolka_N	>	tři + kolo
tříkolý_A	>	tři + kolo
tříkoruna_N	>	tři + koruna
tříkrejcar_N	>	tři + krejcar
tříliberní_A	>	tři + libra
třílitr_N	>	tři + litr
třímístný_A	>	tři + místo
třínásobek_N	>	tři + násobek
třínedělní_A	>	tři + neděle
tříoký_A	>	tři + oko
tříostný_A	>	tři + osten
tříosý_A	>	tři + osa
třípence_N	>	tři + pence
tříproudý_A	>	tři + proud
tříprstý_A	>	tři + prst
třířadý_A	>	tři + řada
třírohý_A	>	tři + roh
tříruký_A	>	tři + ruka
třistaletý_A	>	tři + sto + rok
třistapadesátka_N	>	tři + sto + padesát
třístovka_N	>	tři + sto
třítýdenní_A	>	tři + týden
tříválec_N	>	tři + válec
třívětý_A	>	tři + věta
třívrstvý_A	>	tři + vrstva
trnobřichý_A	>	trn + břicho
trojfilm_N	>	tři + film
trubkonosý_A	>	trubka + nos
trubkovnice_N	>	trubka + nos
tukuprostý_A	>	tuk + prostý
tvarosloví_N	>	tvar + slovo
úchylkoměr_N	>	úchylka + měřit
uměnověda_N	>	umění + věda
útloboký_A	>	utlý + bok
útlocit_N	>	útlý + cit
utřinos_N	>	utřít + nos
vakovlk_N	>	vak + vlk
vašnost_N	>	vaše + milost
včelojed_N	>	včela + jíst
vědosloví_N	>	věda + slovo
věrouka_N	>	víra + nauka
větosled_N	>	věta + sled
vibrolisovaný_A	>	vibrace + lisovat
videomost_N	>	video + most
videorozhodčí_N	>	video + rozhodčí
vidloroh_N	>	vidle + roh
viskoelastický_A	>	viskózní + elastický
vlajkonoš_N	>	vlajka + nosit
vlakvedoucí_N	>	vlak + vést
vlkodav_N	>	vlk + dávit
volnoběh_N	>	volný + běh
volnotržní_A	>	volný + trh
vozembouch_N	>	zem + bouchnout
vozmistr_N	>	vůz + mistr
vřeckovýtrusný_A	>	vřecko + výtrus
vrubozobý_A	>	vrub + zub
vydřiduch_N	>	vydřít + duše
vydřigroš_N	>	vydřít + groš
vyšehrad_N	>	výš + hrad
výškoměr_N	>	výška + měřit
výškopis_N	>	výška + psát
vždyzelený_A	>	vždy + zelený
vždyživý_A	>	vždy + živý
žabikuch_N	>	žába + kuchat
žabníkovitý_A	>	žába + kuchat
žabomyší_A	>	žába + myš
žabožrout_N	>	žába + žrát
žábronožka_N	>	žábra + noha
zbrojmistr_N	>	zbroj + mistr
zbrojnoš_N	>	zbroj + nosit
zbůhdarma_D	>	Bůh + darmý
zdesateronásobit_V	>	deset + násobit
zdesetinásobit_V	>	deset + násobit
zdeúřední_A	>	zde + úřední
zdravověda_N	>	zdraví + věda
želbohu_D	>	žel + Bůh
zelenobílý_A	>	zelený + bílý
zelenonohý_A	>	zelený + noha
zelenooký_A	>	zelený + oko
zelenošedý_A	>	zelený + šedý
židobijce_N	>	Žid + bít
židoviník_N	>	Žid + vina
živorodý_A	>	živý + rodit
zkurvysyn_N	>	kurva + syn
zlatobílý_A	>	zlato + bílý
zlatobýl_N	>	zlato + bylina
zlatodůl_N	>	zlato + důl
zlatohorský_A	>	zlatý + hora
zlatolící_A	>	zlato + líc
zlatonosný_A	>	zlato + nosit
zlatoplavý_A	>	zlato + plavý
zlatořitný_A	>	zlato + řiť
zlatorudný_A	>	zlato + ruda
zlatorudý_A	>	zlato + ruda
zlatotepec_N	>	zlato + tepat
zlatoústý_A	>	zlato + ústa
zlatovlasý_A	>	zlato + vlas
zlatožlutý_A	>	zlato + žlutý
žlučovod_N	>	žluč + vést
žlutobílý_A	>	žlutý + bílý
žlutočerný_A	>	žlutý + černý
žlutohlavý_A	>	žlutý + hlava
žlutokvětý_A	>	žlutý + květ
žlutolící_A	>	žlutý + líce
žlutomasý_A	>	žlutý + maso
žlutomodrý_A	>	žlutý + modrý
žlutonohý_A	>	žlutý + noha
žlutooký_A	>	žlutý + oko
žlutorudý_A	>	žlutý + rudý
žlutošedý_A	>	žlutý + šedý
žlutovlasý_A	>	žlutý + vlas
žlutozlatý_A	>	žlutý + zlatý
žlutozobý_A	>	žlutý + zobák
známkoprávní_A	>	známka + právo
zoborožec_N	>	zobák + roh
zrnokaz_N	>	zrní + kazit
zrnožravý_A	>	zrní + žrát
zrovnoprávnit_V	>	rovný + právo
zubořez_N	>	zub + řezat
zvonkohra_N	>	zvonek + hrát
zvonohra_N	>	zvon + hrát
zvykosloví_N	>	zvyk + slovo
