§;ebola_N;Ebola_N;;;;;;
;maso_N;masox_N;;;;;;
\;kanit_V;kaňhat_V;;kaňka;;;;
;foch_N;fach_N;;;;;;
;Komsomol_N;komsomolec_N;;;;;;
\;aldehyd_N;acetaldehyd_N;;%;;;;
§;judaismus_N;Juda_N;;*;;;;
§;anestetikum_N;anestezie_N;;;;;;
;lorňon_N;lornět_N;;;;;;
;derniéra_N;dernisáž_N;;;;;;
§;promenoár_N;promenovat_V;;;;;;
§;sexy_A;sexus_N;;;;;;
;krok_N;kráčet_V;;;;;;
\;elektron_NC;elektronika_N;;;;;;
\;smyk_N;smýčit_V;smýkat;smýkat;;;;
;drobit_V;drobet_D;;;;;;
\;utilita_N;utilizace_N;;utilizovat;;;;
§;balotáž_N;balotina_N;;;;;;
§;Siena_None;siena_N;;;;;;
§;kačena_N;kachna_N;;;;;;
§;signatář_N;signovat_V;;signum;;;;
\;Moldava_None;Moldova_N;;;;;;
;kúra_N;kurativa_N;;;;;;
;pachole_N;pacholek_N;;;;;;
§;celebrita_N;celebrovat_V;;;;;;
\;opodál_D;zpovzdálí_D;dál;dále;;;;
\;mistr_N;hofmistr_N;;%;;;;
;shoda_N;shodnout_V;;;;;;
\;frňák_N;frňous_N;frnět;frnět;;;;
§;taxonomie_NC;taxon_N;;;;;;
;Miloš_N;Milouš_N;;;;;;
;brýle_N;brejle_N;;;;;;
;brigáda_N;brigadýr_N;;;;;;
;nymfomanie_NC;nymfomanka_N;;;;;;
\;car_N;carica_A;;;;;;
§;auditor_N;audit_N;;;;;;
§;komsomolec_N;Komsomol_N;;C;;;;
\;strana_N;odstranit_V;;stranit;;;;
§;hořet_V;horký_A;;;;;;
;psychický_A;psychóza_N;;;;;;
;pod_R;spodní_A;;;;;;
;slupka_N;šlupka_N;;;;;;
\;editorial_N;edice_N;editor;;;;;
\;Renata_N;Renáta_N;;;;;;
§;pianino_N;piano_N;;;;;;
;chopit_V;schopný_A;;;;;;
\;najít_V;nandu_N;;;;;;
\;exit_N;brexit_N;;%;;;;
§;pikador_N;píka_N;;;;;;
;embolus_N;embolie_N;;;;;;
;Padova_N;padovana_N;*;;;;;
;vozit_V;vůz_N;;;;;;
§;Julie_N;Julius_N;;;;;;
\;Frankfort_N;Frankfurt_N;;;;;;
§;digestiv_N;digestivum_N;;;;;;
\;gothajský_A;gotajský_A;Gotha;Gota;;;;
§;identita_N;identický_A;;;;;;
\;džínsovina_N;džíny_N;džínsový;jeans;;;;
\;Jitka_N;Judita_N;;;;;;
\;nořit_V;únor_N;;;;;;
\;kůň_N;koníčkář_N;;koníček;;;;
\;houba_N;zhoubovatět_V;;houbovatět;;;;
§;tumpachový_A;tombak_N;;;;;;
\;kráva_N;býk_N;;;;;;
\;Marseille_N;Marseillanka_N;;Marseillan;;;;
;hlas_N;věhlas_N;;;;;;
;kanava_N;kanafas_N;;;;;;
\;Štěpán_N;Štefek_N;;;;;;
;pokoj_N;spokojit_V;;;;;;
\;havíř_N;haur_N;;;;;;
\;kopat_V;překop_N;;překopnout;;;;
;vláha_N;vlahý_A;;;;;;
\;prs_N;poprsnice_N;;poprsí;;;;
\;vysoko_D;výsost_N;vysoký;vysoký;;;;
\;úschovna_N;úschovné_N;uschovat;uschovat;;;;
\;libý_A;Libuš_N;líbit;;;;;
\;násobit_V;ztrojnásobit_V;;%;;;;
\;mobilizace_N;mobil_N;mobilizovat;mobilní;;;;
§;soukmenovec_N;kmen_N;;*;;;;
\;šoustat_V;ošoust_N;;ošoustat;;;;
\;psát_V;propisovačka_N;;propisovat;;;;
\;štípat_V;oštěp_N;;oštípat;;;;
\;jezuita_N;Ježíš_N;Jesus;Jesus;;;;
\;stalinistka_N;Stalin_N;stalinista;;;;;
\;žeň_N;žatva_N;žnout;žnout;;;;
\;ligový_A;prvoligový_A;liga;%;;;;
;zlatý_N;zlatistý_A;;;;;;
\;dům_N;domácí_N;*;doma;;;;
\;vát_V;závěj_N;*;zavát;;;;
\;Otýlie_N;Oto_N;;;;;;
\;kyrysník_N;kyrysar_N;kyrys;kyrys;;;;
\;prsteník_N;prst_N;prsten;;;;;
\;odpočinek_N;odpočívat_V;odpočinout;odpočinout;;;;
\;Kamel_None;kamélie_N;;;;;;
\;sólista_N;solitér_N;sólo;sólo;;;;
\;střílet_V;Střela_N;střelit;střela;;;;
;vážný_A;závažný_A;vážit;;;;;
\;Američan_N;Angloameričan_N;Amerika;%;;;;
\;kostička_N;vykostit_V;kůstka;kost;;;;
;Amazonka_N;amazonka_N;;;;;;
§;Achilles_N;Achilleus_N;;;;;;
\;střílet_V;nástřel_N;;nastřelit;;;;
\;odeslání_N;vyslat_V;odeslat;;;;;
;zpěv_N;předzpěv_N;zpívat;;;;;
\;dít_V;dělat_V;*;*;;;;
;tlak_N;přetlak_N;;;;;;
\;rok_N;úrok_N;*;;;;;
\;maďarizace_N;Maďar_N;maďarský;;;;;
\;integrál_N;integrita_N;;;;;;
\;zminiaturizovat_V;miniatura_N;miniaturizovat;;;;;
\;prvolezkyně_N;prvolezectví_N;prvolezec;prvolezec;;;;
\;vít_V;svítek_N;;svinout;;;;
\;stěna_N;zástěna_N;*;;;;;
§;dudák_N;dudy_N;;;;;;
\;výskyt_N;skýtat_V;vyskytnout;*;;;;
\;práh_N;peřej_N;;;;;;
\;nouze_N;nuzota_N;;nuzný;;;;
\;napříč_R;pryč_D;příčit;*;;;;
\;hubit_V;hubeňour_N;;hubený;;;;
\;kabátník_N;černokabátník_N;kabát;%;;;;
;rozmar_N;rozmařilý_A;;;;;;
\;Lukavská_N;Lukava_N;Lukavský;;;;;
\;píď_N;pnout_V;;;;;;
\;jarní_A;zjara_D;jaro;jaro;;;;
\;soutěžní_A;nekalosoutěžní_A;soutěž;%;;;;
\;osoba_N;odosobnit_V;;osobní;;;;
\;snídaně_N;snídáníčko_N;;snídání;;;;
\;padesátiny_N;padesátník_N;padesátý;padesát;;;;
\;pažení_N;přepažit_V;pažit;pažit;;;;
\;fix_N;fixírka_N;fixovat;fixovat;;;;
\;oko_N;okounět_V;*;*;;;;
\;Vavřinec_N;Vávra_N;;;;;;
\;hodit_V;hezký_A;;;;;;
\;přefiknout_V;skřípat_V;fiknout;;;;;
;Parma_N;parmazán_N;;;;;;
;žmolit_V;žmoulat_V;;;;;;
\;lízat_V;vylizovat_V;;vylízat;;;;
\;Havel_N;Havlíčková_N;;Havlíček;;;;
\;slunce_N;slunečko_N;;slunko;;;;
\;číhat_V;Čihák_N;;;;;;
\;bloudit_V;bludařit_V;;bludař;;;;
;Descartes_N;kartézský_A;;;;;;
\;Kovařík_N;Kovář_N;kovařík;kovář;;;;
\;přechodník_N;přechodnice_N;přechod;přechod;;;;
\;Ganga_None;Ganges_N;;;;;;
\;okamžik_N;mžikat_V;%;;;;;
\;omílat_V;semílat_V;omlít;semlít;;;;
§;kanafas_N;kanava_N;;;;;;
\;miminko_N;mimčo_N;mimino;mimino;;;;
\;černoprdelník_N;černoprdeláč_N;%;%;;;;
\;marně_D;marno_D;marný;marný;;;;
\;téct_V;roztok_N;*;roztéct;;;;
\;papaláš_N;papacha_N;;;;;;
\;trh_N;tržnice_N;*;;;;;
\;počet_N;odpočet_N;počítat;odpočítat;;;;
\;decimovat_V;decimální_A;decima;decima;;;;
\;zevní_A;zevnitř_D;vně;vnitro;;;;
\;rafinovat_V;fajn_A;;;;;;
\;Mikuláš_N;Mikša_N;;;;;;
\;tlačit_V;protlak_N;;protlačit;;;;
§;poryv_N;rvát_V;;;;;;
;vysoký_A;navýšit_V;;;;;;
\;roztomilý_A;roztomilůstka_N;;roztomilost;;;;
\;meč_N;Mečislav_N;;%;;;;
\;tužit_V;výztuha_N;tuhý;vyztužit;;;;
\;kód_N;kodek_N;;;;;;
\;džihád_N;mudžáhid_N;;;;;;
\;říct_V;ráčit_V;;;;;;
\;psota_N;peskovat_V;psí;;;;;
\;pasáž_N;pasé_A;;;;;;
\;uzávěrka_N;sifon_N;uzavřít;;;;;
\;ugrofinistika_N;Ugrofin_N;ugrofinský;%;;;;
;třepat_V;třepit_V;;;;;;
\;flotila_N;eskadra_N;;;;;;
\;paměť_N;rozpomínat_V;*;pomnít;;;;
\;demence_N;dementi_N;;;;;;
\;ordinace_N;ordinérní_A;ordinovat;;;;;
\;letní_A;podletí_N;léto;léto;;;;
\;stejný_A;lhostejný_A;;;;;;
\;jímat_V;zajímat_V;jmout;zajmout;;;;
\;národ_N;znárodnit_V;narodit;národní;;;;
;žlutý_A;žluč_N;;;;;;
\;voj_N;Slavoj_N;vést;;;;;
§;pikle_N;pikel_N;;;;;;
\;div_N;obdivovat_V;;divit;;;;
\;lnout_V;přilnavý_A;;přilnout;;;;
\;třeskutě_D;třesk_N;třeskutý;třísknout;;;;
\;hluboký_A;hloubit_V;hloub;hloub;;;;
\;letět_V;slétat_V;;létat;;;;
\;Atlas_N;atlant_N;;Atlant;;;;
;mše_N;misál_N;;;;;;
;důraz_N;zdůraznit_V;;;;;;
\;píce_N;pitomý_A;;;;;;
\;omnibus_N;bus_N;%;;;;;
\;křehký_A;subtilní_A;;;;;;
\;laser_N;maser_N;;;;;;
;kal_N;kálet_V;;;;;;
\;spřežení_N;jednospřeží_N;spřáhnout;%;;;;
\;šlehačka_N;binovačka_N;šlehat;;;;;
\;Mikuláš_N;Mikuš_N;;;;;;
\;snídaně_N;přesnídávka_N;sníst;snídat;;;;
;přít_V;rozepře_N;;;;;;
;butan_N;buten_N;;;;;;
\;vepřín_N;vepří_A;vepř;vepř;;;;
\;finalistka_N;finále_N;finalista;;;;;
\;Volha_None;Volgograd_N;;%;;;;
\;klekat_V;poklekat_V;kleknout;pokleknout;;;;
\;sylaba_N;sylabus_N;;;;;;
;pravý_A;napravo_D;;;;;;
\;brambořiště_N;bramborovina_N;brambora;bramborový;;;;
\;říct_V;nářečí_N;*;řeč;;;;
\;běs_N;bát_V;;;;;;
\;prostý_A;prosťáček_N;;prosťák;;;;
;dítě_N;dětičky_N;;;;;;
\;vrchol_N;navrch_D;vrch;vrch;;;;
\;tisk_N;předtisk_N;tisknout;předtisknout;;;;
\;světlo_N;prosvětlit_V;světlý;světlý;;;;
\;Dobříš_N;Dobříč_N;;;;;;
;choroba_N;předchorobí_N;chorý;;;;;
\;nejen_D;jenom_D;jen;jen;;;;
\;škvařit_V;škvor_N;;;;;;
§;Galaxie_N;galaxie_N;;;;;;
\;set_N;pětiseťák_N;;%;;;;
\;onde_D;onehdy_D;;;;;;
\;zdárně_D;zdar_N;zdárný;zdařit;;;;
\;voj_N;Bořivoj_N;;%;;;;
\;květina_N;květovaný_A;květ;květ;;;;
\;čin_N;účin_N;činit;učinit;;;;
\;chcípnout_V;chcíplotina_N;;chcíplý;;;;
\;rubáš_N;roub_N;;roubit;;;;
\;penzijní_A;penzionovat_V;penze;penze;;;;
\;podstatně_D;opodstatnit_V;podstatný;podstatný;;;;
\;zbýt_V;zbytečný_A;být;zbytek;;;;
\;strmět_V;strom_N;strmý;;;;;
\;turista_N;túra_N;turistika;;;;;
\;běhat_V;sbíhat_V;běžet;běžet;;;;
\;mořit_V;úmor_N;mřít;umořit;;;;
\;letět_V;přelétat_V;;létat;;;;
\;Bětuška_N;Alžběta_N;Bětka;;;;;
\;parkoviště_N;park_N;parkovat;;;;;
\;ztuhnout_V;tuhý_A;tuhnout;*;;;;
\;výjimečný_A;bezvýjimečný_A;výjimka;výjimka;;;;
\;majznout_V;mazat_V;;;;;;
\;psát_V;pěkný_A;*;*;;;;
\;mikrobiologie_N;mikrob_N;%;%;;;;
\;kelčský_A;Kelčan_N;Kelč;Kelč;;;;
\;vnější_A;zevní_A;vně;vně;;;;
\;ozón_N;ozonizátor_N;*;ozonizovat;;;;
\;kocour_N;kocovina_N;;;;;;
\;podezírat_V;podezřelý_A;podezřít;podezřívat;;;;
\;zlato_N;zlatohlav_N;zlatý;%;;;;
\;pění_N;kuropění_N;pět;%;;;;
;sázka_N;nadsázka_N;;;;;;
\;obestřít_V;prostřít_V;;;;;;
§;fanynka_N;fanoušek_N;;fandit;;;;
\;kurs_N;kurýr_N;;;;;;
;edukace_N;koedukace_N;edukovat;;;;;
\;nóna_N;nonius_N;;;;;;
\;rubl_N;storublovka_N;;storublový;;;;
\;dochvilnost_N;chvíle_N;dochvilný;;;;;
\;datum_N;dativ_N;;;;;;
\;chám_N;Chám_N;;;;;;
\;odlučné_N;odluka_N;odloučit;odloučit;;;;
\;spláchnout_V;šplouchat_V;;šplouchnout;;;;
\;Jáva_N;Javánka_N;;Javánec;;;;
\;Mendel_N;Mendelssohn_N;;%;;;;
\;sbor_N;sborná_N;;;;;;
\;vzhled_N;vhled_N;;vhlédnout;;;;
\;násobit_V;desetinásobný_A;;%;;;;
\;jedový_A;Jedov_N;jed;;;;;
\;maximálně_D;maximalizovat_V;maximální;maximální;;;;
\;stan_N;stanovit_V;stát;;;;;
\;standardní_A;standarta_N;standard;standard;;;;
\;Kryštof_N;Kristus_N;;;;;;
\;zapřažený_A;zapřažení_N;zapřáhnout;zapřáhnout;;;;
\;mráz_N;mrazivo_D;;mrazivý;;;;
\;levý_A;doleva_D;;levý;;;;
\;zrytmizovat_V;rytmus_N;rytmický;;;;;
\;sáňkařka_N;saně_N;sáňkař;;;;;
\;abstinence_N;absťák_N;abstinovat;abstinenční;;;;
\;konstitutivní_A;konstituovat_V;konstituce;;;;;
\;odolat_V;zdolat_V;;;;;;
\;vize_N;vízum_N;;;;;;
\;pozor_N;upozornit_V;;pozorný;;;;
\;odpočinek_N;pokoj_N;odpočinout;;;;;
\;husa_N;housenka_N;;;;;;
\;kruh_N;kružidlo_N;;kroužit;;;;
\;zavézt_V;závozník_N;vézt;zavážet;;;;
\;glukóza_N;glukagon_N;;;;;;
\;Ambrožová_N;Ambrozková_N;Ambrož;Ambrozek;;;;
;tabák_N;tabatěrka_N;;;;;;
\;sráč_N;přizdisráč_N;srát;%;;;;
\;líbit_V;záliba_N;;zalíbit;;;;
\;placka_N;plácat_V;placatý;plácnout;;;;
\;bělidlo_N;bělírna_N;bělit;bělit;;;;
\;vlast_N;Vlastislav_N;*;%;;;;
\;výhoda_N;zvýhodnit_V;;výhodný;;;;
\;ozařovač_N;zářit_V;ozařovat;záře;;;;
\;zpívat_V;píseň_N;;pět;;;;
\;starý_A;stárka_N;;stárek;;;;
\;kalkulačka_N;kalkulátor_N;kalkulovat;kalkulovat;;;;
;dlouhý_A;podlouhlý_A;;;;;;
\;anexionizmus_N;anexní_A;anexe;anexe;;;;
\;přiměřený_A;příměr_N;přiměřit;přiměřit;;;;
\;rod_N;rozrod_N;rodit;rozrodit;;;;
\;ocet_N;octovatět_V;*;octový;;;;
\;denní_A;třídenní_A;den;%;;;;
\;Janek_None;jankovitý_A;Jan;janek;;;;
\;zdrhnout_V;drhat_V;;;;;;
\;hořet_V;oharek_N;;;;;;
\;význam_N;zbezvýznamnit_V;;bezvýznamný;;;;
\;vznikat_V;vynikat_V;;;;;;
\;štuk_N;štukatér_N;;štukovat;;;;
\;škvára_N;škvarek_N;škvařit;škvařit;;;;
\;lexikologie_NC;lexikální_A;%;lexikum;;;;
\;saponin_N;saponát_N;;;;;;
\;chvat_N;uchvátit_V;;chvátit;;;;
\;pysk_N;pyj_N;;;;;;
\;Štefan_N;Štěpán_N;;;;;;
\;žena_N;zženštit_V;*;ženský;;;;
\;českolipský_AC;Českolipsko_N;%;%;;;;
\;Uh_N;Užhorod_N;;;;;;
\;akceptovatelný_A;akceptor_N;akceptovat;akceptovat;;;;
\;spáleniště_N;pálit_V;spálit;;;;;
\;jelen_N;laň_N;;;;;;
\;žlutý_A;žluva_N;;;;;;
\;krk_N;Krkonoše_N;;;;;;
\;slech_N;přeslech_N;slyšet;přeslechnout;;;;
\;lid_N;zlidovět_V;*;lidový;;;;
\;lože_N;děloha_N;ležet;;;;;
\;vybít_V;vybíjená_N;bít;vybíjet;;;;
\;zhebnout_V;hebký_A;;;;;;
\;šprcka_N;prcat_V;;;;;;
\;propagátor_N;propaganda_N;propagovat;propagovat;;;;
\;prs_N;poprsník_N;;poprsí;;;;
\;vyfoukat_V;výfuk_N;foukat;vyfukovat;;;;
\;lazaret_N;Lazar_N;lazar;;;;;
\;Řehoř_N;Řehák_N;;;;;;
\;sto_C;Stowasser_N;;;;;;
\;rádiový_A;rádium_N;rádio;;;;;
;tisk_N;soutisk_N;;;;;;
\;souhrn_N;hrnout_V;shrnout;;;;;
\;Tomáš_N;Tomeš_N;;;;;;
\;dech_N;vdech_N;;vdechnout;;;;
;značný_A;význačný_A;značit;;;;;
\;marka_N;markýrovat_V;;;;;;
\;psychóza_N;psychika_N;;;;;;
\;sytý_A;nenasytný_A;;nasytit;;;;
\;dudlík_N;dumlat_V;dudlat;;;;;
\;koncipient_N;koncept_N;%;%;;;;
\;Růžena_N;růže_N;;;;;;
\;rezavět_V;nerez_A;rez;nerezavějící;;;;
\;choroba_N;choromyslný_A;chorý;%;;;;
\;federace_N;federalismus_N;;federální;;;;
\;doba_N;nádoba_N;;;;;;
;smrt_N;smrtící_A;mřít;;;;;
;vzájemný_A;navzájem_D;;;;;;
\;banka_N;bankomat_N;;%;;;;
\;tatar_N;Tatarka_N;Tatar;Tatar;;;;
\;letucha_N;poletucha_N;létat;létat;;;;
\;rezavý_A;zrzavý_A;rez;;;;;
\;veganský_A;veganství_N;vegan;vegan;;;;
\;škemrat_V;žebrat_V;;;;;;
\;Řehoř_N;Říha_N;;;;;;
\;kynout_V;pokyn_N;;pokynout;;;;
;bříza_N;březen_N;;;;;;
\;gala_N;galantní_A;;;;;;
\;akt_N;aktuální_A;;;;;;
\;pohoří_N;shůry_D;hora;hora;;;;
\;Pankrác_N;Servác_N;;;;;;
\;leckdy_D;lecjak_D;%;%;;;;
;zelený_A;nazelenalý_A;;;;;;
\;říct_V;prorok_N;;;;;;
\;znechutit_V;nechutenství_N;nechutný;chutnat;;;;
\;subdodávka_N;subdodavatel_N;dodávka;dodavatel;;;;
\;duchcovský_A;Duchcovan_N;Duchcov;Duchcov;;;;
\;pět_V;spět_V;;;;;;
\;blogovat_V;blogger_N;blog;blog;;;;
\;spoušť_N;pustošit_V;spustit;pustý;;;;
\;etymologie_NC;etymologizovat_V;%;etymologický;;;;
\;potlach_N;tlachat_V;;;;;;
\;stálý_A;neustálý_A;stát;neustat;;;;
\;záducha_N;zádušný_A;;duše;;;;
\;znenadání_D;nenadálý_A;nadít;nadít;;;;
\;splavný_A;splávek_N;splavit;splavit;;;;
\;Petr_N;Petronila_N;;;;;;
\;běh_N;doběh_N;běžet;doběhnout;;;;
\;splést_V;spletitý_A;plést;spleť;;;;
\;tak_None;tolik_D;;;;;;
\;mizerný_A;miserere_V;mizera;*;;;;
\;Blažej_N;Blažeková_N;;Blažek;;;;
\;imbecil_N;debil_N;;;;;;
\;beryl_N;beryllium_N;;;;;;
\;hajzlpapír_N;papír_N;%;;;;;
\;dalajlama_N;lama_N;%;;;;;
§;pastvina_N;pást_V;;*;;;;
\;přeprodejce_N;přeprodej_N;přeprodávat;přeprodávat;;;;
\;infopanel_NC;panel_N;%;%;;;;
§;irkutský_A;Irkutsk_N;;;;;;
§;lenost_N;líný_A;;;;;;
§;kredencká_N;kredenc_N;;;;;;
§;oblouk_N;oblý_A;;;;;;
§;soukolí_N;kolo_N;;;;;;
§;kalhotky_N;kalhoty_N;;;;;;
§;abortivní_A;abortus_N;;;;;;
\;chámovod_N;chám_N;%;;;;;
§;havanský_A;Havana_N;;;;;;
§;zajisté_T;jistý_A;;;;;;
§;Bedřiška_N;Bedřich_N;;;;;;
\;ionosféra_N;iont_N;%;;;;;
§;institucionální_A;instituce_N;;;;;;
§;diktát_N;diktovat_V;;;;;;
§;krovka_N;krýt_V;;;;;;
§;sezónní_A;sezona_N;;;;;;
;dudy_N;dudat_V;;;;;;
\;mayovka_N;May_N;Mayův;;;;;
§;otýpečka_N;otýpka_N;;otep;;;;
§;Šafář_N;šafář_N;;;;;;
§;rentiér_N;renta_N;;;;;;
§;policejní_A;policie_N;;;;;;
\;jednorožec_N;roh_N;%;;;;;
§;Alžířan_N;Alžír_N;;;;;;
§;rabínský_A;rabi_N;rabín;;;;;
\;bankéř_N;bank_N;banka;;;;;
§;avunkulokalita_N;avunkulokální_A;;%;;;;
§;bordeauxský_A;Bordeaux_N;;;;;;
§;kyrysar_N;kyrys_N;;;;;;
§;heligonka_N;heligón_N;;;;;;
\;zlatokop_N;kopat_V;%;;;;;
§;ekvádorský_A;Ekvádor_N;;;;;;
§;sviňák_N;svině_N;;;;;;
§;výstružník_N;vystružit_V;;;;;;
\;hladomor_N;hlad_N;%;;;;;
\;kvantitativní_A;kvantum_N;kvantita;;;;;
§;tloušťka_N;tlustý_A;;;;;;
§;kotoul_N;kutálet_V;;;;;;
;rys_N;rýsovat_V;;;;;;
§;vyšehradský_A;Vyšehrad_N;;;;;;
§;velšský_A;Wales_N;;;;;;
§;Pivrncová_N;Pivrnec_N;;;;;;
§;mělnický_A;Mělník_N;;;;;;
§;přadlena_N;příst_V;;;;;;
§;aromatický_A;aróma_N;;;;;;
§;hudební_A;hudba_N;;houst;;;;
§;kotangens_N;tangens_N;;;;;;
§;mediální_A;médium_N;;;;;;
§;dvořan_N;dvůr_N;;;;;;
\;divoženka_N;divý_A;%;;;;;
§;tamější_A;tam_D;;;;;;
§;pekelný_A;peklo_N;;;;;;
\;gotický_A;Gót_N;gotika;;;;;
§;sendvičovač_N;sendvič_N;;;;;;
§;korejština_N;Korea_N;;;;;;
§;kojná_N;kojit_V;;;;;;
§;čnělka_N;čnít_V;;;;;;
§;píchačky_N;píchat_V;;;;;;
\;judaismus_N;Judea_N;Juda;;;;;
§;štěpkovač_N;štěpka_N;;štěpit;;;;
§;tísnit_V;tíseň_N;;těsný;;;;
§;belgický_A;Belgie_N;;;;;;
§;jachting_N;jachta_N;;;;;;
\;sopranistka_N;soprán_N;sopranista;;;;;
§;mazurský_A;Mazury_N;;;;;;
§;teletník_NC;tele_N;;;;;;
§;kapat_V;kápnout_V;;;;;;
§;zeleň_N;zelený_A;;;;;;
§;aramejský_A;Aram_N;;;;;;
§;kližka_N;klih_N;;;;;;
\;interdisciplinární_AC;disciplína_N;%;;;;;
§;Úpice_N;Úpa_N;;;;;;
§;duchovní_N;duch_N;;;;;;
\;bosenština_N;Bosna_N;bosenský;;;;;
\;diapozitiv_NC;pozitiv_N;%;pozitivní;;;;
§;lechtivý_A;lechtat_V;;;;;;
§;mankař_N;manko_N;;;;;;
§;pícnina_N;píce_N;;;;;;
§;Straka_N;straka_N;;;;;;
§;uranizmus_N;Uran_N;;;;;;
§;managujský_A;Managua_N;;;;;;
§;gothajský_A;Gotha_N;;;;;;
§;Londýňan_N;Londýn_N;;;;;;
§;hliník_N;hlína_N;;;;;;
§;fantastický_A;fantazie_N;;;;;;
§;mysl_N;myslet_V;;;;;;
\;Zubří_N;zubr_N;zubří;;;;;
§;komentář_N;komentovat_V;;;;;;
§;skartovačka_N;skartovat_V;;;;;;
§;Jamajčan_N;Jamajka_N;;;;;;
§;apokalyptický_A;apokalypsa_N;;;;;;
\;lexikografie_NC;lexikon_N;%;;;;;
§;paštikárna_N;paštika_N;;;;;;
\;trdliště_N;třít_V;;;;;;
§;mlat_N;mlátit_V;;;;;;
§;dalmatský_A;Dalmácie_N;;;;;;
§;vzápětí_D;zápětí_N;;pata;;;;
§;moto_N;motto_N;;;;;;
§;flotila_N;flota_N;;;;;;
§;kopiník_N;kopí_N;;;;;;
§;benátský_A;Benátky_N;;;;;;
§;šalamoun_N;Šalamoun_N;;;;;;
§;sestup_N;sestoupit_V;;;;;;
§;Marťan_N;Mars_N;;;;;;
§;gangster_N;gang_N;;;;;;
§;zatarasit_V;taras_N;;;;;;
§;křesat_V;křísnout_V;;;;;;
\;ultralehký_AC;lehký_A;%;;;;;
§;mourek_N;mour_N;;;;;;
§;relikviář_N;relikvie_N;;;;;;
§;brouzdaliště_N;brouzdat_V;;;;;;
§;rejdy_N;rejdit_V;;;;;;
§;čenstochovský_A;Čenstochová_N;;Čenstoch;;;;
§;zvíře_N;zvěř_N;;*;;;;
;Adam_N;adamita_N;;;;;;
;Adolf_N;Adolfina_N;;;;;;
;aktivní_A;proaktivní_A;;;;;;
;Alexandra_N;Alexa_N;;;;;;
\;alfa_N;alfabeta_N;*;%;;;;
;algoritmus_N;algoritmizovat_V;;;;;;
;Alžběta_N;alžbětinka_N;;;;;;
\;Američan_N;Iroameričan_N;Amerika;%;;;;
;archaický_A;archaikum_N;;;;;;
;Atlas_N;Atlantův_A;;;;;;
;atraktivní_A;zatraktivnit_V;;;;;;
;austromarxizmus_NC;austromarxista_N;%;;;;;
;Babiš_N;babišovec_N;;;;;;
;Babylónie_N;Babylóňan_N;Babylón;;;;;
;báječný_A;bájo_A;;;;;;
;Barbora_N;Barunka_N;;;;;;
;Barbora_N;Bára_N;;;;;;
\;Barbora_N;barborka_N;Barborka;;;;;
;bdít_V;bedlivý_A;;;;;;
;Benátky_None;Benátsko_N;;;;;;
\;bidlo_N;slonbidlo_N;bít;%;;;;
;bidlo_N;bidélko_N;bít;;;;;
;bílek_N;bílkovina_N;bílý;;;;;
;blokovat_V;blokáda_N;blok;;;;;
;bob_N;bobule_N;;;;;;
;bodat_V;bodlina_N;;;;;;
;bohatý_A;bohatýr_N;;;;;;
;borovička_N;Borovička_N;borovice;;;;;
\;box_N;babybox_N;;%;;;;
;brnění_N;obrnit_V;*;;;;;
;brojit_V;zbrojit_V;;;;;;
;brzy_D;brzký_A;;;;;;
\;břicho_N;břichopásek_N;;%;;;;
\;bůh_N;bohorovný_A;*;%;;;;
\;buk_N;Bukovice_N;;bukový;;;;
;buňka_N;buničina_N;;;;;;
;být_V;budoucí_A;*;;;;;
;céva_N;cívka_N;;;;;;
;cíl_N;cílevědomý_A;;%;;;;
;cizí_A;odcizit_V;*;;;;;
\;cop_N;copánek_N;*;cůpek;;;;
;cpát_V;ucpat_V;;;;;;
;čáp_N;čapí_A;*;;;;;
;čas_N;načas_D;*;;;;;
;čas_N;dočasný_A;*;;;;;
;černý_A;černava_N;;;;;;
\;červený_A;žlutočervený_A;;%;;;;
;červený_A;červeň_N;;;;;;
;člověk_N;nadčlověk_N;;;;;;
\;dáma_N;bardáma_N;;%;;;;
;darmo_None;zadarmo_D;;;;;;
;deci_N;decák_N;;;;;;
;defilé_N;defilírka_N;;;;;;
;dějiny_N;dějinný_A;děj;;;;;
;denaturovaný_A;denaturák_N;;;;;;
;déšť_N;deštivý_A;;;;;;
;diftong_N;diftongizace_N;%;;;;;
;disponovat_V;dispozice_N;%;;;;;
\;dlouhý_A;sáhodlouhý_A;;%;;;;
;dluh_N;dlužní_A;;;;;;
;doba_N;období_N;;;;;;
;dojíždět_V;dojížďka_N;jezdit;;;;;
;doktrína_N;doktrinář_N;;;;;;
;doraz_N;nadoraz_D;dorazit;;;;;
;dostatek_N;sdostatek_D;dostat;;;;;
\;drbat_V;Drbohlav_N;;%;;;;
;droby_N;drůbky_N;;;;;;
;držet_V;soudržný_A;;;;;;
\;dřít_V;zdírat_V;;zedrat;;;;
;dub_N;doubí_N;*;;;;;
;důvod_N;bezdůvodný_A;dovodit;;;;;
;dynamo_N;dynamika_N;;;;;;
;Eden_N;eden_N;;;;;;
;energie_N;energetika_N;;;;;;
;farmacie_N;farmaceut_N;;;;;;
;favorit_N;favorizovat_V;;;;;;
\;finský_A;baltofinský_A;Finsko;%;;;;
;Florencie_None;Florenťan_N;;;;;;
;fosfor_N;fosfát_N;;;;;;
;foukat_V;dofoukat_V;;;;;;
;foukat_V;fukar_N;;;;;;
;funkce_N;funkcionalismus_N;fungovat;;;;;
;galaxie_N;Galaxie_N;;;;;;
;habr_N;Habrůvka_N;;;;;;
\;hajzl_N;hajzldědek_N;;%;;;;
;hák_N;zaháknout_V;;;;;;
;harfa_N;harfenista_N;;;;;;
\;hlava_N;jednohlavý_A;*;%;;;;
\;hlava_N;sedmihlavý_A;*;%;;;;
;hlava_N;hlavoun_N;*;;;;;
;hlen_N;zahlenit_V;;;;;;
;hnát_N;předehnat_V;;;;;;
;hnát_V;nadehnat_V;;;;;;
;hnedle_D;hnedlinko_D;hned;;;;;
;hnědý_A;dohněda_D;;;;;;
\;hodit_V;odhoz_N;;odhodit;;;;
;Holyně_N;holyňský_A;holý;;;;;
\;hovno_N;hovnivál_N;;%;;;;
;hrách_N;hrachor_N;;;;;;
;hranice_N;Hranice_N;;;;;;
;hrdý_A;pohrdat_V;;;;;;
;hruška_N;Hruška_N;;;;;;
\;husa_N;husopas_N;;%;;;;
;hvězda_N;souhvězdí_N;;;;;;
\;hydrát_N;dihydrát_N;;%;;;;
;chcát_V;vychcat_V;;;;;;
;chléb_N;pochlebovat_V;*;;;;;
;chléb_N;chlebnatý_A;*;;;;;
;chlór_N;chlorečnan_N;;;;;;
;chlór_N;chlorid_N;;;;;;
\;chlup_N;ochlupení_N;;ochlupit;;;;
;chuť_N;příchuť_N;;;;;;
;chuť_N;pachuť_N;;;;;;
;chválit_V;vynachválit_V;;;;;;
;chvíle_N;dochvilný_A;;;;;;
;instalovat_V;instalatér_N;;;;;;
;jádro_N;jádřinec_N;;;;;;
\;jasný_A;jasnovidec_N;;%;;;;
;játra_N;jaterník_N;;;;;;
;játra_N;jaterní_A;;;;;;
\;jazyk_N;tříjazyčný_A;;%;;;;
\;jazyk_N;jednojazyčný_A;;%;;;;
;jezdit_V;pojízdný_A;;;;;;
;Jidáš_N;jidáš_N;;;;;;
;jímat_V;vnímat_V;;;;;;
;jiskra_N;jiskérka_N;;;;;;
;jméno_N;příjmení_N;;;;;;
\;kajak_N;deblkajak_N;;%;;;;
;kalich_N;kališní_A;;;;;;
;kámen_N;kamenina_N;;;;;;
;kámen_N;kameniště_N;;;;;;
;kamión_N;kamioňák_N;;;;;;
;kamna_N;kamínka_N;;;;;;
;kapsa_N;kapesník_N;;;;;;
;Karel_N;Kája_N;;;;;;
;kasa_N;kasírovat_V;;;;;;
;Káthmándú_N;káthmándský_A;;;;;;
;kázeň_N;ukáznit_V;;;;;;
;kde_P;kdesi_D;*;;;;;
;klec_N;klícka_N;;;;;;
\;klinika_N;poliklinika_N;;%;;;;
;kobyla_N;Kobylníky_N;;;;;;
;kokeš_N;Kokeš_N;;;;;;
;koleno_N;pokolení_N;;;;;;
\;kolo_N;kolomaz_N;;%;;;;
;kolo_N;okolí_N;;;;;;
;kolo_N;dokola_D;;;;;;
;komora_N;komorník_N;;;;;;
;konzervativní_A;konzervativec_N;;;;;;
;kopec_N;Kopecký_N;;;;;;
;kořalka_N;kořalenka_N;kořala;;;;;
;kost_N;kostlín_N;;;;;;
\;kost_N;Kostomlaty_N;;%;;;;
\;kost_N;kostižer_N;;%;;;;
;krájet_V;překrojit_V;;;;;;
;krájet_V;vykrojit_V;;;;;;
;krev_N;krvinka_N;;;;;;
;krev_N;krvák_N;;;;;;
\;krmit_V;výkrm_N;;vykrmit;;;;
;krmit_V;pokrm_N;;;;;;
;krok_N;překročit_V;;;;;;
;krov_N;podkroví_N;;;;;;
;Kryštof_N;Kryštůfek_N;;;;;;
;křesadlo_N;Křesadlo_N;křesat;;;;;
\;křesťan_N;židokřesťan_N;;%;;;;
;kříž_N;křižák_N;;;;;;
\;křovina_N;křovinořez_N;křoví;%;;;;
;kuchař_N;Kuchař_N;kuchyně;;;;;
;kůň_N;podkoní_N;;;;;;
\;kůň_N;konipas_N;;%;;;;
;kůra_N;korek_N;;;;;;
\;kůra_N;bělokorý_A;;%;;;;
;kůže_N;kůžař_N;;;;;;
\;kužel_N;kuželosečka_N;;%;;;;
;kvadrát_N;kvadratický_A;;;;;;
;kvák_I;kvákat_V;*;;;;;
;kvalita_N;zkvalitnit_V;;;;;;
\;látat_V;látka_N;*;;;;;
;legitimace_N;legitka_N;legitimovat;;;;;
;lem_N;límec_N;;;;;;
;lepra_N;leprózní_A;;;;;;
;les_N;zalesnit_V;;;;;;
;les_N;zálesák_N;;;;;;
;lest_N;lstivý_A;;;;;;
\;let_N;přelet_N;letět;přeletět;;;;
;levný_A;zlevnit_V;;;;;;
;levý_A;zleva_D;;;;;;
\;lhát_V;lež_N;;;;;;
;lhát_V;nalhat_V;;;;;;
;líbat_V;líbánky_N;;;;;;
;libra_N;liberka_N;;;;;;
\;liga_N;Bundesliga_N;;%;;;;
\;litr_N;hektolitr_N;;%;;;;
;lízat_V;liz_N;;;;;;
;lobby_N;lobbizmus_N;;;;;;
;lučba_N;lučebnina_N;loučit;;;;;
;lučba_N;lučebník_N;;;;;;
\;lymfocyt_NC;lymfa_N;%;;;;;
;mačkat_V;zmačkat_V;;;;;;
;Maďar_N;pomaďarštit_V;;maďarský;;;;
;mandarín_N;mandarinka_N;;;;;;
\;máslo_N;máslovník_N;;máslový;;;;
;maso_N;masařka_N;;;;;;
;mekat_V;pomekávat_V;;;;;;
;Melanésie_N;melanéský_A;;;;;;
;Mělník_None;Mělničan_N;;;;;;
;meritokracie_NC;meritokratický_A;%;;;;;
\;mést_V;zametat_V;;zamést;;;;
;město_N;měšťan_N;;;;;;
;město_N;měšťák_N;;;;;;
;mez_N;pomezí_N;;;;;;
;míč_N;mičuda_N;;;;;;
;Mikuláš_N;mikulášský_A;;;;;;
\;mile_D;milerád_A;milý;%;;;;
\;mistr_N;exmistr_N;;%;;;;
;mnich_N;mnišstvo_N;*;;;;;
\;moc_D;mocipán_N;;%;;;;
;moderní_A;modernizovat_V;móda;;;;;
;modrý_A;Modřice_N;;;;;;
\;moře_N;mořeplavec_N;;%;;;;
;moře_N;námořní_A;;;;;;
;moucha_N;muška_N;;;;;;
;mozek_N;bezmozek_N;;;;;;
\;mráz_N;Mrázková_N;;Mrázek;;;;
;mrtvý_A;mrtvola_N;;;;;;
;mužik_N;mužický_A;;;;;;
;mzda_N;námezdní_A;;;;;;
;Naděžda_N;Naďa_N;;;;;;
\;nadchnout_V;prodchnout_V;dech;dech;;;;
;ňadra_N;ňadratý_A;ňadro;;;;;
;ňadro_N;záňadří_N;;;;;;
;nahý_A;nahotina_N;;;;;;
;nalézt_V;naleziště_N;;;;;;
;návěstí_N;návěstidlo_N;;;;;;
;Neptun_N;neptunium_N;;;;;;
;nezdvořilý_A;nezdvořák_N;zdvořilý;;;;;
;noha_N;snožmo_D;;;;;;
\;noha_N;třínohý_A;;%;;;;
\;noha_N;šestinohý_A;;%;;;;
\;noha_N;jednonohý_A;;%;;;;
;noha_N;zanožit_V;;;;;;
;nohavice_N;Nohavica_N;noha;;;;;
\;notebook_N;netbook_N;%;%;;;;
;nutit_V;nutkat_V;;;;;;
;nůžky_N;nůžtičky_N;nůž;;;;;
;obávat_V;obava_N;bát;;;;;
;obecný_A;obecenstvo_N;obec;;;;;
;obchvátit_V;obchvat_N;;;;;;
;obyčej_N;nadobyčej_D;;;;;;
;ocas_N;bezocasý_A;;;;;;
\;ocet_N;octomilka_N;;%;;;;
;odbýt_V;neodbytný_A;;;;;;
;odebrat_V;odběr_N;brát;;;;;
\;oficiálně_D;oficína_N;oficiální;;;;;
;ohled_N;bezohledný_A;ohlédnout;;;;;
;ohybník_N;ohýbadlo_N;ohýbat;ohýbat;;;;
;oko_N;zočit_V;*;;;;;
;oktáva_N;oktaván_N;;;;;;
;opice_N;opičárna_N;;;;;;
;oprať_N;oprátka_N;;;;;;
;orel_N;orlíče_N;;;;;;
;orchestr_N;orchestrion_N;;;;;;
;ostrov_N;Ostrov_N;;;;;;
\;oxid_N;dioxid_N;;%;;;;
;ožralý_A;ožralství_N;;;;;;
;padat_V;vpadat_V;;;;;;
;padat_V;padoucnice_N;;;;;;
;Palermo_N;palermský_A;;;;;;
;paměť_N;zpaměti_D;;;;;;
\;paměť_N;upomínat_V;;pomnít;;;;
\;pánbůh_N;pánbíček_N;%;;;;;
;pancíř_N;pancéřovat_V;;;;;;
;paradigma_N;paradigmatika_N;;;;;;
;párat_V;Páral_N;;;;;;
;Pardubice_N;Pardubák_N;;;;;;
;part_N;partitura_N;;;;;;
;pašovat_V;pašerák_N;;;;;;
;Patrik_N;Patricie_N;;;;;;
;páv_N;Páv_N;;;;;;
;páv_N;paví_A;;;;;;
;Pavel_N;Pája_N;;;;;;
\;pech_N;pechfógl_N;;%;;;;
;pestrý_A;přepestrý_A;;;;;;
\;pět_C;pětidenní_A;;%;;;;
\;pět_C;pětiúhelník_N;;%;;;;
\;piano_N;fortepiano_D;;%;;;;
;píča_N;píčovina_N;;;;;;
\;pilot_N;kopilot_N;;%;;;;
\;plášť_N;černopláštník_N;;%;;;;
;plíseň_N;plesnivý_A;;;;;;
\;plnoštíhlý_AC;štíhlý_A;%;;;;;
;plod_N;oplodí_N;;;;;;
;podlaha_N;podlaží_N;;;;;;
;pohrozit_V;pohrůžka_N;hrozit;;;;;
\;pól_N;dipól_N;;%;;;;
;pór_N;porézní_A;;;;;;
;poručík_N;nadporučík_N;poroučet;;;;;
;poslední_A;předposlední_A;;;;;;
;postel_N;postýlka_N;postlat;;;;;
;prase_N;prasečit_V;;;;;;
;prase_N;prasečkář_N;;;;;;
;právo_N;bezpráví_N;pravý;;;;;
;prelát_N;prelatura_N;*;;;;;
\;premiér_N;expremiér_N;;%;;;;
\;prezident_N;exprezident_N;;%;;;;
;provaz_N;provázek_N;*;;;;;
;prs_N;podprsenka_N;*;;;;;
;prs_N;poprsí_N;*;;;;;
\;prst_N;vratiprst_N;;%;;;;
;prst_N;záprstní_A;;;;;;
;první_C;prvenství_N;;;;;;
;předmět_N;bezpředmětný_A;;;;;;
;přehlédnout_V;přehlídka_N;hledět;;;;;
;překroutit_V;překrucovat_V;kroutit;;;;;
;přes_R;přesmoc_D;;;;;;
;přesný_A;upřesnit_V;;;;;;
;přesný_A;zpřesnit_V;;;;;;
;příbor_N;Příbor_N;brát;;;;;
;příbuzný_N;příbuzenský_A;;;;;;
;přidat_V;přídavek_N;dát;;;;;
;příst_V;přadlena_N;;;;;;
;příští_A;přespříští_A;;;;;;
;přízeň_N;příznivý_A;;;;;;
;psát_V;propsat_V;;;;;;
;ptát_V;optat_V;;;;;;
\;pult_N;barpult_N;;%;;;;
;punčocha_N;punčocháče_N;;;;;;
\;puška_N;puškohled_N;;%;;;;
;raketa_N;rachomejtle_N;;;;;;
;ráno_N;raníčko_N;raný;;;;;
;ratolest_N;ratolístka_N;;;;;;
;režie_N;režírovat_V;;;;;;
\;rodička_N;prvorodička_N;rodit;%;;;;
\;román_N;romanopisec_N;;%;;;;
;ropucha_N;ropušník_N;;;;;;
;ropucha_N;ropušák_N;;;;;;
\;rotmistr_N;nadrotmistr_N;%;;;;;
;rozptýlit_V;rozptyl_N;;;;;;
;rozum_N;nerozum_N;rozumět;;;;;
;Rudolf_N;Rudolfinum_N;;;;;;
\;růst_N;srůst_V;;růst;;;;
;růžový_A;růženín_N;růže;;;;;
;Rýn_N;Porýní_N;;;;;;
;řád_N;pořádat_V;;;;;;
;řepa_N;Řepa_N;;;;;;
;řetěz_N;řetízek_N;;;;;;
\;řezat_V;nářez_N;;nařezat;;;;
\;řezat_V;pořez_N;;pořezat;;;;
;samostatný_AC;zesamostatnit_V;%;;;;;
;Sázava_N;Posázaví_N;;;;;;
;sekat_V;sesekat_V;;;;;;
\;seminář_N;seminárka_N;;seminární;;;;
;seminář_N;seminarista_N;;;;;;
;sen_N;bezesný_A;;;;;;
;sídlo_N;sídliště_N;;;;;;
\;síra_N;sírovodík_N;;%;;;;
;síť_N;vsítit_V;;;;;;
;skýtat_V;poskytnout_V;;;;;;
\;sladký_A;polosladký_D;;%;;;;
;Slaný_None;Slánsko_N;slaný;;;;;
;slavík_N;Slavičín_N;;;;;;
;slíva_N;slivovice_N;;;;;;
;slunce_N;odsluní_N;;;;;;
;služba_N;služebný_N;sloužit;;;;;
;směs_N;vesměs_D;smísit;;;;;
;smrt_N;usmrtit_V;mřít;;;;;
;Soběslav_N;soběslavský_A;%;;;;;
;soudce_N;soudcová_N;soudit;;;;;
;spát_V;přespat_V;;;;;;
;spát_V;zaspat_V;;;;;;
\;sperma_N;spermabanka_N;;%;;;;
;spořit_V;Spořilov_N;;;;;;
;srst_N;bezsrstý_A;;;;;;
;starosta_N;starostenský_A;;;;;;
\;stav_N;soustava_N;stát;sestávat;;;;
;stehno_N;stehenní_A;;;;;;
\;stlát_V;postel_N;;postlat;;;;
;stlát_V;zastlat_V;;;;;;
\;strana_N;půlstrana_N;;%;;;;
;strýc_N;strejda_N;;;;;;
;střílet_V;Střelice_N;;;;;;
;Studénka_N;studénecký_A;;;;;;
;stupeň_N;stupňovitý_A;;;;;;
;svačina_N;svačit_V;;;;;;
;Svatopluk_N;Sváťa_N;;;;;;
;svědek_N;svědčit_V;;;;;;
;svině_N;podsvinče_N;;;;;;
\;sympatický_A;parasympatický_A;;%;;;;
;sýr_N;syreček_N;;;;;;
;Šalamoun_N;šalamoun_N;;;;;;
\;šéf_N;exšéf_N;;%;;;;
;šeptat_V;šeptmo_D;;;;;;
;šev_N;bezešvý_A;šít;;;;;
;šikovný_A;šikula_N;;;;;;
;šíp_N;Šíp_N;;;;;;
;šít_V;šev_N;;;;;;
;škubat_V;škubánek_N;;;;;;
\;šlapat_V;tichošlápek_N;;%;;;;
;štědrý_A;uštědřit_V;;;;;;
;štvát_V;rozeštvat_V;;;;;;
;Švejk_N;švejkovat_V;;;;;;
\;táhnout_V;zátah_N;;zatáhnout;;;;
;táta_N;taťka_N;;;;;;
;Tbilisi_N;Tbilisan_N;;;;;;
;teorie_N;teoretik_N;;;;;;
;tepláky_N;tepláčky_N;teplý;;;;;
;tepna_N;tepenný_A;tepat;;;;;
;tepna_N;tepénka_N;tepat;;;;;
\;těsný_A;zvukotěsný_A;;%;;;;
\;tisk_N;sítotisk_N;tisknout;%;;;;
\;tisk_N;přetisk_N;tisknout;%;;;;
;tíže_N;beztíže_N;těžký;;;;;
;Tomáš_N;Tom_N;;;;;;
;Tonga_N;tonžský_A;;;;;;
\;torpédo_N;torpédomet_N;;%;;;;
;Toulouse_N;toulouský_A;;;;;;
;tráva_N;travina_N;;;;;;
;trocha_N;trochu_D;;;;;;
;třída_N;podtřída_N;třídit;;;;;
;tuba_N;intubace_N;;;;;;
\;tucet_N;půltucet_N;;%;;;;
;týkat_V;potýkat_V;;;;;;
;typ_N;podtyp_N;;;;;;
;učitel_N;podučitel_N;učit;;;;;
;udeřit_V;úder_N;;;;;;
;uchopit_V;úchop_N;chopit;;;;;
;ultimátum_N;ultimativní_A;;;;;;
;unie_N;unionismus_N;;;;;;
;utlumit_V;útlum_N;tlumit;;;;;
;uzda_N;bezuzdný_A;;;;;;
;Václav_N;Václavský_N;;;;;;
;váha_N;nadváha_N;;;;;;
\;válec_N;dvanáctiválec_N;válet;%;;;;
;varhany_N;varhánky_N;;;;;;
;vázat_V;vaz_N;;;;;;
;včera_D;předevčírem_D;;;;;;
;Velvary_N;velvarský_A;;;;;;
;vepř_N;vepřové_N;;;;;;
\;ves_N;Běloves_N;;%;;;;
;veš_N;zavšivit_V;;;;;;
;viditelný_A;zviditelnit_V;;;;;;
;vitamín_N;avitaminóza_N;;;;;;
;vítr_N;bezvětří_N;;;;;;
;vítr_N;povětroň_N;;;;;;
;vítr_N;závětří_N;;;;;;
;vláda_N;bezvládí_N;vládnout;;;;;
\;voj_N;vévoda_N;vést;%;;;;
;Vojtěch_N;Vojtíšek_N;;;;;;
;Volha_N;Povolží_N;;;;;;
\;volič_N;prvovolič_N;;%;;;;
;vrch_N;povrch_N;;;;;;
;vřes_N;Vřesovice_N;;;;;;
;Vsacko_None;vsacký_A;;;;;;
;vtip_N;vtípek_N;;;;;;
;vyhnat_V;výhon_N;hnát;;;;;
;vymýtit_V;vymycovat_V;mýtit;;;;;
;vyučit_V;výuka_N;učit;;;;;
;zabrat_V;záběr_N;brát;;;;;
;zákon_N;uzákonit_V;;;;;;
;zastřelit_V;zástřelné_N;střelit;;;;;
;zatarasit_V;zátaras_N;;;;;;
;zavalit_V;zával_N;valit;;;;;
;Zdeněk_N;Zdenda_N;;;;;;
;zdýmat_V;zdymadlo_N;;;;;;
\;zem_N;černozem_N;;%;;;;
\;zem_N;hnědozem_N;;%;;;;
;země_N;přízemí_N;;;;;;
;země_N;zázemí_N;;;;;;
;zemřít_V;zmírat_V;mřít;;;;;
;Zeus_N;Diův_A;;;;;;
;zkoumat_V;zkumavka_N;koumat;;;;;
;zlatý_N;zlatulenký_A;;;;;;
;znak_N;naznak_D;;;;;;
;znát_V;známý_A;;;;;;
;zrcadlo_N;zrcátko_N;zřít;;;;;
;zřít_V;zřitel_N;;;;;;
\;ztékat_V;zteč_N;;ztéci;;;;
\;zub_N;kolozubý_A;;%;;;;
;zvuk_N;pazvuk_N;;;;;;
;žádat_V;dožádat_A;;;;;;
;žalm_N;žaltář_N;;;;;;
;žandarmerie_N;žandarmeristický_A;žandarm;;;;;
;žnout_V;žeň_N;;;;;;
;žold_N;žoldnéř_N;;;;;;
;žrát_V;vyžrat_V;;;;;;
;žrát_V;dožrat_V;;;;;;
;žůžo_A;žůžový_A;;;;;;
;žvýkat_V;sežvýkat_V;;;;;;
