# manuální anotace: 1. sloupec: @ = label nesprávně; % = label správně; ? = slovesné deminutivum za-
%	Šachrajov–N	Šachrajovův–A	poses.
%	krbařka–N	krbařčin–A	poses.
%	Morochovič–N	Morochovičův–A	poses.
%	Košťálek–N	Košťálkův–A	poses.
@	zatéci–V	zatékat–V	zdrob.
@	sekat–V	přesekat–V	zdrob.
%	tarifnice–N	tarifničin–A	poses.
?	luskat–V	zaluskat–V	zdrob.
%	Gadbois–N	Gadboisův–A	poses.
%	generativistka–N	generativistčin–A	poses.
?	pinkat–V	zapinkat–V	zdrob.
%	sommelierka–N	sommelierčin–A	poses.
%	Biševač–N	Biševačův–A	poses.
%	Mělničanka–N	Mělničančin–A	poses.
%	zbojníček–N	zbojníčkův–A	poses.
%	řemenatka–N	řemenatčin–A	poses.
@	lokat–V	vlokat–V	zdrob.
%	Chrabcov–N	Chrabcovův–A	poses.
@	klinkat–V	rozklinkat–V	zdrob.
%	Babylóňan–N	Babylóňanův–A	poses.
@	přepéci–V	přepékat–V	zdrob.
@	blýskat–V	vyblýskat–V	zdrob.
%	Hedčanka–N	Hedčančin–A	poses.
@	capkat–V	přicapkat–V	zdrob.
%	Anetka–N	Anetčin–A	poses.
%	okouzlovatel–N	okouzlovatelův–A	poses.
%	vyzraditelka–N	vyzraditelčin–A	poses.
@	drkat–V	vydrkat–V	zdrob.
@	sekat–V	zusekat–V	zdrob.
%	modrý–A	modroučký–A	zdrob.
%	kvintánka–N	kvintánčin–A	poses.
%	Velíšek–N	Velíškův–A	poses.
%	stepnice–N	stepničin–A	poses.
%	Barbaš–N	Barbašův–A	poses.
?	kuckat–V	zakuckat–V	zdrob.
@	otejkat–V	votejkat–V	zdrob.
@	spéci–V	spíkat–V	zdrob.
%	Bobik–N	Bobikův–A	poses.
%	Kornfeld–N	Kornfeldův–A	poses.
%	pilníkář–N	pilnikářův–A	poses.
%	Epameinóndás–N	Epameinóndův–A	poses.
%	navijákařka–N	navijákařčin–A	poses.
%	cenzorka–N	cenzorčin–A	poses.
%	tyčitel–N	tyčitelův–A	poses.
%	Otrokovičanka–N	Otrokovičančin–A	poses.
%	Gredler–N	Gredlerův–A	poses.
%	Pokorák–N	Pokorákův–A	poses.
%	rusofilka–N	rusofilčin–A	poses.
%	Lidunka–N	Lidunčin–A	poses.
%	Muzyka–N	Muzykův–A	poses.
%	ohňostrojařka–N	ohňostrojařčin–A	poses.
%	šéfdesignérka–N	šéfdesignérčin–A	poses.
@	žvýkat–V	užvýkat–V	zdrob.
@	zapéci–V	zapíkat–V	zdrob.
%	jmenovkyně–N	jmenovkynin–A	poses.
@	odmykat–V	zodmykat–V	zdrob.
%	langusta–N	langustin–A	poses.
%	Evropanka–N	Evropančin–A	poses.
%	Koraba–N	Korabův–A	poses.
%	rikšař–N	rikšařův–A	poses.
%	klerikálka–N	klerikálčin–A	poses.
%	vojtka–N	vojtčin–A	poses.
%	Chodorovič–N	Chodorovičův–A	poses.
%	předepisovatelka–N	předepisovatelčin–A	poses.
@	sekat–V	obsekat–V	zdrob.
@	odtlouci–V	odtloukat–V	zdrob.
@	říkat–V	vyříkat–V	zdrob.
%	Jehova–N	Jehovův–A	poses.
@	utíkat–V	rozutíkat–V	zdrob.
%	Makeda–N	Makedin–A	poses.
@	blýskat–V	problýskat–V	zdrob.
%	rampařka–N	rampařčin–A	poses.
@	cupkat–V	vcupkat–V	zdrob.
%	Tomaček–N	Tomačkův–A	poses.
%	vysloužilkyně–N	vysloužilkynin–A	poses.
@	blejskat–V	nablejskat–V	zdrob.
@	zatýkat–V	pozatýkat–V	zdrob.
@	cukat–V	pocukat–V	zdrob.
@	sykat–V	posykat–V	zdrob.
%	velkokněžna–N	velkokněžnin–A	poses.
%	plný–A	plničký–A	zdrob.
%	křehký–A	křehounký–A	zdrob.
%	Wickelmann–N	Wickelmannův–A	poses.
@	vztekat–V	rozvztekat–V	zdrob.
%	Dvořačka–N	Dvořaččin–A	poses.
%	Nuska–N	Nuskův–A	poses.
%	napodobovačka–N	napodobovaččin–A	poses.
%	Karakaševič–N	Karakaševičův–A	poses.
%	Klárinka–N	Klárinčin–A	poses.
%	Bradík–N	Bradíkův–A	poses.
@	capkat–V	vycapkat–V	zdrob.
%	skálolezkyně–N	skálolezkynin–A	poses.
@	stříkat–V	přestříkat–V	zdrob.
%	vlajkonoška–N	vlajkonoščin–A	poses.
@	hýkat–V	rozhýkat–V	zdrob.
%	zkostnatělkyně–N	zkostnatělkynin–A	poses.
%	Bronnie–N	Bronniin–A	poses.
%	Genscherka–N	Genscherčin–A	poses.
%	Leština–N	Leštinův–A	poses.
@	sekat–V	vsekat–V	zdrob.
%	mopedistka–N	mopedistčin–A	poses.
%	Bosiljka–N	Bosiljčin–A	poses.
@	připéci–V	připékat–V	zdrob.
%	Patagonec–N	Patagoncův–A	poses.
@	zatlouci–V	zatloukat–V	zdrob.
%	počišťovačka–N	počišťovaččin–A	poses.
%	foukačka–N	foukaččin–A	poses.
@	potloukat–V	napotloukat–V	zdrob.
%	snadný–A	snadňoučký–A	zdrob.
%	soutěžnice–N	soutěžničin–A	poses.
@	přitlouci–V	přitloukat–V	zdrob.
%	roztomilý–A	roztomiloučký–A	zdrob.
%	kolkařka–N	kolkařčin–A	poses.
@	čekat–V	pročekat–V	zdrob.
%	odečitatelka–N	odečitatelčin–A	poses.
%	Rusteika–N	Rusteikův–A	poses.
%	tvrdohlavka–N	tvrdohlavčin–A	poses.
%	Gerard–N	Gerardův–A	poses.
%	krčmář–N	krčmářův–A	poses.
%	Wehner–N	Wehnerův–A	poses.
%	recensent–N	recensentův–A	poses.
%	šoumenka–N	šoumenčin–A	poses.
%	trousička–N	trousiččin–A	poses.
%	bílý–A	běloučký–A	zdrob.
%	Havajanka–N	Havajančin–A	poses.
@	ťukat–V	doťukat–V	zdrob.
%	Jenner–N	Jennerův–A	poses.
@	soukat–V	usoukat–V	zdrob.
%	Gibb–N	Gibbův–A	poses.
%	Zénobiá–N	Zénobiin–A	poses.
%	Haasz–N	Haaszův–A	poses.
%	vochličkářka–N	vochličkářčin–A	poses.
%	brokerka–N	brokerčin–A	poses.
%	nevyzyvatelka–N	nevyzyvatelčin–A	poses.
@	rozpéci–V	rozpíkat–V	zdrob.
@	cvakat–V	vcvakat–V	zdrob.
@	dopéci–V	dopékat–V	zdrob.
@	skákat–V	vskákat–V	zdrob.
%	Arensberg–N	Arensbergův–A	poses.
%	Polc–N	Polcův–A	poses.
%	soutěžák–N	soutěžákův–A	poses.
%	čerstvý–A	čerstvoučký–A	zdrob.
%	Vachník–N	Vachníkův–A	poses.
%	elitářka–N	elitářčin–A	poses.
@	čekat–V	vyčkat–V	zdrob.
@	těkat–V	vytěkat–V	zdrob.
?	vrkat–V	zavrkat–V	zdrob.
%	zbožnovatelka–N	zbožnovatelčin–A	poses.
%	hardcoristka–N	hardcoristčin–A	poses.
%	ostrostřelec–N	ostrostřelcův–A	poses.
%	jezinka–N	jezinčin–A	poses.
%	Mikes–N	Mikesův–A	poses.
@	vymést–V	vymetat–V	zdrob.
%	Vendka–N	Vendčin–A	poses.
%	rolničkářka–N	rolničkářčin–A	poses.
@	capkat–V	rozcapkat–V	zdrob.
%	protokolistka–N	protokolistčin–A	poses.
%	Benita–N	Benitin–A	poses.
%	Tomaštík–N	Tomaštíkův–A	poses.
%	kartuziánka–N	kartuziánčin–A	poses.
@	přetéci–V	přetékat–V	zdrob.
@	Išikava–N	Išikawin–A	poses.
%	zesvětšťovatel–N	zesvětšťovatelův–A	poses.
%	judita–N	juditin–A	poses.
%	šukalka–N	šukalčin–A	poses.
%	Černotík–N	Černotíkův–A	poses.
%	Bruback–N	Brubackův–A	poses.
%	následovkyně–N	následovkynin–A	poses.
%	hrabačka–N	hrabaččin–A	poses.
%	eurobankéř–NC	eurobankéřův–A	poses.
%	Luft–N	Luftův–A	poses.
@	dotknout–V	podotýkat–V	zdrob.
@	zapéci–V	zapékat–V	zdrob.
%	praporčice–N	praporčičin–A	poses.
%	podraznice–N	podrazničin–A	poses.
@	soukat–V	nasoukat–V	zdrob.
@	odvléci–V	odvlíkat–V	zdrob.
%	Mičinec–N	Mičincův–A	poses.
%	Leewenhoek–N	Leewenhoekův–A	poses.
%	škrdlilka–N	škrdlilčin–A	poses.
%	odborář–N	odborářův–A	poses.
%	papuchalk–N	papuchalkův–A	poses.
%	Wallhorst–N	Wallhorstův–A	poses.
%	růžový–A	růžovoučký–A	zdrob.
%	Schup–N	Schupův–A	poses.
%	mňamka–N	mňamčin–A	poses.
@	mačkat–V	vmačkat–V	zdrob.
%	operátorka–N	operátorčin–A	poses.
%	Dytrych–N	Dytrychův–A	poses.
%	Trischka–N	Trischkův–A	poses.
@	cinkat–V	rozcinkat–V	zdrob.
%	pierot–N	pierotův–A	poses.
@	navléci–V	navlékat–V	zdrob.
%	Fedosij–N	Fedosijův–A	poses.
%	Andrijus–N	Andrijusův–A	poses.
%	Rodriguezka–N	Rodriguezčin–A	poses.
%	každý–A	každičký–A	zdrob.
%	Vetrugin–N	Vetruginův–A	poses.
@	otloukat–V	votloukat–V	zdrob.
?	štěbetat–V	zaštěbetat–V	zdrob.
%	pěstitelka–N	pěstitelčin–A	poses.
%	Charpak–N	Charpakův–A	poses.
%	zástavkyně–N	zástavkynin–A	poses.
%	Babilon–N	Babilonův–A	poses.
%	Pörtner–N	Pörtnerův–A	poses.
?	blýskat–V	zablýskat–V	zdrob.
%	Sycha–N	Sychův–A	poses.
%	Zakopal–N	Zakopalův–A	poses.
@	roztlouci–V	roztloukat–V	zdrob.
%	válečka–N	váleččin–A	poses.
%	Žmuda–N	Žmudův–A	poses.
%	zřizovatelka–N	zřizovatelčin–A	poses.
%	Palovčice–N	Palovčičin–A	poses.
%	neomahdistka–N	neomahdistčin–A	poses.
%	Werniš–N	Wernišův–A	poses.
%	vydržitel–N	vydržitelův–A	poses.
%	vzrušovatelka–N	vzrušovatelčin–A	poses.
@	meškat–V	obmeškat–V	zdrob.
%	Witold–N	Witoldův–A	poses.
%	chudý–A	chudičký–A	zdrob.
%	rádobyhumanistka–N	rádobyhumanistčin–A	poses.
%	Mather–N	Matherův–A	poses.
%	Čirkin–N	Čirkinův–A	poses.
%	bandážistka–N	bandážistčin–A	poses.
%	Šafrán–N	Šafránův–A	poses.
%	Eben–N	Ebenův–A	poses.
%	trestanka–N	trestančin–A	poses.
@	makat–V	umakat–V	zdrob.
%	biřmovankyně–N	biřmovankynin–A	poses.
%	Mattuška–N	Mattuškův–A	poses.
%	ferolářka–N	ferolářčin–A	poses.
%	Michalkovič–N	Michalkovičův–A	poses.
%	kámoška–N	kámoščin–A	poses.
%	Durbák–N	Durbákův–A	poses.
@	skákat–V	obskákat–V	zdrob.
%	chutný–A	chutňoučký–A	zdrob.
%	Wojkowicz–N	Wojkowiczův–A	poses.
%	Juhazs–N	Juhazsův–A	poses.
%	vikářka–N	vikářčin–A	poses.
?	klinkat–V	zaklinkat–V	zdrob.
%	ultrapokrokářka–N	ultrapokrokářčin–A	poses.
%	velkohospodářka–N	velkohospodářčin–A	poses.
%	Šarlinger–N	Šarlingerův–A	poses.
%	Avetisyan–N	Avetisyanův–A	poses.
@	frkat–V	ufrkat–V	zdrob.
%	Chaldejec–N	Chaldejcův–A	poses.
%	hybatelka–N	hybatelčin–A	poses.
%	pošťačka–N	pošťaččin–A	poses.
?	hmitat–V	zahmitat–V	zdrob.
%	Patel–N	Patelův–A	poses.
%	hanbářka–N	hanbářčin–A	poses.
%	prostý–A	prostinký–A	zdrob.
@	ožvýkat–V	ožvejkat–V	zdrob.
%	převorka–N	převorčin–A	poses.
@	tknout–V	zatýkat–V	zdrob.
%	Alexandrovič–N	Alexandrovičův–A	poses.
%	Bedřiška–N	Bedřiščin–A	poses.
%	reemigrantka–N	reemigrantčin–A	poses.
@	zdravý–A	superzdravý–A	zdrob.
@	těkat–V	roztěkat–V	zdrob.
@	strkat–V	prostrkat–V	zdrob.
%	Styřík–N	Styříkův–A	poses.
%	Maceška–N	Maceškův–A	poses.
%	skořápkář–N	skořápkářův–A	poses.
%	Karbulka–N	Karbulkův–A	poses.
%	tur–N	turův–A	poses.
%	Schlüter–N	Schlüterův–A	poses.
%	Barot–N	Barotův–A	poses.
%	Pítrs–N	Pítrsův–A	poses.
%	kníračka–N	kníraččin–A	poses.
%	machiavelistka–N	machiavelistčin–A	poses.
@	lekat–V	zulekat–V	zdrob.
%	Vlastislava–N	Vlastislavin–A	poses.
@	hupkat–V	vhupkat–V	zdrob.
%	skládkovatelka–N	skládkovatelčin–A	poses.
%	Lopez–N	Lopezův–A	poses.
%	Honzárek–N	Honzárkův–A	poses.
%	cvočkářka–N	cvočkářčin–A	poses.
%	Aimo–N	Aimův–A	poses.
%	Gaal–N	Gaalův–A	poses.
%	Goodschild–N	Goodschildův–A	poses.
@	cupitat–V	přicupitat–V	zdrob.
@	louskat–V	rozlouskat–V	zdrob.
%	postelnice–N	postelničin–A	poses.
%	Medula–N	Medulův–A	poses.
%	štěkálek–N	štěkálkův–A	poses.
%	debutantka–N	debutantčin–A	poses.
@	skákat–V	přeskákat–V	zdrob.
@	tlapkat–V	otlapkat–V	zdrob.
@	stlouci–V	stloukat–V	zdrob.
%	Henckmann–N	Henckmannův–A	poses.
%	Koničanka–N	Koničančin–A	poses.
%	turkyně–N	turkynin–A	poses.
@	přežvýkat–V	zpřežvýkat–V	zdrob.
%	Modiano–N	Modianův–A	poses.
%	Lakovič–N	Lakovičův–A	poses.
%	Kleinmond–N	Kleinmondův–A	poses.
%	Nalžovanka–N	Nalžovančin–A	poses.
@	tleskat–V	utleskat–V	zdrob.
%	pitomý–A	pitomoučký–A	zdrob.
@	capkat–V	ucapkat–V	zdrob.
@	skákat–V	rozskákat–V	zdrob.
%	Jurkanin–N	Jurkaninův–A	poses.
%	školdozorkyně–N	školdozorkynin–A	poses.
%	obludička–N	obludiččin–A	poses.
@	pískat–V	dopískat–V	zdrob.
?	třaskat–V	zatřaskat–V	zdrob.
@	oplakat–V	voplakat–V	zdrob.
?	škvíkat–V	zaškvíkat–V	zdrob.
%	Tupolev–N	Tupolevův–A	poses.
@	cvakat–V	rozcvakat–V	zdrob.
%	zlidšťovatelka–N	zlidšťovatelčin–A	poses.
%	vyjednávačka–N	vyjednávaččin–A	poses.
@	vrkat–V	zvrkat–V	zdrob.
%	odběratelka–N	odběratelčin–A	poses.
%	Borchgrevink–N	Borchgrevinkův–A	poses.
%	Hirschmentzel–N	Hirschmentzelův–A	poses.
%	Lukenda–N	Lukendův–A	poses.
%	slabý–A	slabounký–A	zdrob.
%	zákopnice–N	zákopničin–A	poses.
@	koukat–V	prokoukat–V	zdrob.
%	Pešice–N	Pešicův–A	poses.
%	Pekiňanka–N	Pekiňančin–A	poses.
%	klučice–N	klučičin–A	poses.
%	Havič–N	Havičův–A	poses.
%	Dmitrenko–N	Dmitrenkův–A	poses.
%	antirasistka–N	antirasistčin–A	poses.
%	autokrosařka–N	autokrosařčin–A	poses.
%	vlastnice–N	vlastničin–A	poses.
%	zapůjčitelka–N	zapůjčitelčin–A	poses.
%	Schenker–N	Schenkerův–A	poses.
%	Abakanowicz–N	Abakanowiczův–A	poses.
@	soukat–V	sesoukat–V	zdrob.
%	kadlec–N	kadlcův–A	poses.
%	upravovatelka–N	upravovatelčin–A	poses.
@	sekat–V	rozsekat–V	zdrob.
@	smrkat–V	usmrkat–V	zdrob.
%	Maiilart–N	Maiilartův–A	poses.
%	dřevovýrobkyně–N	dřevovýrobkynin–A	poses.
%	externistka–N	externistčin–A	poses.
@	ztéci–V	ztékat–V	zdrob.
%	biočunice–N	biočuničin–A	poses.
@	plakat–V	zplakat–V	zdrob.
%	vdávanda–N	vdávandin–A	poses.
%	železobetonářka–N	železobetonářčin–A	poses.
%	protagonistka–N	protagonistčin–A	poses.
%	inscenátorka–N	inscenátorčin–A	poses.
%	hnedle–D	hnedlinko–D	zdrob.
%	Kurfurst–N	Kurfurstův–A	poses.
@	zamést–V	zametat–V	zdrob.
%	loudička–N	loudiččin–A	poses.
%	Janinka–N	Janinčin–A	poses.
%	Radka–N	Radčin–A	poses.
@	hýčkat–V	vyhýčkat–V	zdrob.
%	Hottinger–N	Hottingerův–A	poses.
%	Dunděra–N	Dunděrův–A	poses.
%	rozdrobitelka–N	rozdrobitelčin–A	poses.
%	Kešelák–N	Kešelákův–A	poses.
%	Khás–N	Khásův–A	poses.
@	blýskat–V	nablýskat–V	zdrob.
%	Hübel–N	Hübelův–A	poses.
@	stříkat–V	ostříkat–V	zdrob.
%	Blak–N	Blakův–A	poses.
%	Mukanov–N	Mukanovův–A	poses.
%	Cachnín–N	Cachnínův–A	poses.
%	čistý–A	čisťounký–A	zdrob.
@	cvakat–V	zacvakat–V	zdrob.
%	Grabsch–N	Grabschův–A	poses.
%	rozmisťovatelka–N	rozmisťovatelčin–A	poses.
%	Mokren–N	Mokrenův–A	poses.
%	rekatolizátorka–N	rekatolizátorčin–A	poses.
%	svéhlavec–N	svéhlavcův–A	poses.
%	Menten–N	Mentenův–A	poses.
%	Josefsson–N	Josefssonův–A	poses.
%	Habáň–N	Habáňův–A	poses.
%	kavárnice–N	kavárničin–A	poses.
@	mlknout–V	zmlkat–V	zdrob.
%	Durgutovič–N	Durgutovičův–A	poses.
@	čekat–V	vyčekat–V	zdrob.
%	vejmluvnice–N	vejmluvničin–A	poses.
@	vztekat–V	vyvztekat–V	zdrob.
%	sociolingvistka–N	sociolingvistčin–A	poses.
@	soukat–V	vsoukat–V	zdrob.
@	získat–V	vyzískat–V	zdrob.
%	duatlonistka–N	duatlonistčin–A	poses.
@	cupitat–V	vcupitat–V	zdrob.
@	koukat–V	nakoukat–V	zdrob.
@	praskat–V	rozpraskat–V	zdrob.
%	Ulman–N	Ulmanův–A	poses.
%	brnieřka–N	brnieřčin–A	poses.
%	schwenkfelderián–N	schwenkfelderiánův–A	poses.
%	modelka–N	modelčin–A	poses.
%	homeopatička–N	homeopatiččin–A	poses.
%	novomanželka–N	novomanželčin–A	poses.
@	práskat–V	napráskat–V	zdrob.
@	lákat–V	přilákat–V	zdrob.
%	Quiroga–N	Quirogův–A	poses.
%	Herodes–N	Herodesův–A	poses.
%	Trujjillo–N	Trujjillův–A	poses.
%	woodstocker–N	woodstockerův–A	poses.
@	prskat–V	doprskat–V	zdrob.
%	Hippodámos–N	Hippodámův–A	poses.
%	Nilson–N	Nilsonův–A	poses.
@	mrouskat–V	promrouskat–V	zdrob.
%	gaviál–N	gaviálův–A	poses.
@	natékat–V	natejkat–V	zdrob.
%	polařka–N	polařčin–A	poses.
%	blbý–A	blboučký–A	zdrob.
%	suchý–A	suchoučký–A	zdrob.
%	faktor–N	faktorův–A	poses.
%	koledník–N	koledníkův–A	poses.
@	převléci–V	převlékat–V	zdrob.
%	kolie–N	koliin–A	poses.
@	tkát–V	setkat–V	zdrob.
%	zelenomodrý–AC	zelenomodravý–A	zdrob.
%	Haufer–N	Hauferův–A	poses.
%	Bastienka–N	Bastienčin–A	poses.
%	saprobiontka–N	saprobiontčin–A	poses.
%	brzy–D	brzičko–D	zdrob.
%	tichý–A	tichounký–A	zdrob.
%	pudlařka–N	pudlařčin–A	poses.
%	voltižérka–N	voltižérčin–A	poses.
%	smyslnice–N	smyslničin–A	poses.
%	Reitman–N	Reitmanův–A	poses.
%	žitelka–N	žitelčin–A	poses.
%	Bucháček–N	Bucháčkův–A	poses.
%	Etiopanka–N	Etiopančin–A	poses.
@	podtéci–V	podtékat–V	zdrob.
@	tiskat–V	utiskat–V	zdrob.
@	mačkat–V	vymačkat–V	zdrob.
%	Donát–N	Donátův–A	poses.
%	jakubka–N	jakubčin–A	poses.
%	Waissmann–N	Waissmannův–A	poses.
%	Kutz–N	Kutzův–A	poses.
%	Medič–N	Medičův–A	poses.
@	cupitat–V	odcupitat–V	zdrob.
%	Bratojčev–N	Bratojčevův–A	poses.
%	Carescrian–N	Carescrianův–A	poses.
%	Cyfeiliog–N	Cyfeiliogův–A	poses.
%	baseballistka–N	baseballistčin–A	poses.
%	chrupat–V	chrupkat–V	zdrob.
%	Mariana–N	Marianin–A	poses.
%	Fičák–N	Fičákův–A	poses.
%	přestupitelka–N	přestupitelčin–A	poses.
%	eskymačka–N	eskymaččin–A	poses.
%	Kolíňačka–N	Kolíňaččin–A	poses.
%	Enmerkar–N	Enmerkarův–A	poses.
%	přistupitelka–N	přistupitelčin–A	poses.
%	potravinářka–N	potravinářčin–A	poses.
%	Combs–N	Combsův–A	poses.
%	Belford–N	Belfordův–A	poses.
@	stýsknout–V	stýskat–V	zdrob.
%	Kain–N	Kainův–A	poses.
%	nimralka–N	nimralčin–A	poses.
%	ledvinářka–N	ledvinářčin–A	poses.
%	vyhledavačka–N	vyhledavaččin–A	poses.
%	cyklopatriotka–N	cyklopatriotčin–A	poses.
%	carevič–N	carevičův–A	poses.
@	pučet–V	pukat–V	zdrob.
@	sekat–V	zesekat–V	zdrob.
%	Duchemin–N	Ducheminův–A	poses.
?	třepetat–V	zatřepetat–V	zdrob.
%	nevolička–N	nevoliččin–A	poses.
@	mňoukat–V	umňoukat–V	zdrob.
?	žbluňkat–V	zažbluňkat–V	zdrob.
%	zdravý–A	zdravoučký–A	zdrob.
%	živitelka–N	živitelčin–A	poses.
%	osnovavatelka–N	osnovavatelčin–A	poses.
@	polykat–V	spolykat–V	zdrob.
%	Salvanka–N	Salvančin–A	poses.
@	mačkat–V	zmačkat–V	zdrob.
@	říci–V	říkat–V	zdrob.
%	Blaštík–N	Blaštíkův–A	poses.
%	papat–V	papinkat–V	zdrob.
%	Werl–N	Werlův–A	poses.
%	zřídký–A	zřídkavý–A	zdrob.
%	Chanka–N	Chančin–A	poses.
@	koukat–V	odkoukat–V	zdrob.
%	lehký–A	lehoučký–A	zdrob.
%	Schoof–N	Schoofův–A	poses.
%	Tíkal–N	Tíkalův–A	poses.
%	konzultorka–N	konzultorčin–A	poses.
%	dupat–V	dupkat–V	zdrob.
%	sypačka–N	sypaččin–A	poses.
?	mňoukat–V	zamňoukat–V	zdrob.
@	krákat–V	ukrákat–V	zdrob.
@	srkat–V	usrkat–V	zdrob.
%	jistitel–N	jistitelův–A	poses.
%	Valdens–N	Valdensův–A	poses.
@	lokat–V	nalokat–V	zdrob.
@	cupitat–V	ucupitat–V	zdrob.
%	lesklý–A	leskloučký–A	zdrob.
%	nájemnice–N	nájemničin–A	poses.
@	třískat–V	vytřískat–V	zdrob.
%	něžný–A	něžňoučký–A	zdrob.
@	pískat–V	rozpískat–V	zdrob.
@	provléci–V	provlékat–V	zdrob.
%	profederalistka–N	profederalistčin–A	poses.
%	Kavlík–N	Kavlíkův–A	poses.
%	recesista–N	recesistův–A	poses.
@	říkat–V	zaříkat–V	zdrob.
%	šedobílý–A	šedobělavý–A	zdrob.
%	Algayer–N	Algayrův–A	poses.
@	packat–V	dopackat–V	zdrob.
%	tapetářka–N	tapetářčin–A	poses.
%	Rodríguez–N	Rodríguezův–A	poses.
%	subreta–N	subretin–A	poses.
@	obtékat–V	obtýkat–V	zdrob.
%	krátký–A	kraťounký–A	zdrob.
%	píáristka–N	píáristčin–A	poses.
%	cvočkař–N	cvočkařův–A	poses.
%	Macháráček–N	Macháráčkův–A	poses.
%	dosaditelka–N	dosaditelčin–A	poses.
@	třískat–V	otřískat–V	zdrob.
%	operatérka–N	operatérčin–A	poses.
%	Svitáček–N	Svitáčkův–A	poses.
%	Čežok–N	Čežokův–A	poses.
%	mírný–A	mírňoučký–A	zdrob.
%	intervenientka–N	intervenientčin–A	poses.
%	Puapua–N	Puapuův–A	poses.
@	skákat–V	odskákat–V	zdrob.
%	vymeták–N	vymetákův–A	poses.
%	mlynářka–N	mlynářčin–A	poses.
%	instrumentátorka–N	instrumentátorčin–A	poses.
%	Hickl–N	Hicklův–A	poses.
%	lumčice–N	lumčičin–A	poses.
%	Radnitzer–N	Radnitzerův–A	poses.
%	dialektoložka–N	dialektoložčin–A	poses.
%	Medusa–N	Medusin–A	poses.
@	přivléci–V	přivlékat–V	zdrob.
%	Dräxler–N	Dräxlerův–A	poses.
%	soukačka–N	soukaččin–A	poses.
?	mačkat–V	zamačkat–V	zdrob.
%	uzounký–A	uzoulinký–A	zdrob.
@	hulákat–V	rozhulákat–V	zdrob.
@	ťapkat–V	přiťapkat–V	zdrob.
@	tisknout–V	vtiskat–V	zdrob.
%	faktorka–N	faktorčin–A	poses.
?	kvákat–V	zakvákat–V	zdrob.
%	robozáchranářka–N	robozáchranářčin–A	poses.
%	ovocnářka–N	ovocnářčin–A	poses.
%	Chroustek–N	Chroustkův–A	poses.
%	herbaristka–N	herbaristčin–A	poses.
%	Partenstein–N	Partensteinův–A	poses.
@	cinkat–V	docinkat–V	zdrob.
%	Bojčev–N	Bojčevův–A	poses.
%	Osoba–N	Osobův–A	poses.
%	verkfírka–N	verkfírčin–A	poses.
@	houkat–V	vhoukat–V	zdrob.
@	utlouci–V	utloukat–V	zdrob.
%	dramaturžka–N	dramaturžčin–A	poses.
%	teplý–A	teploučký–A	zdrob.
%	unixářka–N	unixářčin–A	poses.
%	sladký–A	slaďoučký–A	zdrob.
%	sufražistka–N	sufražistčin–A	poses.
%	mečířka–N	mečířčin–A	poses.
%	Jaroměřičanka–N	Jaroměřičančin–A	poses.
%	zbojnice–N	zbojničin–A	poses.
%	konsortant–N	konsortantův–A	poses.
%	něžný–A	něžňounký–A	zdrob.
?	šukat–V	zašukat–V	zdrob.
%	McCallum–N	McCallumův–A	poses.
%	osmadvacátník–NC	osmadvacátníkův–A	poses.
%	environmentalistka–N	environmentalistčin–A	poses.
%	celý–A	celičký–A	zdrob.
@	laskavý–A	přelaskavý–A	zdrob.
%	Lískulka–N	Lískulčin–A	poses.
%	Rajchart–N	Rajchartův–A	poses.
%	síťkařka–N	síťkařčin–A	poses.
%	Pražanka–N	Pražančin–A	poses.
%	ohavnice–N	ohavničin–A	poses.
@	meškat–V	omeškat–V	zdrob.
%	Magnarin–N	Magnarinův–A	poses.
%	prudička–N	prudiččin–A	poses.
%	Stampfer–N	Stampferův–A	poses.
%	krátký–A	kratinký–A	zdrob.
%	šedohnědý–AC	šedohnědavý–A	zdrob.
@	plakat–V	vyplakat–V	zdrob.
%	Chow–N	Chowův–A	poses.
%	blízký–A	blizounký–A	zdrob.
%	Varvara–N	Varvařin–A	poses.
%	protekcionistka–N	protekcionistčin–A	poses.
@	žvejkat–V	sežvejkat–V	zdrob.
%	herečka–N	hereččin–A	poses.
%	Rohál–N	Rohálův–A	poses.
@	strkat–V	dostrkat–V	zdrob.
%	Lutinov–N	Lutinovův–A	poses.
@	cvakat–V	přicvakat–V	zdrob.
%	snowboardistka–N	snowboardistčin–A	poses.
%	Vršovec–N	Vršovcův–A	poses.
%	zapěračka–N	zapěraččin–A	poses.
@	kakat–V	pokakat–V	zdrob.
%	rozdělitelka–N	rozdělitelčin–A	poses.
%	kitařka–N	kitařčin–A	poses.
%	čalounice–N	čalouničin–A	poses.
@	ťukat–V	proťukat–V	zdrob.
%	odemykatelka–N	odemykatelčin–A	poses.
%	přitakávačka–N	přitakávaččin–A	poses.
%	světlý–A	světlounký–A	zdrob.
?	tokat–V	zatokat–V	zdrob.
@	vyčkat–V	dovyčkat–V	zdrob.
%	žlutý–A	žluťounký–A	zdrob.
@	strkat–V	odstrkat–V	zdrob.
@	dopéci–V	dopíkat–V	zdrob.
@	kmitat–V	rozkmitat–V	zdrob.
%	tichošlápek–NC	tichošlápkův–A	poses.
%	Vanessa–N	Vanessin–A	poses.
%	Zvardoň–N	Zvardoňův–A	poses.
%	omladitel–N	omladitelův–A	poses.
%	zbrojařka–N	zbrojařčin–A	poses.
%	Entemena–N	Entemenův–A	poses.
%	Betty–N	Bettyin–A	poses.
%	Stružík–N	Stružíkův–A	poses.
%	Barath–N	Barathův–A	poses.
%	Steinhauer–N	Steinhauerův–A	poses.
%	vrchařka–N	vrchařčin–A	poses.
%	Fabrizio–N	Fabriziův–A	poses.
%	Očenáš–N	Očenášův–A	poses.
%	opatrnice–N	opatrničin–A	poses.
%	Piebalgs–N	Piebalgsův–A	poses.
%	místodržitel–NC	místodržitelův–A	poses.
%	Jacquemont–N	Jacquemontův–A	poses.
%	Turnbull–N	Turnbullův–A	poses.
%	Piffl–N	Pifflův–A	poses.
%	sladký–A	slaďounký–A	zdrob.
%	chudý–A	chuďoučký–A	zdrob.
@	flákat–V	odflákat–V	zdrob.
%	Novožilov–N	Novožilovův–A	poses.
%	Šneberk–N	Šneberkův–A	poses.
%	lemčice–N	lemčičin–A	poses.
%	Kanás–N	Kanásův–A	poses.
%	ukvapenkyně–N	ukvapenkynin–A	poses.
@	plkat–V	proplkat–V	zdrob.
%	Harásek–N	Haráskův–A	poses.
%	Vaščuk–N	Vaščukův–A	poses.
@	halekat–V	rozhalekat–V	zdrob.
%	popravkyně–N	popravkynin–A	poses.
%	podavatelka–N	podavatelčin–A	poses.
%	Svetozar–N	Svetozarův–A	poses.
?	šuškat–V	zašuškat–V	zdrob.
%	tenký–A	tenoučký–A	zdrob.
%	veselý–A	veseloučký–A	zdrob.
%	mrňavý–A	mrňavoučký–A	zdrob.
@	vtéci–V	vtékat–V	zdrob.
%	hvězdozpytec–NC	hvězdozpytcův–A	poses.
%	trhačka–N	trhaččin–A	poses.
%	Bajan–N	Bajanův–A	poses.
%	webeditorka–N	webeditorčin–A	poses.
%	Czibula–N	Czibulův–A	poses.
@	pleskat–V	upleskat–V	zdrob.
@	žvýkat–V	vyžvýkat–V	zdrob.
%	Schlöndorf–N	Schlöndorfův–A	poses.
%	uspávatelka–N	uspávatelčin–A	poses.
?	tykat–V	potykat–V	zdrob.
%	labuť–N	labutin–A	poses.
%	Zeana–N	Zeanin–A	poses.
%	Altaner–N	Altanerův–A	poses.
%	Soukenka–N	Soukenkův–A	poses.
%	uhlařka–N	uhlařčin–A	poses.
@	strkat–V	vestrkat–V	zdrob.
%	šátkářka–N	šátkářčin–A	poses.
@	ťukat–V	odťukat–V	zdrob.
?	drkat–V	zadrkat–V	zdrob.
%	Kos–N	Kosův–A	poses.
%	Infeld–N	Infeldův–A	poses.
%	psychotronička–N	psychotroniččin–A	poses.
@	cvakat–V	vycvakat–V	zdrob.
%	přednášečka–N	přednášeččin–A	poses.
%	Hrvoj–N	Hrvojův–A	poses.
%	vojvodkyně–N	vojvodkynin–A	poses.
@	žvejkat–V	předžvejkat–V	zdrob.
%	Pištěk–N	Pištěkův–A	poses.
%	Baeumler–N	Baeumlerův–A	poses.
%	Lačnovjan–N	Lačnovjanův–A	poses.
%	koncipovatelka–N	koncipovatelčin–A	poses.
%	Batmanka–N	Batmančin–A	poses.
%	ulejvanda–N	ulejvandin–A	poses.
%	zvolenkyně–N	zvolenkynin–A	poses.
@	muckat–V	umuckat–V	zdrob.
%	poměřovatelka–N	poměřovatelčin–A	poses.
%	fenomén–N	fenoménův–A	poses.
%	Bašar–N	Bašarův–A	poses.
%	motocrossařka–N	motocrossařčin–A	poses.
%	Radjiv–N	Radjivův–A	poses.
%	starý–A	staroučký–A	zdrob.
@	ťukat–V	oťukat–V	zdrob.
@	stříkat–V	rozstříkat–V	zdrob.
@	třískat–V	ztřískat–V	zdrob.
%	Chrapan–N	Chrapanův–A	poses.
%	zvýšenkyně–N	zvýšenkynin–A	poses.
%	lazebnice–N	lazebničin–A	poses.
%	Cehlárik–N	Cehlárikův–A	poses.
%	Kalkaťan–N	Kalkaťanův–A	poses.
?	plakat–V	zaplakat–V	zdrob.
%	Nezbeda–N	Nezbedův–A	poses.
%	honec–N	honcův–A	poses.
@	srkat–V	nasrkat–V	zdrob.
?	vykat–V	zavykat–V	zdrob.
%	Melchers–N	Melchersův–A	poses.
%	objednatelka–N	objednatelčin–A	poses.
%	Blatničanka–N	Blatničančin–A	poses.
%	Zrna–N	Zrnův–A	poses.
%	čistý–A	čisťoučký–A	zdrob.
%	ďaurka–N	ďaurčin–A	poses.
%	podnáčelnice–N	podnáčelničin–A	poses.
%	folklóristka–N	folklóristčin–A	poses.
%	Velislav–N	Velislavův–A	poses.
%	Rusov–N	Rusovův–A	poses.
%	Kasab–N	Kasabův–A	poses.
@	pískat–V	odpískat–V	zdrob.
@	oblýskat–V	voblýskat–V	zdrob.
%	pamfletistka–N	pamfletistčin–A	poses.
%	Err–N	Errův–A	poses.
%	spiťarka–N	spiťarčin–A	poses.
%	Caraciola–N	Caraciolův–A	poses.
@	lekat–V	dolekat–V	zdrob.
%	outsiderka–N	outsiderčin–A	poses.
%	Kolarik–N	Kolarikův–A	poses.
?	tleskat–V	zatleskat–V	zdrob.
%	Laun–N	Launův–A	poses.
%	štočkářka–N	štočkářčin–A	poses.
@	koukat–V	dokoukat–V	zdrob.
%	Afroameričanka–N	Afroameričančin–A	poses.
%	Delčev–N	Delčevův–A	poses.
%	Onufrijev–N	Onufrijevův–A	poses.
%	Rous–N	Rousův–A	poses.
%	Bubna–N	Bubnův–A	poses.
%	Kostka–N	Kostkův–A	poses.
%	Atterdag–N	Atterdagův–A	poses.
%	Seljanin–N	Seljaninův–A	poses.
%	mladý–A	mlaďounký–A	zdrob.
%	Zijaur–N	Zijaurův–A	poses.
%	Kansasanka–N	Kansasančin–A	poses.
@	třepetat–V	vytřepetat–V	zdrob.
%	seminaristka–N	seminaristčin–A	poses.
%	biblforšr–NC	biblforšrův–A	poses.
?	mrkat–V	zamrkat–V	zdrob.
@	štěkat–V	rozštěkat–V	zdrob.
?	smýkat–V	zasmýkat–V	zdrob.
%	Molodčenko–N	Molodčenkův–A	poses.
%	Timmermann–N	Timmermannův–A	poses.
@	louskat–V	přelouskat–V	zdrob.
%	spolustrůjce–NC	spolustrůjcův–A	poses.
@	přistrčit–V	přistrkat–V	zdrob.
%	umořitelka–N	umořitelčin–A	poses.
%	strážnice–N	strážničin–A	poses.
@	mrskat–V	namrskat–V	zdrob.
%	člunkář–N	člunkářův–A	poses.
%	Browett–N	Browettův–A	poses.
%	oblíbenka–N	oblíbenčin–A	poses.
%	Stael–N	Staelův–A	poses.
?	bekat–V	zabekat–V	zdrob.
@	pronaříkat–V	zpronaříkat–V	zdrob.
@	nakoukat–V	vynakoukat–V	zdrob.
@	žvejkat–V	požvejkat–V	zdrob.
?	trkat–V	zatrkat–V	zdrob.
%	Cherusek–N	Cheruskův–A	poses.
%	Vyčihla–N	Vyčihlův–A	poses.
%	Defoe–N	Defoeův–A	poses.
%	Blimenstein–N	Blimensteinův–A	poses.
%	Draxler–N	Draxlerův–A	poses.
%	Ponomarenko–N	Ponomarenkův–A	poses.
%	Kravařanka–N	Kravařančin–A	poses.
%	Opavanka–N	Opavančin–A	poses.
%	Bernardeta–N	Bernardetin–A	poses.
%	Hantych–N	Hantychův–A	poses.
%	softballistka–N	softballistčin–A	poses.
?	vrtkat–V	zavrtkat–V	zdrob.
%	Radulescu–N	Raduleskův–A	poses.
%	Hamel–N	Hamelův–A	poses.
%	pohlcovačka–N	pohlcovaččin–A	poses.
%	coura–N	couřin–A	poses.
%	stepařka–N	stepařčin–A	poses.
%	skromný–A	skromňounký–A	zdrob.
@	čekat–V	sečkat–V	zdrob.
%	trénovačka–N	trénovaččin–A	poses.
%	Hojer–N	Hojerův–A	poses.
%	velkoinkvizitor–NC	velkoinkvizitorův–A	poses.
%	Lapuník–N	Lapuníkův–A	poses.
@	štěkat–V	vyštěkat–V	zdrob.
%	drogistka–N	drogistčin–A	poses.
%	připisovatelka–N	připisovatelčin–A	poses.
%	knihtiskařka–N	knihtiskařčin–A	poses.
?	halekat–V	zahalekat–V	zdrob.
@	vrtkat–V	zvrtkat–V	zdrob.
%	ladička–N	ladiččin–A	poses.
%	aranžér–N	aranžérův–A	poses.
%	padesátnice–N	padesátničin–A	poses.
%	zednářka–N	zednářčin–A	poses.
?	štěkat–V	poštěkat–V	zdrob.
%	antiodborářka–N	antiodborářčin–A	poses.
%	cukrovinkářka–N	cukrovinkářčin–A	poses.
%	Boulud–N	Bouludův–A	poses.
%	Spruyt–N	Spruytův–A	poses.
@	blinkat–V	vyblinkat–V	zdrob.
%	Klesáček–N	Klesáčkův–A	poses.
%	Zámečnice–N	Zámečničin–A	poses.
%	brauna–N	braunin–A	poses.
@	čekat–V	načekat–V	zdrob.
@	krákat–V	odkrákat–V	zdrob.
%	kánoistka–N	kánoistčin–A	poses.
@	foukat–V	ofoukat–V	zdrob.
%	lingvistka–N	lingvistčin–A	poses.
%	monografistka–N	monografistčin–A	poses.
@	soukat–V	prosoukat–V	zdrob.
%	Urbančík–N	Urbančíkův–A	poses.
%	Mauricia–N	Mauriciin–A	poses.
%	milý–A	milounký–A	zdrob.
%	Björklund–N	Björklundův–A	poses.
%	Motscamann–N	Motscamannův–A	poses.
%	zlatý–A	zlaťoučký–A	zdrob.
%	teista–N	teistův–A	poses.
%	Tyrolačka–N	Tyrolaččin–A	poses.
%	pomalý–A	pomaloučký–A	zdrob.
%	Frolda–N	Froldův–A	poses.
%	rašelinka–N	rašelinčin–A	poses.
@	rozpéci–V	rozpékat–V	zdrob.
@	opéci–V	opékat–V	zdrob.
%	jazykář–N	jazykářův–A	poses.
%	europesimistka–N	europesimistčin–A	poses.
%	páťačka–N	páťaččin–A	poses.
%	expatriotka–N	expatriotčin–A	poses.
%	sosnokaz–N	sosnokazův–A	poses.
%	Mühlpachr–N	Mühlpachrův–A	poses.
%	brzký–A	brzičký–A	zdrob.
%	Volčík–N	Volčíkův–A	poses.
?	cupkat–V	zacupkat–V	zdrob.
%	Ginsberg–N	Ginsbergův–A	poses.
%	ztělesňovatelka–N	ztělesňovatelčin–A	poses.
@	zaštěrchat–V	zaštěrkat–V	zdrob.
@	omést–V	ometat–V	zdrob.
?	jajkat–V	zajajkat–V	zdrob.
%	Holler–N	Hollerův–A	poses.
%	Ericera–N	Ericerův–A	poses.
%	Brocc–N	Broccův–A	poses.
%	Idriss–N	Idrissův–A	poses.
%	Eugenija–N	Eugenijin–A	poses.
%	křehounký–A	křehoulinký–A	zdrob.
@	houkat–V	rozhoukat–V	zdrob.
%	kolistka–N	kolistčin–A	poses.
%	Blade–N	Bladeův–A	poses.
@	těžkat–V	ztěžkat–V	zdrob.
%	skorokomisařka–N	skorokomisařčin–A	poses.
%	Zosie–N	Zosiin–A	poses.
?	kníkat–V	zakníkat–V	zdrob.
%	světoběžník–N	světoběžníkův–A	poses.
?	kvokat–V	zakvokat–V	zdrob.
@	makat–V	namakat–V	zdrob.
%	vlažný–A	vlažňoučký–A	zdrob.
%	Coughlan–N	Coughlanův–A	poses.
%	kadetka–N	kadetčin–A	poses.
%	zlořečenkyně–N	zlořečenkynin–A	poses.
%	konkubína–N	konkubínin–A	poses.
%	umocňovatel–N	umocňovatelův–A	poses.
@	bzíkat–V	dobzíkat–V	zdrob.
%	kitharistka–N	kitharistčin–A	poses.
@	kukat–V	vykukat–V	zdrob.
@	pinkat–V	vypinkat–V	zdrob.
%	Strnádek–N	Strnádkův–A	poses.
%	Berchin–N	Berchinův–A	poses.
%	slabý–A	slaboučký–A	zdrob.
%	Rechlík–N	Rechlíkův–A	poses.
%	Karlička–N	Karliččin–A	poses.
?	těkat–V	zatěkat–V	zdrob.
%	Linklater–N	Linklaterův–A	poses.
%	Rutjes–N	Rutjesův–A	poses.
%	Matas–N	Matasův–A	poses.
@	mrkat–V	vymrkat–V	zdrob.
%	bezpáteřník–N	bezpáteřníkův–A	poses.
%	Roszka–N	Roszkův–A	poses.
%	Griguljevič–N	Griguljevičův–A	poses.
%	Sendler–N	Sendlerův–A	poses.
%	Kozulin–N	Kozulinův–A	poses.
@	trkat–V	potrkat–V	zdrob.
%	Kameš–N	Kamešův–A	poses.
%	vlahý–A	vlahoučký–A	zdrob.
%	hnědý–A	nahnědlý–A	zdrob.
@	vytýkat–V	vytejkat–V	zdrob.
%	výstavkářka–N	výstavkářčin–A	poses.
%	volnověrkyně–N	volnověrkynin–A	poses.
%	Holoch–N	Holochův–A	poses.
%	Hilgert–N	Hilgertův–A	poses.
%	Kainz–N	Kainzův–A	poses.
%	exslávistka–N	exslávistčin–A	poses.
@	odvléci–V	odvlékat–V	zdrob.
@	hekat–V	uhekat–V	zdrob.
%	Šu–N	Šuův–A	poses.
%	oponářka–N	oponářčin–A	poses.
%	alternativistka–N	alternativistčin–A	poses.
@	praskat–V	popraskat–V	zdrob.
%	couralka–N	couralčin–A	poses.
%	blízký–A	blizoučký–A	zdrob.
@	kdákat–V	vykdákat–V	zdrob.
%	děvenka–N	děvenčin–A	poses.
%	erotik–N	erotikův–A	poses.
%	eskamotérka–N	eskamotérčin–A	poses.
@	jukat–V	vyjukat–V	zdrob.
%	balonář–N	balonářův–A	poses.
%	Rosenthal–N	Rosenthalův–A	poses.
%	curlerka–N	curlerčin–A	poses.
%	androš–N	androšův–A	poses.
%	Nermut–N	Nermutův–A	poses.
@	hrkat–V	dohrkat–V	zdrob.
@	tleskat–V	roztleskat–V	zdrob.
@	štěkat–V	uštěkat–V	zdrob.
%	Januszek–N	Januszkův–A	poses.
%	modrý–A	namodralý–A	zdrob.
%	zprostitelka–N	zprostitelčin–A	poses.
%	gladiátor–N	gladiátorův–A	poses.
%	zvlčilkyně–N	zvlčilkynin–A	poses.
%	spolugarantka–N	spolugarantčin–A	poses.
%	Rončka–N	Rončkův–A	poses.
@	kmitat–V	nakmitat–V	zdrob.
@	žvýkat–V	dožvýkat–V	zdrob.
%	vitrážistka–N	vitrážistčin–A	poses.
%	fyzikář–N	fyzikářův–A	poses.
%	mladý–A	mlaďoučký–A	zdrob.
%	Jakab–N	Jakabův–A	poses.
%	Čaňo–N	Čaňův–A	poses.
%	trpělivý–A	trpělivoučký–A	zdrob.
%	Branik–N	Branikův–A	poses.
@	žvýkat–V	ožvýkat–V	zdrob.
@	broukat–V	pobroukat–V	zdrob.
@	kuckat–V	ukuckat–V	zdrob.
%	Pener–N	Penrův–A	poses.
%	Mohamedka–N	Mohamedčin–A	poses.
%	menšitel–N	menšitelův–A	poses.
%	Rublev–N	Rublevův–A	poses.
%	katastrofistka–N	katastrofistčin–A	poses.
%	vrchnostka–N	vrchnostčin–A	poses.
%	pohybovatelka–N	pohybovatelčin–A	poses.
%	mládežnice–N	mládežničin–A	poses.
%	Hybeš–N	Hybešův–A	poses.
%	Bartásek–N	Bartáskův–A	poses.
%	Effie–N	Effiin–A	poses.
%	Preissner–N	Preissnerův–A	poses.
%	velkomakléřka–N	velkomakléřčin–A	poses.
%	benchařka–N	benchařčin–A	poses.
@	trkat–V	vytrkat–V	zdrob.
@	lákat–V	vlákat–V	zdrob.
%	prvoligistka–N	prvoligistčin–A	poses.
%	Zgafas–N	Zgafasův–A	poses.
@	zapékat–V	zapejkat–V	zdrob.
%	Habaj–N	Habajův–A	poses.
@	soukat–V	odsoukat–V	zdrob.
%	piškvorkářka–N	piškvorkářčin–A	poses.
@	vytlouci–V	vytloukat–V	zdrob.
@	šmakat–V	pošmakat–V	zdrob.
%	Šamšuk–N	Šamšukův–A	poses.
?	cupitat–V	zacupitat–V	zdrob.
%	žlutý–A	žlutavý–A	zdrob.
%	vzorkářka–N	vzorkářčin–A	poses.
%	ztrpčovatelka–N	ztrpčovatelčin–A	poses.
%	kantarida–N	kantaridin–A	poses.
%	Mojmírovec–N	Mojmírovcův–A	poses.
@	plakat–V	doplakat–V	zdrob.
%	Weizmann–N	Weizmannův–A	poses.
@	práskat–V	zpráskat–V	zdrob.
%	škemralka–N	škemralčin–A	poses.
%	Hermánek–N	Hermánkův–A	poses.
%	Hildemann–N	Hildemannův–A	poses.
%	Dalloš–N	Dallošův–A	poses.
%	Kaderka–N	Kaderkův–A	poses.
@	navykat–V	odnavykat–V	zdrob.
%	Brianna–N	Briannin–A	poses.
%	postupitel–N	postupitelův–A	poses.
%	masožravec–N	masožravcův–A	poses.
%	výpočtářka–N	výpočtářčin–A	poses.
%	Abid–N	Abidův–A	poses.
%	Karolína–N	Karolínin–A	poses.
%	Harsch–N	Harschův–A	poses.
%	zoufanlivkyně–N	zoufanlivkynin–A	poses.
%	odkazovník–N	odkazovníkův–A	poses.
@	upéci–V	upékat–V	zdrob.
%	Beněk–N	Beňkův–A	poses.
%	čertice–N	čertičin–A	poses.
%	vykupitelka–N	vykupitelčin–A	poses.
@	dotlouci–V	dotloukat–V	zdrob.
%	sofsemistka–N	sofsemistčin–A	poses.
@	hekat–V	vyhekat–V	zdrob.
@	broukat–V	vybroukat–V	zdrob.
%	Nepolík–N	Nepolíkův–A	poses.
%	virgulářka–N	virgulářčin–A	poses.
%	Baldas–N	Baldasův–A	poses.
%	Brühl–N	Brühlův–A	poses.
%	grafička–N	grafiččin–A	poses.
%	Hatalčík–N	Hatalčíkův–A	poses.
%	Demmer–N	Demmerův–A	poses.
@	pleskat–V	napleskat–V	zdrob.
%	antinacistka–N	antinacistčin–A	poses.
%	Elsa–N	Elsin–A	poses.
%	hajat–V	hajinkat–V	zdrob.
@	vřískat–V	vyvřískat–V	zdrob.
@	skákat–V	předskákat–V	zdrob.
%	odcizitelka–N	odcizitelčin–A	poses.
%	arcikacířka–N	arcikacířčin–A	poses.
?	nutkat–V	zanutkat–V	zdrob.
%	slavitelka–N	slavitelčin–A	poses.
%	Ruttner–N	Ruttnerův–A	poses.
%	Simmul–N	Simmulův–A	poses.
%	oblíkačka–N	oblíkaččin–A	poses.
%	Grygarčík–N	Grygarčíkův–A	poses.
%	Ruiz–N	Ruizův–A	poses.
%	umísťovatelka–N	umísťovatelčin–A	poses.
%	Rudčenko–N	Rudčenkův–A	poses.
%	útočnice–N	útočničin–A	poses.
@	pískat–V	spískat–V	zdrob.
%	stručný–A	stručňoučký–A	zdrob.
%	Charuel–N	Charuelův–A	poses.
%	Dolněmčanka–N	Dolněmčančin–A	poses.
%	Bauschek–N	Bauschkův–A	poses.
@	hopkat–V	odhopkat–V	zdrob.
@	šmakat–V	vyšmakat–V	zdrob.
@	třískat–V	potřískat–V	zdrob.
%	zbrojař–N	zbrojařův–A	poses.
%	Agnieszka–N	Agnieszčin–A	poses.
%	zadržitelka–N	zadržitelčin–A	poses.
%	zhodnocovatelka–N	zhodnocovatelčin–A	poses.
%	cukrovarnice–N	cukrovarničin–A	poses.
@	packat–V	připackat–V	zdrob.
%	félibr–N	félibrův–A	poses.
@	mrouskat–V	umrouskat–V	zdrob.
%	Elton–N	Eltonův–A	poses.
%	fasetářka–N	fasetářčin–A	poses.
@	vřískat–V	odvřískat–V	zdrob.
@	meškat–V	promeškat–V	zdrob.
%	blepta–N	bleptin–A	poses.
%	galánečka–N	galáneččin–A	poses.
@	pinkat–V	dopinkat–V	zdrob.
%	vetchý–A	vetchoučký–A	zdrob.
@	odhopkat–V	vodhopkat–V	zdrob.
%	Plha–N	Plhův–A	poses.
@	plakat–V	poplakat–V	zdrob.
%	Běloušek–N	Bělouškův–A	poses.
%	Rybička–N	Rybičkův–A	poses.
%	člunkářka–N	člunkářčin–A	poses.
@	polykat–V	napolykat–V	zdrob.
%	Malostraňák–N	Malostraňákův–A	poses.
@	mačkat–V	umačkat–V	zdrob.
%	Giampaolo–N	Giampaolův–A	poses.
%	Bubenik–N	Bubenikův–A	poses.
%	Ondřejík–N	Ondřejíkův–A	poses.
%	novomanžel–NC	novomanželův–A	poses.
%	Papajk–N	Papajkův–A	poses.
%	Velber–N	Velberův–A	poses.
%	sanktusák–N	sanktusákův–A	poses.
%	Křemen–N	Křemenův–A	poses.
%	šepmistryně–N	šepmistrynin–A	poses.
@	blýskat–V	doblýskat–V	zdrob.
%	Volenec–N	Volencův–A	poses.
%	bulařka–N	bulařčin–A	poses.
@	mrskat–V	vymrskat–V	zdrob.
@	kuckat–V	rozkuckat–V	zdrob.
@	hrknout–V	vyhrkat–V	zdrob.
%	zklidnitelka–N	zklidnitelčin–A	poses.
%	Aguda–N	Agudův–A	poses.
%	ufoturistka–N	ufoturistčin–A	poses.
%	Lubitz–N	Lubitzův–A	poses.
%	Griselda–N	Griseldin–A	poses.
%	Kenaánec–N	Kenaáncův–A	poses.
%	Jemeljanov–N	Jemeljanovův–A	poses.
?	čirykat–V	začirykat–V	zdrob.
%	Kelbler–N	Kelblerův–A	poses.
%	Kakš–N	Kakšův–A	poses.
@	mačkat–V	omačkat–V	zdrob.
%	Tena–N	Tenin–A	poses.
%	prostopášnice–N	prostopášničin–A	poses.
@	puknout–V	propukat–V	zdrob.
%	vyobcovankyně–N	vyobcovankynin–A	poses.
%	Huysmanka–N	Huysmančin–A	poses.
@	strkat–V	vystrkat–V	zdrob.
@	makat–V	vymakat–V	zdrob.
%	hulič–N	huličův–A	poses.
%	Danel–N	Danelův–A	poses.
@	flákat–V	doflákat–V	zdrob.
%	zatemněnec–N	zatemněncův–A	poses.
%	Kungajev–N	Kungajevův–A	poses.
%	Pavelec–N	Pavelcův–A	poses.
%	Florenčanka–N	Florenčančin–A	poses.
@	potlouci–V	potloukat–V	zdrob.
%	Čechoangličanka–N	Čechoangličančin–A	poses.
@	stéci–V	stékat–V	zdrob.
@	kvokat–V	ukvokat–V	zdrob.
%	Liberečanka–N	Liberečančin–A	poses.
%	Bialojan–N	Bialojanův–A	poses.
%	Hartog–N	Hartogův–A	poses.
@	smýkat–V	prosmýkat–V	zdrob.
@	ťukat–V	vyťukat–V	zdrob.
%	obedňovačka–N	obedňovaččin–A	poses.
@	spéci–V	spékat–V	zdrob.
@	louskat–V	prolouskat–V	zdrob.
@	skákat–V	uskákat–V	zdrob.
%	Zachrla–N	Zachrlův–A	poses.
%	Ringier–N	Ringierův–A	poses.
%	usuářka–N	usuářčin–A	poses.
%	korejec–N	korejcův–A	poses.
%	Cousteau–N	Cousteauův–A	poses.
%	viržinkářka–N	viržinkářčin–A	poses.
%	Heckler–N	Hecklerův–A	poses.
%	šedivý–A	šedivoučký–A	zdrob.
%	Agota–N	Agotin–A	poses.
%	iluzionistka–N	iluzionistčin–A	poses.
%	Kytka–N	Kytkův–A	poses.
@	ťapkat–V	přeťapkat–V	zdrob.
@	ťukat–V	přeťukat–V	zdrob.
%	taxátorka–N	taxátorčin–A	poses.
%	Bechet–N	Bechetův–A	poses.
%	mechařka–N	mechařčin–A	poses.
%	hasička–N	hasiččin–A	poses.
?	třeskat–V	zatřeskat–V	zdrob.
%	Aegina–N	Aeginin–A	poses.
?	tlapkat–V	zatlapkat–V	zdrob.
?	hulákat–V	zahulákat–V	zdrob.
%	formovatelka–N	formovatelčin–A	poses.
%	Valtičanka–N	Valtičančin–A	poses.
%	Libuše–N	Libušin–A	poses.
%	skrovný–A	skrovňoučký–A	zdrob.
@	vysvléci–V	vysvlékat–V	zdrob.
@	pískat–V	propískat–V	zdrob.
%	Cruyff–N	Cruyffův–A	poses.
%	místoředitelka–N	místoředitelčin–A	poses.
%	Mudrašov–N	Mudrašovův–A	poses.
%	Kotáb–N	Kotábův–A	poses.
@	foukat–V	přifoukat–V	zdrob.
%	Jimenez–N	Jimenezův–A	poses.
@	cinkat–V	vycinkat–V	zdrob.
@	hulákat–V	dohulákat–V	zdrob.
%	Bělonog–N	Bělonogův–A	poses.
%	Sandra–N	Sandřin–A	poses.
%	rytieřka–N	rytieřčin–A	poses.
@	čekat–V	počkat–V	zdrob.
@	oprýskat–V	oprejskat–V	zdrob.
@	žvejkat–V	dožvejkat–V	zdrob.
%	ocelář–N	ocelářův–A	poses.
?	smrkat–V	zasmrkat–V	zdrob.
%	Zaviačič–N	Zaviačičův–A	poses.
@	obtéci–V	obtékat–V	zdrob.
@	mrouskat–V	domrouskat–V	zdrob.
%	nebožtíček–N	nebožtíčkův–A	poses.
%	Čechoaustralanka–N	Čechoaustralančin–A	poses.
?	cinkat–V	zacinkat–V	zdrob.
%	půlkařka–N	půlkařčin–A	poses.
%	skromný–A	skromňoučký–A	zdrob.
%	cupat–V	cupitat–V	zdrob.
%	Abukasis–N	Abukasisův–A	poses.
@	svléci–V	svlékat–V	zdrob.
%	nepředplatitelka–N	nepředplatitelčin–A	poses.
%	vlastizrádkyně–N	vlastizrádkynin–A	poses.
%	Palailogos–N	Palailogův–A	poses.
%	Daník–N	Daníkův–A	poses.
%	Třeček–N	Třečkův–A	poses.
%	lehounký–A	lehoulinký–A	zdrob.
%	Ceulen–N	Ceulenův–A	poses.
@	propéci–V	propíkat–V	zdrob.
%	Nudera–N	Nuderův–A	poses.
%	Nemirovič–N	Nemirovičův–A	poses.
@	žvejkat–V	přežvejkat–V	zdrob.
%	mudrlantka–N	mudrlantčin–A	poses.
@	vypéci–V	vypíkat–V	zdrob.
%	Ruprich–N	Ruprichův–A	poses.
@	meškat–V	zameškat–V	zdrob.
@	tkát–V	protkat–V	zdrob.
@	šukat–V	vyšukat–V	zdrob.
%	Kounelis–N	Kounelisův–A	poses.
%	dokumentátorka–N	dokumentátorčin–A	poses.
%	švadronil–N	švadronilův–A	poses.
@	roztéci–V	roztékat–V	zdrob.
%	berdychovec–N	berdychovcův–A	poses.
%	Coats–N	Coatsův–A	poses.
?	vřískat–V	zavřískat–V	zdrob.
%	odzbrojovatelka–N	odzbrojovatelčin–A	poses.
%	Laurier–N	Laurierův–A	poses.
%	červený–A	červeňoučký–A	zdrob.
@	strkat–V	rozstrkat–V	zdrob.
%	Owens–N	Owensův–A	poses.
%	filipovec–N	filipovcův–A	poses.
%	paleoantropolog–N	paleoantropologův–A	poses.
%	Kuchařka–N	Kuchařčin–A	poses.
?	žvýkat–V	zažvýkat–V	zdrob.
%	Blanárik–N	Blanárikův–A	poses.
%	Bátěk–N	Bátěkův–A	poses.
%	Kubovčák–N	Kubovčákův–A	poses.
%	Parth–N	Parthův–A	poses.
%	Mahnert–N	Mahnertův–A	poses.
%	rozdavačka–N	rozdavaččin–A	poses.
@	meškat–V	zmeškat–V	zdrob.
%	Kalli–N	Kalliův–A	poses.
@	ťapkat–V	vyťapkat–V	zdrob.
@	cákat–V	ucákat–V	zdrob.
%	nacionálsocialistka–N	nacionálsocialistčin–A	poses.
%	Lihn–N	Lihnův–A	poses.
%	Pflaum–N	Pflaumův–A	poses.
@	cvakat–V	nacvakat–V	zdrob.
@	pykat–V	odpykat–V	zdrob.
%	Andrées–N	Andréesův–A	poses.
%	Swahn–N	Swahnův–A	poses.
@	ťapkat–V	zaťapkat–V	zdrob.
%	Dovčík–N	Dovčíkův–A	poses.
%	skalňák–N	skalňákův–A	poses.
%	mučit–V	mučinkat–V	zdrob.
@	stýskat–V	ustýskat–V	zdrob.
%	vakantka–N	vakantčin–A	poses.
%	Tasman–N	Tasmanův–A	poses.
@	nastýskat–V	nastejskat–V	zdrob.
%	Levč–N	Levčův–A	poses.
%	Gavora–N	Gavorův–A	poses.
@	kakat–V	nakakat–V	zdrob.
@	tryskat–V	vytryskat–V	zdrob.
%	alarmistka–N	alarmistčin–A	poses.
%	Aška–N	Aškův–A	poses.
@	práskat–V	zapráskat–V	zdrob.
%	námeznice–N	námezničin–A	poses.
%	Osmanovič–N	Osmanovičův–A	poses.
%	kalifka–N	kalifčin–A	poses.
?	pískat–V	zapískat–V	zdrob.
%	Kimun–N	Kimunův–A	poses.
@	zavléci–V	zavlíkat–V	zdrob.
%	Edelhart–N	Edelhartův–A	poses.
?	makat–V	zamakat–V	zdrob.
%	bludařka–N	bludařčin–A	poses.
%	Beldík–N	Beldíkův–A	poses.
@	cukat–V	vycukat–V	zdrob.
@	louskat–V	zlouskat–V	zdrob.
%	Jurman–N	Jurmanův–A	poses.
@	sekat–V	sesekat–V	zdrob.
%	omilostňovatelka–N	omilostňovatelčin–A	poses.
%	Katzer–N	Katzerův–A	poses.
%	Ceram–N	Ceramův–A	poses.
@	špitat–V	pošpitat–V	zdrob.
%	Alis–N	Alisův–A	poses.
%	tenký–A	teničký–A	zdrob.
@	sekat–V	zsekat–V	zdrob.
?	sykat–V	zasykat–V	zdrob.
%	tarifník–N	tarifníkův–A	poses.
%	pseudokytaristka–N	pseudokytaristčin–A	poses.
%	Lojzinka–N	Lojzinčin–A	poses.
%	bodhránistka–N	bodhránistčin–A	poses.
%	Zíbal–N	Zíbalův–A	poses.
%	Weiteder–N	Weitederův–A	poses.
%	indikátorka–N	indikátorčin–A	poses.
%	Pynsent–N	Pynsentův–A	poses.
%	Magula–N	Magulův–A	poses.
@	lekat–V	zalekat–V	zdrob.
%	lončák–N	lončákův–A	poses.
%	zkaženkyně–N	zkaženkynin–A	poses.
%	kuchařinka–N	kuchařinčin–A	poses.
%	Kračmar–N	Kračmarův–A	poses.
%	ansár–N	ansárův–A	poses.
%	běžkařka–N	běžkařčin–A	poses.
%	štramandička–N	štramandiččin–A	poses.
%	malinký–A	malilinký–A	zdrob.
%	blít–V	blinkat–V	zdrob.
@	stříkat–V	odstříkat–V	zdrob.
%	mezinosička–N	mezinosiččin–A	poses.
@	mrskat–V	umrskat–V	zdrob.
%	obveselovačka–N	obveselovaččin–A	poses.
@	flákat–V	oflákat–V	zdrob.
%	Nechbet–N	Nechbetin–A	poses.
@	žvýkat–V	přežvýkat–V	zdrob.
@	mrskat–V	zmrskat–V	zdrob.
%	margareta–N	margaretin–A	poses.
%	Gozzano–N	Gozzanův–A	poses.
%	excísařovna–N	excísařovnin–A	poses.
@	šukat–V	došukat–V	zdrob.
%	Nazarovov–N	Nazarovovův–A	poses.
@	trkat–V	utrkat–V	zdrob.
%	Přímanka–N	Přímančin–A	poses.
%	Kardaš–N	Kardašův–A	poses.
@	zodmykat–V	zodemykat–V	zdrob.
@	obléci–V	oblékat–V	zdrob.
@	štěbetat–V	uštěbetat–V	zdrob.
%	Horsák–N	Horsákův–A	poses.
@	obtékat–V	obtejkat–V	zdrob.
%	Savina–N	Savinin–A	poses.
%	šišlounka–N	šišlounčin–A	poses.
@	kvákat–V	vykvákat–V	zdrob.
%	Sobolčík–N	Sobolčíkův–A	poses.
%	semetrika–N	semetričin–A	poses.
%	žertovník–N	žertovníkův–A	poses.
%	Nina–N	Ninin–A	poses.
%	velínářka–N	velínářčin–A	poses.
%	Nadera–N	Naderův–A	poses.
%	křupavý–A	křupavoučký–A	zdrob.
@	blejskat–V	vyblejskat–V	zdrob.
%	exučitel–N	exučitelův–A	poses.
%	skorojmenovkyně–N	skorojmenovkynin–A	poses.
%	hošice–N	hošičin–A	poses.
%	Barruncho–N	Barrunchův–A	poses.
%	Csirik–N	Csirikův–A	poses.
@	stříkat–V	postříkat–V	zdrob.
%	Hláska–N	Hláskův–A	poses.
%	údržbářka–N	údržbářčin–A	poses.
%	spolupoutnice–N	spolupoutničin–A	poses.
%	drobný–A	drobňoučký–A	zdrob.
%	Vařačka–N	Vařačkův–A	poses.
%	Čunek–N	Čunkův–A	poses.
%	Zehnmarkt–N	Zehnmarktův–A	poses.
@	sekat–V	zasekat–V	zdrob.
%	nůžkařka–N	nůžkařčin–A	poses.
@	skákat–V	rozeskákat–V	zdrob.
%	Plačič–N	Plačičův–A	poses.
%	vsázkařka–N	vsázkařčin–A	poses.
%	Venuš–N	Venušův–A	poses.
%	Prucha–N	Pruchův–A	poses.
%	Burljajev–N	Burljajevův–A	poses.
%	školačka–N	školaččin–A	poses.
@	stříkat–V	vystříkat–V	zdrob.
%	hebký–A	hebounký–A	zdrob.
%	Rochl–N	Rochlův–A	poses.
%	Schwan–N	Schwanův–A	poses.
%	Mihovič–N	Mihovičův–A	poses.
%	Vladika–N	Vladikův–A	poses.
%	šílenka–N	šílenčin–A	poses.
%	Videnov–N	Videnovův–A	poses.
%	Petrjanoš–N	Petrjanošův–A	poses.
%	karambolistka–N	karambolistčin–A	poses.
?	kdákat–V	zakdákat–V	zdrob.
@	makat–V	domakat–V	zdrob.
%	opylovačka–N	opylovaččin–A	poses.
%	žoldnéřka–N	žoldnéřčin–A	poses.
%	grálistka–N	grálistčin–A	poses.
%	štíhlý–A	štíhlounký–A	zdrob.
%	exdisidentka–N	exdisidentčin–A	poses.
%	elektrárnice–N	elektrárničin–A	poses.
?	řinkat–V	zařinkat–V	zdrob.
%	převodovkářka–N	převodovkářčin–A	poses.
%	Muhlena–N	Muhlenův–A	poses.
%	flancistka–N	flancistčin–A	poses.
@	sekat–V	osekat–V	zdrob.
%	Agustín–N	Agustínův–A	poses.
@	stříkat–V	vstříkat–V	zdrob.
%	spát–V	spinkat–V	zdrob.
%	holčičkářka–N	holčičkářčin–A	poses.
@	lekat–V	polekat–V	zdrob.
%	zesvětšťovatelka–N	zesvětšťovatelčin–A	poses.
%	Vlastimilka–N	Vlastimilčin–A	poses.
?	mrskat–V	zamrskat–V	zdrob.
%	převodkyně–N	převodkynin–A	poses.
%	Althusser–N	Althusserův–A	poses.
%	zotročitelka–N	zotročitelčin–A	poses.
%	přitvořitelka–N	přitvořitelčin–A	poses.
%	šlapatelka–N	šlapatelčin–A	poses.
%	nízký–A	nizounký–A	zdrob.
%	spolusoutěžitelka–N	spolusoutěžitelčin–A	poses.
%	zahradnice–N	zahradničin–A	poses.
%	Matýs–N	Matýsův–A	poses.
%	zapálenkyně–N	zapálenkynin–A	poses.
%	Lövbork–N	Lövborkův–A	poses.
%	Handman–N	Handmanův–A	poses.
%	Vlastička–N	Vlastiččin–A	poses.
%	Lara–N	Lařin–A	poses.
%	Luňáček–N	Luňáčkův–A	poses.
%	honitelka–N	honitelčin–A	poses.
%	mapařka–N	mapařčin–A	poses.
%	Roubalka–N	Roubalčin–A	poses.
@	kmitat–V	dokmitat–V	zdrob.
%	kostlivka–N	kostlivčin–A	poses.
%	cupat–V	cupkat–V	zdrob.
%	hluchý–A	nahluchlý–A	zdrob.
@	sekat–V	posekat–V	zdrob.
%	Heroudek–N	Heroudkův–A	poses.
%	líhňařka–N	líhňařčin–A	poses.
%	hnědý–A	hnědavý–A	zdrob.
%	Bebjak–N	Bebjakův–A	poses.
%	zápecnice–N	zápecničin–A	poses.
%	Pocar–N	Pocarův–A	poses.
%	Spasojevič–N	Spasojevičův–A	poses.
%	komunistka–N	komunistčin–A	poses.
%	štír–N	štírův–A	poses.
@	blinkat–V	zablinkat–V	zdrob.
@	hrkat–V	vhrkat–V	zdrob.
%	visitátorka–N	visitátorčin–A	poses.
@	lekat–V	nalekat–V	zdrob.
@	lákat–V	ulákat–V	zdrob.
@	odříkat–V	vodříkat–V	zdrob.
?	blejskat–V	zablejskat–V	zdrob.
%	Barsegian–N	Barsegianův–A	poses.
%	Kocůrek–N	Kocůrkův–A	poses.
%	souvěkovec–N	souvěkovcův–A	poses.
%	Brünn–N	Brünnův–A	poses.
@	stříkat–V	dostříkat–V	zdrob.
@	naříkat–V	unaříkat–V	zdrob.
%	Hauft–N	Hauftův–A	poses.
%	ustavitelka–N	ustavitelčin–A	poses.
%	Lubásek–N	Lubáskův–A	poses.
@	šukat–V	pošukat–V	zdrob.
%	Škrabiš–N	Škrabišův–A	poses.
%	Šaumjan–N	Šaumjanův–A	poses.
%	zatemnělkyně–N	zatemnělkynin–A	poses.
@	domykavý–A	nedomykavý–A	zdrob.
%	plánovačka–N	plánovaččin–A	poses.
%	superbrankářka–N	superbrankářčin–A	poses.
%	Kornilenko–N	Kornilenkův–A	poses.
%	Moureau–N	Moureauův–A	poses.
%	zasvěcenka–N	zasvěcenčin–A	poses.
%	primánka–N	primánčin–A	poses.
%	Mosinger–N	Mosingerův–A	poses.
%	Quintilianus–N	Quintilianův–A	poses.
%	Slížek–N	Slížkův–A	poses.
%	vysílatelka–N	vysílatelčin–A	poses.
%	Melisanda–N	Melisandin–A	poses.
%	Brezina–N	Brezinův–A	poses.
%	Rajchrt–N	Rajchrtův–A	poses.
%	zdvihačka–N	zdvihaččin–A	poses.
%	mendice–N	mendičin–A	poses.
%	Bernheim–N	Bernheimův–A	poses.
@	lískat–V	zlískat–V	zdrob.
%	bankrotářka–N	bankrotářčin–A	poses.
%	Bougainville–N	Bougainvillův–A	poses.
%	lichotnice–N	lichotničin–A	poses.
%	Edler–N	Edlerův–A	poses.
%	umírněnkyně–N	umírněnkynin–A	poses.
%	jemný–A	jemňoučký–A	zdrob.
@	převléci–V	převlíkat–V	zdrob.
%	Šafarčík–N	Šafarčíkův–A	poses.
@	odtéci–V	odtékat–V	zdrob.
%	ošoust–N	ošoustův–A	poses.
%	zlatý–A	zlatavý–A	zdrob.
%	managerka–N	managerčin–A	poses.
@	povléci–V	povlékat–V	zdrob.
?	mlaskat–V	zamlaskat–V	zdrob.
%	hladký–A	hlaďoučký–A	zdrob.
@	fňukat–V	vyfňukat–V	zdrob.
%	antiislamista–N	antiislamistův–A	poses.
%	spoluzadavatelka–N	spoluzadavatelčin–A	poses.
%	Gaál–N	Gaálův–A	poses.
%	Berghof–N	Berghofův–A	poses.
%	Mantill–N	Mantillův–A	poses.
%	Schrödinger–N	Schrödingerův–A	poses.
%	kožojedka–N	kožojedčin–A	poses.
@	uvléci–V	uvlékat–V	zdrob.
%	malý–A	maloučký–A	zdrob.
?	výskat–V	zavýskat–V	zdrob.
%	Neptalim–N	Neptalimův–A	poses.
@	sečkat–V	posečkat–V	zdrob.
%	Kundrata–N	Kundratův–A	poses.
%	superbankéř–N	superbankéřův–A	poses.
%	Koňařice–N	Koňařičin–A	poses.
%	Cholava–N	Cholavův–A	poses.
%	Capone–N	Caponův–A	poses.
@	laskat–V	polaskat–V	zdrob.
?	třískat–V	zatřískat–V	zdrob.
@	meškat–V	pomeškat–V	zdrob.
%	Thackeray–N	Thackerayův–A	poses.
@	potýkat–V	napotýkat–V	zdrob.
%	dojič–N	dojičův–A	poses.
%	Kameruňanka–N	Kameruňančin–A	poses.
%	přebíratelka–N	přebíratelčin–A	poses.
%	separatistka–N	separatistčin–A	poses.
%	výčepnice–N	výčepničin–A	poses.
%	Ponec–N	Poncův–A	poses.
%	Suchořípa–N	Suchořípův–A	poses.
%	spolukoordinátorka–N	spolukoordinátorčin–A	poses.
@	natlouci–V	natloukat–V	zdrob.
%	krákora–N	krákořin–A	poses.
@	foukat–V	vyfoukat–V	zdrob.
@	třískat–V	roztřískat–V	zdrob.
%	Dollmayer–N	Dollmayerův–A	poses.
%	krásný–A	krásňoučký–A	zdrob.
@	sekat–V	nasekat–V	zdrob.
%	vzdělavatel–N	vzdělavatelův–A	poses.
%	Štarman–N	Štarmanův–A	poses.
%	ožebračovatelka–N	ožebračovatelčin–A	poses.
%	odminovačka–N	odminovaččin–A	poses.
%	věštička–N	věštiččin–A	poses.
%	zaručitel–N	zaručitelův–A	poses.
%	Bohumíra–N	Bohumířin–A	poses.
%	slečna–N	slečnin–A	poses.
%	Upfield–N	Upfieldův–A	poses.
%	mariňačka–N	mariňaččin–A	poses.
%	Giulietta–N	Giuliettin–A	poses.
@	žvejkat–V	vyžvejkat–V	zdrob.
@	pinkat–V	napinkat–V	zdrob.
%	Serrano–N	Serranův–A	poses.
%	Červínek–N	Červínkův–A	poses.
%	čisťounký–A	čisťoulinký–A	zdrob.
%	Koťara–N	Koťarův–A	poses.
%	Giuliana–N	Giulianin–A	poses.
%	Čečenka–N	Čečenčin–A	poses.
%	Hérakleios–N	Hérakleiův–A	poses.
%	kafař–N	kafařův–A	poses.
%	biřmovanka–N	biřmovančin–A	poses.
%	emisařka–N	emisařčin–A	poses.
@	vraskat–V	svraskat–V	zdrob.
%	komercialistka–N	komercialistčin–A	poses.
%	pankerka–N	pankerčin–A	poses.
@	pískat–V	vypískat–V	zdrob.
%	zmáhačka–N	zmáhaččin–A	poses.
%	reformátorka–N	reformátorčin–A	poses.
%	Bjoerndalen–N	Bjoerndalenův–A	poses.
%	nadstrážmistryně–N	nadstrážmistrynin–A	poses.
%	Šejdl–N	Šejdlův–A	poses.
@	cupitat–V	procupitat–V	zdrob.
%	Lászlo–N	Lászlův–A	poses.
%	ujařmenkyně–N	ujařmenkynin–A	poses.
%	vytvářečka–N	vytvářeččin–A	poses.
%	icitátorka–N	icitátorčin–A	poses.
%	šichtařka–N	šichtařčin–A	poses.
@	natéci–V	natékat–V	zdrob.
@	pleskat–V	popleskat–V	zdrob.
@	pinkat–V	rozpinkat–V	zdrob.
%	povoznice–N	povozničin–A	poses.
%	účetnice–N	účetničin–A	poses.
%	vábnice–N	vábničin–A	poses.
%	zeměpaní–NC	zeměpanin–A	poses.
%	polštinářka–N	polštinářčin–A	poses.
%	pornopísničkářka–N	pornopísničkářčin–A	poses.
@	lákat–V	nalákat–V	zdrob.
@	přetýkat–V	přetejkat–V	zdrob.
@	dovléci–V	dovlíkat–V	zdrob.
%	županka–N	župančin–A	poses.
%	elektroefektářka–N	elektroefektářčin–A	poses.
%	kulatý–A	kulaťoučký–A	zdrob.
%	Boulle–N	Boullův–A	poses.
%	typografička–N	typografiččin–A	poses.
%	vlasařka–N	vlasařčin–A	poses.
%	Atanasov–N	Atanasovův–A	poses.
%	jednokolkářka–N	jednokolkářčin–A	poses.
%	vraždič–N	vraždičův–A	poses.
%	kompradorka–N	kompradorčin–A	poses.
%	poukaznice–N	poukazničin–A	poses.
%	Matylda–N	Matyldin–A	poses.
%	Švercl–N	Šverclův–A	poses.
%	Maxa–N	Maxův–A	poses.
%	půdař–N	půdařův–A	poses.
@	naříkat–V	vynaříkat–V	zdrob.
%	capat–V	capkat–V	zdrob.
@	koukat–V	vykoukat–V	zdrob.
%	Maples–N	Maplesův–A	poses.
%	svíčkařka–N	svíčkařčin–A	poses.
@	prskat–V	uprskat–V	zdrob.
%	Irmann–N	Irmannův–A	poses.
@	skákat–V	naskákat–V	zdrob.
%	Plaváček–N	Plaváčkův–A	poses.
@	blinkat–V	nablinkat–V	zdrob.
@	mrskat–V	přemrskat–V	zdrob.
%	jádrařka–N	jádrařčin–A	poses.
%	turista–N	turistův–A	poses.
%	Královopolka–N	Královopolčin–A	poses.
?	štěkat–V	zaštěkat–V	zdrob.
%	pazdernice–N	pazderničin–A	poses.
%	Bohumíňačka–N	Bohumíňaččin–A	poses.
%	Hodovanec–N	Hodovancův–A	poses.
%	mladý–A	mladinký–A	zdrob.
@	prskat–V	naprskat–V	zdrob.
%	pípalka–N	pípalčin–A	poses.
@	vřískat–V	rozvřískat–V	zdrob.
%	kachlářka–N	kachlářčin–A	poses.
%	Burtscher–N	Burtscherův–A	poses.
%	černokněžka–N	černokněžčin–A	poses.
%	nežena–N	neženin–A	poses.
%	Bohdanka–N	Bohdančin–A	poses.
%	Reeves–N	Reevesův–A	poses.
@	mykat–V	smýkat–V	zdrob.
%	poukazovatelka–N	poukazovatelčin–A	poses.
%	universitánka–N	universitánčin–A	poses.
@	blinkat–V	odblinkat–V	zdrob.
@	škvíkat–V	doškvíkat–V	zdrob.
?	praskat–V	zapraskat–V	zdrob.
%	Rotnágl–N	Rotnáglův–A	poses.
@	hopkat–V	přihopkat–V	zdrob.
%	zdrojařka–N	zdrojařčin–A	poses.
%	omladinářka–N	omladinářčin–A	poses.
%	vyslýchač–N	vyslýchačův–A	poses.
%	hermína–N	hermínin–A	poses.
%	dupat–V	dupitat–V	zdrob.
%	divačka–N	divaččin–A	poses.
@	hulákat–V	nahulákat–V	zdrob.
%	Valušek–N	Valuškův–A	poses.
%	pěkný–A	pěkňoučký–A	zdrob.
@	ťapkat–V	odťapkat–V	zdrob.
%	klávesistka–N	klávesistčin–A	poses.
%	světlý–A	světloučký–A	zdrob.
@	soukat–V	vysoukat–V	zdrob.
%	velkoinkvisitorka–N	velkoinkvisitorčin–A	poses.
%	nejka–N	nejčin–A	poses.
%	Praxitelis–N	Praxitelisův–A	poses.
%	Kandrnál–N	Kandrnálův–A	poses.
%	Faraker–N	Farakerův–A	poses.
@	koukat–V	pokoukat–V	zdrob.
%	manifestantka–N	manifestantčin–A	poses.
%	Severoameričan–NC	Severoameričanův–A	poses.
@	péci–V	pékat–V	zdrob.
%	Ejdelman–N	Ejdelmanův–A	poses.
%	hezký–A	hezounký–A	zdrob.
%	skládkařka–N	skládkařčin–A	poses.
%	malý–A	maličký–A	zdrob.
%	žlutý–A	žluťoučký–A	zdrob.
%	senzualistka–N	senzualistčin–A	poses.
%	Trifunovičov–N	Trifunovičovův–A	poses.
%	antisandinistka–N	antisandinistčin–A	poses.
%	bezcita–N	bezcitův–A	poses.
%	demografka–N	demografčin–A	poses.
%	Stratón–N	Stratónův–A	poses.
%	sedmašedesátnice–N	sedmašedesátničin–A	poses.
@	flákat–V	vyflákat–V	zdrob.
%	Neduchal–N	Neduchalův–A	poses.
@	přivléci–V	přivlíkat–V	zdrob.
%	volek–N	volkův–A	poses.
%	sněmovnice–N	sněmovničin–A	poses.
@	žvýkat–V	rozežvýkat–V	zdrob.
%	frontmanka–N	frontmančin–A	poses.
%	Frömel–N	Frömelův–A	poses.
%	výbušinářka–N	výbušinářčin–A	poses.
@	koukat–V	zakoukat–V	zdrob.
%	revanšista–N	revanšistův–A	poses.
%	bavlnářka–N	bavlnářčin–A	poses.
@	břinkat–V	vbřinkat–V	zdrob.
@	smýkat–V	nasmýkat–V	zdrob.
%	osmisoudkyně–N	osmisoudkynin–A	poses.
?	hejkat–V	zahejkat–V	zdrob.
%	frčík–N	frčíkův–A	poses.
%	Bagehot–N	Bagehotův–A	poses.
%	grandseigneur–N	grandseigneurův–A	poses.
%	Europa–N	Europin–A	poses.
%	čiloun–N	čilounův–A	poses.
%	tatérka–N	tatérčin–A	poses.
%	tenounký–A	tenoulinký–A	zdrob.
@	prskat–V	vyprskat–V	zdrob.
%	Nilsen–N	Nilsenův–A	poses.
%	Karla–N	Karlin–A	poses.
@	říkat–V	naříkat–V	zdrob.
%	Koumba–N	Koumbův–A	poses.
%	vynašečka–N	vynašeččin–A	poses.
%	Bileckyj–N	Bileckyjův–A	poses.
%	defenzorka–N	defenzorčin–A	poses.
@	tleskat–V	vytleskat–V	zdrob.
%	Moravka–N	Moravčin–A	poses.
%	Nenadič–N	Nenadičův–A	poses.
%	stěžovatel–N	stěžovatelův–A	poses.
%	konatelka–N	konatelčin–A	poses.
@	makat–V	omakat–V	zdrob.
%	pajdák–N	pajdákův–A	poses.
%	kyselinářka–N	kyselinářčin–A	poses.
%	Gargallo–N	Gargallův–A	poses.
%	Humprecht–N	Humprechtův–A	poses.
@	houkat–V	odhoukat–V	zdrob.
%	voskovačka–N	voskovaččin–A	poses.
%	Barkašov–N	Barkašovův–A	poses.
%	číhalka–N	číhalčin–A	poses.
%	Wrangel–N	Wrangelův–A	poses.
%	Slovanka–N	Slovančin–A	poses.
?	kvíkat–V	zakvíkat–V	zdrob.
%	Lojda–N	Lojdův–A	poses.
%	superzločinec–N	superzločincův–A	poses.
%	bohorodička–NC	bohorodiččin–A	poses.
%	verbloud–N	verbloudův–A	poses.
%	Lízalka–N	Lízalčin–A	poses.
%	drobounký–A	droboulinký–A	zdrob.
%	Vocifer–N	Vociferův–A	poses.
%	suplentka–N	suplentčin–A	poses.
%	špitálnice–N	špitálničin–A	poses.
@	šmakat–V	prošmakat–V	zdrob.
@	hupkat–V	přehupkat–V	zdrob.
%	Wohrada–N	Wohradův–A	poses.
%	Zguriška–N	Zguriščin–A	poses.
%	zvítězitelka–N	zvítězitelčin–A	poses.
%	újezdářka–N	újezdářčin–A	poses.
%	skateboardistka–N	skateboardistčin–A	poses.
%	spoluredaktorka–N	spoluredaktorčin–A	poses.
%	Přepeřák–N	Přepeřákův–A	poses.
@	bzíkat–V	nabzíkat–V	zdrob.
%	židovička–N	židoviččin–A	poses.
%	Viktorka–N	Viktorčin–A	poses.
%	útlý–A	útlounký–A	zdrob.
%	utišovačka–N	utišovaččin–A	poses.
%	starokomunistka–N	starokomunistčin–A	poses.
%	hranolkářka–N	hranolkářčin–A	poses.
%	Lindman–N	Lindmanův–A	poses.
%	světýlkář–N	světýlkářův–A	poses.
%	utišovač–N	utišovačův–A	poses.
%	Thiel–N	Thielův–A	poses.
@	skákat–V	vyskákat–V	zdrob.
%	hiphoperka–N	hiphoperčin–A	poses.
@	lákat–V	odlákat–V	zdrob.
%	kladivářka–N	kladivářčin–A	poses.
@	prostýskat–V	prostejskat–V	zdrob.
%	Ineman–N	Inemanův–A	poses.
@	halekat–V	přehalekat–V	zdrob.
@	zametat–V	dozametat–V	zdrob.
%	Peschl–N	Peschlův–A	poses.
%	šéfbachařka–N	šéfbachařčin–A	poses.
@	blejskat–V	poblejskat–V	zdrob.
%	Kapetovec–N	Kapetovcův–A	poses.
%	garson–N	garsonův–A	poses.
%	Barmánec–N	Barmáncův–A	poses.
%	Gyges–N	Gygův–A	poses.
%	videopirátka–N	videopirátčin–A	poses.
%	vicesekretářka–N	vicesekretářčin–A	poses.
%	odběračka–N	odběraččin–A	poses.
%	předžákyně–N	předžákynin–A	poses.
@	pinkat–V	přepinkat–V	zdrob.
%	balíkářka–N	balíkářčin–A	poses.
%	Hannes–N	Hannesův–A	poses.
@	oblíkat–V	voblíkat–V	zdrob.
@	vysvléci–V	vysvlíkat–V	zdrob.
@	flákat–V	zflákat–V	zdrob.
%	prakonice–N	prakoničin–A	poses.
%	měkký–A	měkoučký–A	zdrob.
%	milý–A	miloučký–A	zdrob.
@	čerkat–V	zčerkat–V	zdrob.
%	Munzar–N	Munzarův–A	poses.
%	akceptovatelka–N	akceptovatelčin–A	poses.
%	Pauzer–N	Pauzerův–A	poses.
%	Castelin–N	Castelinův–A	poses.
%	spektrografka–N	spektrografčin–A	poses.
%	Vendelín–N	Vendelínův–A	poses.
?	capkat–V	zacapkat–V	zdrob.
%	Lágner–N	Lágnerův–A	poses.
%	determinista–N	deterministův–A	poses.
@	žvýkat–V	požvýkat–V	zdrob.
%	drancovník–N	drancovníkův–A	poses.
%	Vostřák–N	Vostřákův–A	poses.
%	ztěžovatel–N	ztěžovatelův–A	poses.
%	Kahler–N	Kahlerův–A	poses.
%	zelený–A	zeleňoučký–A	zdrob.
%	vyprávěčka–N	vyprávěččin–A	poses.
%	prostý–A	prosťoučký–A	zdrob.
%	žalmistka–N	žalmistčin–A	poses.
@	vzlykat–V	uvzlykat–V	zdrob.
%	zesměšňovatelka–N	zesměšňovatelčin–A	poses.
@	prýskat–V	odprýskat–V	zdrob.
%	Blaženka–N	Blaženčin–A	poses.
@	strkat–V	rozestrkat–V	zdrob.
%	Freundlieb–N	Freundliebův–A	poses.
%	odevzdatelka–N	odevzdatelčin–A	poses.
%	Frontman–N	Frontmanův–A	poses.
%	vařečnice–N	vařečničin–A	poses.
%	Iryna–N	Irynin–A	poses.
%	seřizovačka–N	seřizovaččin–A	poses.
%	šéfpamátkářka–N	šéfpamátkářčin–A	poses.
%	Brell–N	Brellův–A	poses.
%	Euronymé–N	Euronymin–A	poses.
@	lekat–V	ulekat–V	zdrob.
%	idiotka–N	idiotčin–A	poses.
%	sjednavatelka–N	sjednavatelčin–A	poses.
%	podsvobodnice–N	podsvobodničin–A	poses.
%	Bragg–N	Braggův–A	poses.
@	hýčkat–V	pohýčkat–V	zdrob.
%	Schleyer–N	Schleyerův–A	poses.
%	Šátava–N	Šátavův–A	poses.
%	Pexider–N	Pexiderův–A	poses.
%	Nedbálek–N	Nedbálkův–A	poses.
%	Hazera–N	Hazerův–A	poses.
@	čekat–V	odčekat–V	zdrob.
%	Lattner–N	Lattnerův–A	poses.
%	chiruržka–N	chiruržčin–A	poses.
%	Saleh–N	Salehův–A	poses.
%	Rostovčev–N	Rostovčevův–A	poses.
%	lakomec–N	lakomcův–A	poses.
%	Čmucha–N	Čmuchův–A	poses.
%	beachvolejbalista–N	beachvolejbalistův–A	poses.
%	Bandello–N	Bandellův–A	poses.
@	štěbetat–V	rozštěbetat–V	zdrob.
%	Tačner–N	Tačnerův–A	poses.
@	praskat–V	napraskat–V	zdrob.
@	srkat–V	vysrkat–V	zdrob.
@	štěbetat–V	naštěbetat–V	zdrob.
%	antispolkařka–N	antispolkařčin–A	poses.
%	Rusínka–N	Rusínčin–A	poses.
@	mrkat–V	promrkat–V	zdrob.
?	hrkat–V	zahrkat–V	zdrob.
%	Thrák–N	Thrákův–A	poses.
%	Běhúnek–N	Běhúnkův–A	poses.
%	vědkyně–N	vědkynin–A	poses.
%	Mochel–N	Mochelův–A	poses.
@	mykat–V	umykat–V	zdrob.
%	prelátka–N	prelátčin–A	poses.
@	ťukat–V	naťukat–V	zdrob.
%	špringršpanělka–N	špringršpanělčin–A	poses.
@	foukat–V	profoukat–V	zdrob.
%	racionalizátor–N	racionalizátorův–A	poses.
%	dvojženich–NC	dvojženichův–A	poses.
%	mohamedánka–N	mohamedánčin–A	poses.
@	mačkat–V	namačkat–V	zdrob.
@	říkat–V	přeříkat–V	zdrob.
%	rekordmanka–N	rekordmančin–A	poses.
%	Šerbašin–N	Šerbašinův–A	poses.
%	Winkelried–N	Winkelriedův–A	poses.
@	práskat–V	spráskat–V	zdrob.
%	gážistka–N	gážistčin–A	poses.
%	pseudotechnokratka–N	pseudotechnokratčin–A	poses.
%	brumlalka–N	brumlalčin–A	poses.
@	frkat–V	vyfrkat–V	zdrob.
%	znepříjemňovatelka–N	znepříjemňovatelčin–A	poses.
%	harcovnice–N	harcovničin–A	poses.
%	nutit–V	nutkat–V	zdrob.
?	krákat–V	zakrákat–V	zdrob.
%	Meumann–N	Meumannův–A	poses.
%	fasfulka–N	fasfulčin–A	poses.
%	velkochovatelka–N	velkochovatelčin–A	poses.
%	Ogihara–N	Ogiharův–A	poses.
@	mňoukat–V	vymňoukat–V	zdrob.
@	pukat–V	popukat–V	zdrob.
%	Šmodrchal–N	Šmodrchalův–A	poses.
@	tkát–V	potkat–V	zdrob.
%	Pongracz–N	Pongraczův–A	poses.
%	Inmaculada–N	Inmaculadin–A	poses.
?	mrouskat–V	zamrouskat–V	zdrob.
%	konsekvencialistka–N	konsekvencialistčin–A	poses.
%	pokérovanec–N	pokérovancův–A	poses.
@	žvýkat–V	žvejkat–V	zdrob.
%	vochcajda–N	vochcajdin–A	poses.
@	vypékat–V	vypejkat–V	zdrob.
%	tlustý–A	tlusťounký–A	zdrob.
@	přetlouci–V	přetloukat–V	zdrob.
%	dokonavatelka–N	dokonavatelčin–A	poses.
@	foukat–V	ufoukat–V	zdrob.
%	volařka–N	volařčin–A	poses.
%	ťapat–V	ťapkat–V	zdrob.
@	práskat–V	vypráskat–V	zdrob.
%	tlustý–A	tlusťoučký–A	zdrob.
@	zamykat–V	pozamykat–V	zdrob.
%	vodačka–N	vodaččin–A	poses.
%	kraťounký–A	kraťoulinký–A	zdrob.
%	Jaguška–N	Jaguščin–A	poses.
%	vrahyně–N	vrahynin–A	poses.
%	roajalista–N	roajalistův–A	poses.
%	Nastic–N	Nasticův–A	poses.
%	hotentotka–N	hotentotčin–A	poses.
%	Tejna–N	Tejnův–A	poses.
@	hulákat–V	zhulákat–V	zdrob.
%	Eluana–N	Eluanin–A	poses.
%	Kutra–N	Kutrův–A	poses.
%	pronásledovatelka–N	pronásledovatelčin–A	poses.
%	antialkoholik–N	antialkoholikův–A	poses.
@	mykat–V	zamykat–V	zdrob.
%	kačenka–N	kačenčin–A	poses.
%	Adamík–N	Adamíkův–A	poses.
%	Trlifaj–N	Trlifajův–A	poses.
@	plakat–V	odplakat–V	zdrob.
@	hýčkat–V	rozhýčkat–V	zdrob.
@	mačkat–V	domačkat–V	zdrob.
@	naříkat–V	pronaříkat–V	zdrob.
%	Filemon–N	Filemonův–A	poses.
@	trkat–V	otrkat–V	zdrob.
%	malodběratelka–N	malodběratelčin–A	poses.
@	flákat–V	naflákat–V	zdrob.
%	Chvosta–N	Chvostův–A	poses.
%	Bolemíra–N	Bolemířin–A	poses.
%	slabounký–A	slaboulinký–A	zdrob.
%	Mejzr–N	Mejzrův–A	poses.
%	Milén–N	Milénův–A	poses.
%	dělička–N	děliččin–A	poses.
%	čilý–A	čiloučký–A	zdrob.
@	pískat–V	napískat–V	zdrob.
%	Trautmann–N	Trautmannův–A	poses.
%	utilitář–N	utilitářův–A	poses.
%	bankéřka–N	bankéřčin–A	poses.
%	Argena–N	Argenin–A	poses.
@	hopkat–V	vyhopkat–V	zdrob.
%	Vysuček–N	Vysučkův–A	poses.
%	Brančík–N	Brančíkův–A	poses.
%	kouzelnice–N	kouzelničin–A	poses.
%	Majík–N	Majíkův–A	poses.
%	štíhlý–A	štíhloučký–A	zdrob.
@	těžkat–V	zatěžkat–V	zdrob.
%	Kristie–N	Kristiin–A	poses.
%	konsortantka–N	konsortantčin–A	poses.
@	říkat–V	rozříkat–V	zdrob.
%	dvojobčanka–N	dvojobčančin–A	poses.
%	Webber–N	Webberův–A	poses.
@	předpéci–V	předpékat–V	zdrob.
@	blejskat–V	problejskat–V	zdrob.
%	Babič–N	Babičův–A	poses.
%	Bischoff–N	Bischoffův–A	poses.
%	Jurka–N	Jurkův–A	poses.
%	hamrnice–N	hamrničin–A	poses.
%	jímatel–N	jímatelův–A	poses.
%	pedolog–N	pedologův–A	poses.
@	šmakat–V	našmakat–V	zdrob.
@	zastrkat–V	pozastrkat–V	zdrob.
%	preventista–N	preventistův–A	poses.
%	Grik–N	Grikův–A	poses.
%	poručitel–N	poručitelův–A	poses.
%	anekdotářka–N	anekdotářčin–A	poses.
@	pískat–V	upískat–V	zdrob.
%	požíračka–N	požíraččin–A	poses.
%	házenkářka–N	házenkářčin–A	poses.
@	propéci–V	propékat–V	zdrob.
%	Simmes–N	Simmesův–A	poses.
%	vojačka–N	vojaččin–A	poses.
%	Mladoboleslavák–N	Mladoboleslavákův–A	poses.
@	ustýskat–V	ustejskat–V	zdrob.
%	Alarika–N	Alaričin–A	poses.
%	Chvojsík–N	Chvojsíkův–A	poses.
@	houkat–V	dohoukat–V	zdrob.
@	kuckat–V	prokuckat–V	zdrob.
@	cinkat–V	odcinkat–V	zdrob.
@	mačkat–V	smačkat–V	zdrob.
%	tříroček–N	tříročkův–A	poses.
%	procuraindosantka–N	procuraindosantčin–A	poses.
%	Tatassopolos–N	Tatassopolův–A	poses.
%	Škovíra–N	Škovírův–A	poses.
%	Hübschmanka–N	Hübschmančin–A	poses.
%	šedivka–N	šedivčin–A	poses.
@	výskat–V	uvýskat–V	zdrob.
@	hýčkat–V	uhýčkat–V	zdrob.
@	hrkat–V	odhrkat–V	zdrob.
%	věnovatel–N	věnovatelův–A	poses.
%	Kyselák–N	Kyselákův–A	poses.
%	srabařka–N	srabařčin–A	poses.
%	Klása–N	Klásův–A	poses.
@	cvakat–V	přecvakat–V	zdrob.
%	Nunata–N	Nunatův–A	poses.
@	říkat–V	doříkat–V	zdrob.
%	Raznatovič–N	Raznatovičův–A	poses.
%	Réda–N	Rédův–A	poses.
%	Nikolka–N	Nikolčin–A	poses.
%	propagandistka–N	propagandistčin–A	poses.
%	komsomolka–N	komsomolčin–A	poses.
%	Botto–N	Bottův–A	poses.
%	navnaďovatelka–N	navnaďovatelčin–A	poses.
%	broučkařka–N	broučkařčin–A	poses.
@	umést–V	umetat–V	zdrob.
%	Jahic–N	Jahicův–A	poses.
%	majolenka–N	majolenčin–A	poses.
%	Mauss–N	Maussův–A	poses.
@	plkat–V	poplkat–V	zdrob.
%	otrokářka–N	otrokářčin–A	poses.
%	jemný–A	jemňounký–A	zdrob.
%	Jírovec–N	Jírovcův–A	poses.
%	vychutnávačka–N	vychutnávaččin–A	poses.
%	mamulenka–N	mamulenčin–A	poses.
%	ekumenista–N	ekumenistův–A	poses.
%	sokolnice–N	sokolničin–A	poses.
%	fenek–N	fenkův–A	poses.
%	Schmieder–N	Schmiederův–A	poses.
%	Bohůnek–N	Bohůnkův–A	poses.
%	lesák–N	lesákův–A	poses.
%	Mišpach–N	Mišpachův–A	poses.
%	dozíratelka–N	dozíratelčin–A	poses.
@	špitat–V	našpitat–V	zdrob.
%	skorkyně–N	skorkynin–A	poses.
%	Frigga–N	Friggin–A	poses.
%	radioamatérka–N	radioamatérčin–A	poses.
%	halapartník–N	halapartníkův–A	poses.
%	novicka–N	novicčin–A	poses.
%	Kazimourka–N	Kazimourčin–A	poses.
%	Pitterman–N	Pittermanův–A	poses.
@	protlouci–V	protloukat–V	zdrob.
%	Cascia–N	Casciův–A	poses.
%	Ostrožanka–N	Ostrožančin–A	poses.
@	skákat–V	přiskákat–V	zdrob.
%	pámbíček–N	pámbíčkův–A	poses.
%	úkolářka–N	úkolářčin–A	poses.
%	přistřihovačka–N	přistřihovaččin–A	poses.
%	Perdedaj–N	Perdedajův–A	poses.
%	Teiml–N	Teimlův–A	poses.
%	Tokajice–N	Tokajičin–A	poses.
%	antikomunistka–N	antikomunistčin–A	poses.
%	diskožena–NC	diskoženin–A	poses.
@	nutkat–V	vnutkat–V	zdrob.
%	majoritářka–N	majoritářčin–A	poses.
%	potíratelka–N	potíratelčin–A	poses.
?	cukat–V	zacukat–V	zdrob.
?	krkat–V	zakrkat–V	zdrob.
@	packat–V	popackat–V	zdrob.
%	drancovač–N	drancovačův–A	poses.
%	rovnostářka–N	rovnostářčin–A	poses.
@	třískat–V	natřískat–V	zdrob.
%	Hipparchos–N	Hipparchův–A	poses.
%	pornonakladatel–NC	pornonakladatelův–A	poses.
@	makat–V	odmakat–V	zdrob.
%	Navaro–N	Navarův–A	poses.
%	přikazovatel–N	přikazovatelův–A	poses.
%	znakoplavka–N	znakoplavčin–A	poses.
%	Naso–N	Nasův–A	poses.
%	Lipanka–N	Lipančin–A	poses.
%	napodobitel–N	napodobitelův–A	poses.
%	útlý–A	útloučký–A	zdrob.
%	voskářka–N	voskářčin–A	poses.
%	studnařka–N	studnařčin–A	poses.
%	Friederika–N	Friederičin–A	poses.
@	vzlykat–V	vyvzlykat–V	zdrob.
?	tykat–V	zatykat–V	zdrob.
%	Mottelson–N	Mottelsonův–A	poses.
%	Bagač–N	Bagačův–A	poses.
@	kmitat–V	prokmitat–V	zdrob.
%	Carolita–N	Carolitin–A	poses.
%	Pobříslo–N	Pobříslův–A	poses.
%	Šlahař–N	Šlahařův–A	poses.
%	zahazovačka–N	zahazovaččin–A	poses.
%	oblažovatelka–N	oblažovatelčin–A	poses.
%	Kovačičin–N	Kovačičinův–A	poses.
%	Rapčan–N	Rapčanův–A	poses.
?	tryskat–V	zatryskat–V	zdrob.
%	hajzldědek–NC	hajzldědkův–A	poses.
@	utéci–V	utékat–V	zdrob.
%	dvackařka–N	dvackařčin–A	poses.
%	vltavanka–N	vltavančin–A	poses.
%	skoroblondýnka–NC	skoroblondýnčin–A	poses.
%	tichý–A	tichoučký–A	zdrob.
@	mačkat–V	pomačkat–V	zdrob.
%	jednoduchý–AC	jednoduchoučký–A	zdrob.
%	plachtařka–N	plachtařčin–A	poses.
%	bazarnice–N	bazarničin–A	poses.
%	ubohý–A	ubohoučký–A	zdrob.
%	Salgado–N	Salgadův–A	poses.
%	Diunna–N	Diunnin–A	poses.
@	mykat–V	vymykat–V	zdrob.
%	Valachovič–N	Valachovičův–A	poses.
%	arcirevolucionář–NC	arcirevolucionářův–A	poses.
@	cákat–V	pocákat–V	zdrob.
%	Plessney–N	Plessneyův–A	poses.
%	arcivikářka–N	arcivikářčin–A	poses.
%	Görlich–N	Görlichův–A	poses.
%	Benignus–N	Benignusův–A	poses.
%	Afričanka–N	Afričančin–A	poses.
@	vřískat–V	uvřískat–V	zdrob.
%	zaopatřovatelka–N	zaopatřovatelčin–A	poses.
%	šípkařka–N	šípkařčin–A	poses.
@	foukat–V	pofoukat–V	zdrob.
%	bibliocestovatelka–N	bibliocestovatelčin–A	poses.
%	Mexičanka–N	Mexičančin–A	poses.
%	hezký–A	hezoučký–A	zdrob.
@	šmakat–V	došmakat–V	zdrob.
@	žvýkat–V	prožvýkat–V	zdrob.
%	Silajdžic–N	Silajdžicův–A	poses.
%	modroočka–N	modrooččin–A	poses.
%	skladatelka–N	skladatelčin–A	poses.
%	osvědčovatelka–N	osvědčovatelčin–A	poses.
%	urlaubnice–N	urlaubničin–A	poses.
%	integrátorka–N	integrátorčin–A	poses.
@	cvakat–V	docvakat–V	zdrob.
%	devětačtyřicátnice–N	devětačtyřicátničin–A	poses.
%	Francíček–N	Francíčkův–A	poses.
@	mačkat–V	odmačkat–V	zdrob.
%	Ondrejkovič–N	Ondrejkovičův–A	poses.
@	říkat–V	odříkat–V	zdrob.
%	butikářka–N	butikářčin–A	poses.
@	provléci–V	provlíkat–V	zdrob.
@	cupkat–V	přicupkat–V	zdrob.
%	Kengo–N	Kengův–A	poses.
%	wagnerovkyně–N	wagnerovkynin–A	poses.
%	výstavářka–N	výstavářčin–A	poses.
@	dovléci–V	dovlékat–V	zdrob.
%	vejměnkář–N	vejměnkářův–A	poses.
%	urbárnice–N	urbárničin–A	poses.
%	robka–N	robčin–A	poses.
@	natékat–V	natýkat–V	zdrob.
%	dynamoarchista–N	dynamoarchistův–A	poses.
?	houkat–V	zahoukat–V	zdrob.
?	hýkat–V	zahýkat–V	zdrob.
%	velorexářka–N	velorexářčin–A	poses.
%	meluzína–N	meluzínin–A	poses.
%	drůbežářka–N	drůbežářčin–A	poses.
%	Marujama–N	Marujamův–A	poses.
%	Agnesa–N	Agnesin–A	poses.
%	zabrušovačka–N	zabrušovaččin–A	poses.
?	broukat–V	zabroukat–V	zdrob.
%	studený–A	studeňoučký–A	zdrob.
%	Achternbusch–N	Achternbuschův–A	poses.
@	cákat–V	vycákat–V	zdrob.
%	připravovatelka–N	připravovatelčin–A	poses.
%	Braunschläger–N	Braunschlägrův–A	poses.
%	Hlučina–N	Hlučinův–A	poses.
%	nadšenkyně–N	nadšenkynin–A	poses.
%	zhmotnitelka–N	zhmotnitelčin–A	poses.
%	stračena–N	stračenin–A	poses.
%	Brynych–N	Brynychův–A	poses.
%	superuserka–N	superuserčin–A	poses.
%	minikajakář–NC	minikajakářův–A	poses.
%	Kramárik–N	Kramárikův–A	poses.
%	včelmistryně–N	včelmistrynin–A	poses.
%	Travenec–N	Travenecův–A	poses.
@	lákat–V	vylákat–V	zdrob.
%	Downes–N	Downesův–A	poses.
%	ypsilonista–N	ypsilonistův–A	poses.
@	klečet–V	klekat–V	zdrob.
%	šikovatelka–N	šikovatelčin–A	poses.
%	malilinký–A	malilinkatý–A	zdrob.
@	otlouci–V	otloukat–V	zdrob.
@	kdákat–V	rozkdákat–V	zdrob.
@	pleskat–V	vypleskat–V	zdrob.
@	lískat–V	nalískat–V	zdrob.
@	koukat–V	rozkoukat–V	zdrob.
%	Dougal–N	Dougalův–A	poses.
@	sekat–V	přisekat–V	zdrob.
%	ping-pongářka–N	ping-pongářčin–A	poses.
%	zachránkyně–N	zachránkynin–A	poses.
%	Vejs–N	Vejsův–A	poses.
%	Brönner–N	Brönnerův–A	poses.
%	praktikovatelka–N	praktikovatelčin–A	poses.
%	šedivý–A	našedivělý–A	zdrob.
@	tisknout–V	stiskat–V	zdrob.
%	Týdžej–N	Týdžejův–A	poses.
%	Skoba–N	Skobův–A	poses.
%	baretuchtivec–NC	baretuchtivcův–A	poses.
%	skorokomisař–NC	skorokomisařův–A	poses.
%	zvídavkyně–N	zvídavkynin–A	poses.
?	kukat–V	zakukat–V	zdrob.
%	Furmanka–N	Furmančin–A	poses.
%	Ostermeier–N	Ostermeierův–A	poses.
%	stlačitelka–N	stlačitelčin–A	poses.
@	sekat–V	prosekat–V	zdrob.
%	okupantka–N	okupantčin–A	poses.
%	roztomilý–A	roztomilounký–A	zdrob.
%	Kostis–N	Kostisův–A	poses.
%	brundibárka–N	brundibárčin–A	poses.
%	povolovatelka–N	povolovatelčin–A	poses.
%	Znojemák–N	Znojemákův–A	poses.
%	postkomunistka–N	postkomunistčin–A	poses.
%	Macek–N	Mackův–A	poses.
%	střihačka–N	střihaččin–A	poses.
@	hrkat–V	rozhrkat–V	zdrob.
%	prezidentka–N	prezidentčin–A	poses.
%	Audick–N	Audickův–A	poses.
%	Lujza–N	Lujzin–A	poses.
@	stékat–V	stejkat–V	zdrob.
%	Narayan–N	Narayanův–A	poses.
%	Pidgeon–N	Pidgeonův–A	poses.
@	smýkat–V	přesmýkat–V	zdrob.
%	tykadlovka–N	tykadlovčin–A	poses.
%	měkký–A	měkounký–A	zdrob.
@	stříkat–V	nastříkat–V	zdrob.
%	dlanička–N	dlaniččin–A	poses.
%	pařan–N	pařanův–A	poses.
%	Šafus–N	Šafusův–A	poses.
%	monolyžařka–N	monolyžařčin–A	poses.
%	Curwen–N	Curwenův–A	poses.
%	Kotrba–N	Kotrbův–A	poses.
@	šukat–V	ošukat–V	zdrob.
%	rozhazovačka–N	rozhazovaččin–A	poses.
?	břinkat–V	zabřinkat–V	zdrob.
?	vzlykat–V	zavzlykat–V	zdrob.
%	Rakovničanka–N	Rakovničančin–A	poses.
%	Michalovička–N	Michaloviččin–A	poses.
%	propůjčovatelka–N	propůjčovatelčin–A	poses.
@	pleskat–V	rozpleskat–V	zdrob.
%	přílipka–N	přílipčin–A	poses.
%	zasmušilkyně–N	zasmušilkynin–A	poses.
%	Taxis–N	Taxisův–A	poses.
%	byzantolog–N	byzantologův–A	poses.
%	vyzařovatelka–N	vyzařovatelčin–A	poses.
%	voňavý–A	voňavoučký–A	zdrob.
%	Derynk–N	Derynkův–A	poses.
%	Harnik–N	Harnikův–A	poses.
%	Rangl–N	Ranglův–A	poses.
@	lískat–V	dolískat–V	zdrob.
%	potlačovatelka–N	potlačovatelčin–A	poses.
%	rozkrádačka–N	rozkrádaččin–A	poses.
@	otéci–V	otékat–V	zdrob.
@	štěkat–V	naštěkat–V	zdrob.
%	kajícník–N	kajícníkův–A	poses.
%	Milouš–N	Miloušův–A	poses.
%	vměšovatelka–N	vměšovatelčin–A	poses.
%	zastřešovatelka–N	zastřešovatelčin–A	poses.
%	cihlářka–N	cihlářčin–A	poses.
%	Bužíček–N	Bužíčkův–A	poses.
%	Řihošek–N	Řihoškův–A	poses.
%	Valja–N	Valjin–A	poses.
%	Hybšman–N	Hybšmanův–A	poses.
%	velkovinařka–N	velkovinařčin–A	poses.
@	krákat–V	rozkrákat–V	zdrob.
@	plakat–V	uplakat–V	zdrob.
@	popostrčit–V	popostrkat–V	zdrob.
%	Bentsen–N	Bentsenův–A	poses.
@	fňukat–V	rozfňukat–V	zdrob.
@	hýčkat–V	přehýčkat–V	zdrob.
@	štěbetat–V	vyštěbetat–V	zdrob.
%	uňánek–N	uňuňánkův–A	poses.
%	přejímatel–N	přejímatelův–A	poses.
@	soukat–V	zasoukat–V	zdrob.
%	Šmilauer–N	Šmilauerův–A	poses.
%	Drkač–N	Drkačův–A	poses.
%	Sargon–N	Sargonův–A	poses.
%	Chlumečák–N	Chlumečákův–A	poses.
%	čekistka–N	čekistčin–A	poses.
%	utajovatelka–N	utajovatelčin–A	poses.
%	souběžkyně–N	souběžkynin–A	poses.
@	frkat–V	nafrkat–V	zdrob.
%	Nagako–N	Nagačin–A	poses.
%	krbař–N	krbařův–A	poses.
%	čechocentristka–N	čechocentristčin–A	poses.
%	Greffka–N	Greffčin–A	poses.
@	tkát–V	utkat–V	zdrob.
@	kukat–V	nakukat–V	zdrob.
%	vysavatelka–N	vysavatelčin–A	poses.
@	cupitat–V	docupitat–V	zdrob.
@	strkat–V	vstrkat–V	zdrob.
@	výskat–V	vejskat–V	zdrob.
%	Pýthón–N	Pýthónův–A	poses.
@	vztekat–V	navztekat–V	zdrob.
%	Perrell–N	Perrellův–A	poses.
%	Duškievič–N	Duškievičův–A	poses.
@	plakat–V	oplakat–V	zdrob.
%	kravička–N	kraviččin–A	poses.
%	kočičák–N	kočičákův–A	poses.
%	Arpida–N	Arpidin–A	poses.
%	Stejskalík–N	Stejskalíkův–A	poses.
%	proděkanka–N	proděkančin–A	poses.
%	Bořík–N	Boříkův–A	poses.
@	smýkat–V	dosmýkat–V	zdrob.
%	vzteklice–N	vztekličin–A	poses.
%	hajzlíček–N	hajzlíčkův–A	poses.
@	uzamykat–V	zuzamykat–V	zdrob.
@	stříkat–V	ustříkat–V	zdrob.
@	ťukat–V	vťukat–V	zdrob.
%	lesmistryně–N	lesmistrynin–A	poses.
@	mrskat–V	smrskat–V	zdrob.
@	louskat–V	vylouskat–V	zdrob.
@	cupitat–V	vycupitat–V	zdrob.
%	Karmín–N	Karmínův–A	poses.
%	kacířka–N	kacířčin–A	poses.
%	obětnice–N	obětničin–A	poses.
@	blýskat–V	oblýskat–V	zdrob.
@	pozatýkat–V	zpozatýkat–V	zdrob.
%	Abdas–N	Abdasův–A	poses.
%	Schelzig–N	Schelzigův–A	poses.
@	pinkat–V	upinkat–V	zdrob.
%	Swann–N	Swannův–A	poses.
%	Dungl–N	Dunglův–A	poses.
%	vyzáblina–N	vyzáblinin–A	poses.
%	trubadůrka–N	trubadůrčin–A	poses.
%	dveřnice–N	dveřničin–A	poses.
%	Georgios–N	Georgiosův–A	poses.
%	malý–A	malounký–A	zdrob.
%	krátký–A	kratičký–A	zdrob.
@	hmitat–V	dohmitat–V	zdrob.
%	Kupša–N	Kupšův–A	poses.
%	Leinsmer–N	Leinsmerův–A	poses.
%	laciný–A	laciňoučký–A	zdrob.
%	Těšíňanka–N	Těšíňančin–A	poses.
@	hulákat–V	přehulákat–V	zdrob.
%	šedomodrý–A	šedomodravý–A	zdrob.
@	prýskat–V	oprýskat–V	zdrob.
%	Koivista–N	Koivistin–A	poses.
@	čekat–V	učekat–V	zdrob.
%	čivava–N	čivavin–A	poses.
%	kulatý–A	kulaťounký–A	zdrob.
%	Crusoe–N	Crusoeův–A	poses.
%	ocenitelka–N	ocenitelčin–A	poses.
%	sádrokartonářka–N	sádrokartonářčin–A	poses.
@	šukat–V	odšukat–V	zdrob.
%	rozkošnice–N	rozkošničin–A	poses.
%	Skorych–N	Skorychův–A	poses.
@	fňukat–V	pofňukat–V	zdrob.
@	pšoukat–V	zapšoukat–V	zdrob.
%	krtoš–N	krtošův–A	poses.
%	křepelka–N	křepelčin–A	poses.
%	Hanylík–N	Hanylíkův–A	poses.
%	Rahner–N	Rahnerův–A	poses.
%	zloskvrnice–N	zloskvrničin–A	poses.
%	prokuraindosantka–N	prokuraindosantčin–A	poses.
%	Haywood–N	Haywoodův–A	poses.
%	kapat–V	kapkat–V	zdrob.
%	Erml–N	Ermlův–A	poses.
%	Blanchet–N	Blanchetův–A	poses.
%	Golián–N	Goliánův–A	poses.
%	bledý–A	bleďoučký–A	zdrob.
%	dirigentka–N	dirigentčin–A	poses.
%	Loney–N	Loneyův–A	poses.
%	Mirea–N	Mireův–A	poses.
%	Crane–N	Craneův–A	poses.
%	Benavides–N	Benavidesův–A	poses.
%	Scharmann–N	Scharmannův–A	poses.
?	frkat–V	zafrkat–V	zdrob.
@	zavléci–V	zavlékat–V	zdrob.
@	mačkat–V	rozmačkat–V	zdrob.
%	nepatrný–A	nepatrňoučký–A	zdrob.
@	prýskat–V	poprýskat–V	zdrob.
%	Miloševič–N	Miloševičův–A	poses.
%	holič–N	holičův–A	poses.
?	polykat–V	zapolykat–V	zdrob.
@	opéci–V	opíkat–V	zdrob.
@	žvýkat–V	sežvýkat–V	zdrob.
%	květinkářka–N	květinkářčin–A	poses.
%	zdání–N	zdáníčko–N	zdrob.
%	fašankářka–N	fašankářčin–A	poses.
?	srkat–V	zasrkat–V	zdrob.
%	křehký–A	křehoučký–A	zdrob.
%	vinitelka–N	vinitelčin–A	poses.
@	srkat–V	dosrkat–V	zdrob.
%	Oščenko–N	Oščenkův–A	poses.
%	Gjellerup–N	Gjellerupův–A	poses.
%	donor–N	donorův–A	poses.
%	urputnice–N	urputničin–A	poses.
%	Kassovitz–N	Kassovitzův–A	poses.
%	pořadatelka–N	pořadatelčin–A	poses.
@	výskat–V	vyvýskat–V	zdrob.
%	bledý–A	bleďounký–A	zdrob.
%	Aharonean–N	Aharoneanův–A	poses.
%	veneroložka–N	veneroložčin–A	poses.
%	roztřiďovačka–N	roztřiďovaččin–A	poses.
%	postrojářka–N	postrojářčin–A	poses.
%	Abaj–N	Abajův–A	poses.
%	mladý–A	mladičký–A	zdrob.
%	trasátka–N	trasátčin–A	poses.
%	vyslovovatelka–N	vyslovovatelčin–A	poses.
%	truhlářka–N	truhlářčin–A	poses.
%	sebekleštitelka–N	sebekleštitelčin–A	poses.
@	lekat–V	zlekat–V	zdrob.
@	třískat–V	utřískat–V	zdrob.
%	Pšenka–N	Pšenkův–A	poses.
%	Doutlík–N	Doutlíkův–A	poses.
%	zatratitelka–N	zatratitelčin–A	poses.
%	xylolitářka–N	xylolitářčin–A	poses.
%	Bouzek–N	Bouzkův–A	poses.
@	praskat–V	opraskat–V	zdrob.
@	kmitat–V	překmitat–V	zdrob.
@	makat–V	promakat–V	zdrob.
%	Engelchen–N	Engelchenův–A	poses.
%	vychovanec–N	vychovancův–A	poses.
%	dřevostavbařka–N	dřevostavbařčin–A	poses.
%	Spendiarov–N	Spendiarovův–A	poses.
%	inspirátorka–N	inspirátorčin–A	poses.
%	zděšenkyně–N	zděšenkynin–A	poses.
%	hroch–N	hrochův–A	poses.
%	Taura–N	Tauřin–A	poses.
%	Ostronosov–N	Ostronosovův–A	poses.
@	stříkat–V	zastříkat–V	zdrob.
%	Hlubočanka–N	Hlubočančin–A	poses.
@	laskat–V	ulaskat–V	zdrob.
%	zpochybňovatelka–N	zpochybňovatelčin–A	poses.
@	plkat–V	vyplkat–V	zdrob.
%	bylinářka–N	bylinářčin–A	poses.
%	Buchlovanka–N	Buchlovančin–A	poses.
%	viklefovkyně–N	viklefovkynin–A	poses.
%	poloproletářka–N	poloproletářčin–A	poses.
%	ohybatelka–N	ohybatelčin–A	poses.
%	euročinitelka–N	euročinitelčin–A	poses.
%	zrzka–N	zrzčin–A	poses.
@	srkat–V	vsrkat–V	zdrob.
%	boubelka–N	boubelčin–A	poses.
@	svléci–V	svlíkat–V	zdrob.
%	chovanka–N	chovančin–A	poses.
@	flákat–V	rozflákat–V	zdrob.
%	Knöpfelmacher–N	Knöpfelmacherův–A	poses.
%	začerňovatelka–N	začerňovatelčin–A	poses.
@	muckat–V	zmuckat–V	zdrob.
@	koukat–V	obkoukat–V	zdrob.
@	mykat–V	odmykat–V	zdrob.
%	makroparazit–NC	makroparazitův–A	poses.
%	Filaret–N	Filaretův–A	poses.
%	rozesírač–N	rozesíračův–A	poses.
%	konipas–NC	konipasův–A	poses.
%	pyžamářka–N	pyžamářčin–A	poses.
%	nezbednice–N	nezbedničin–A	poses.
%	Klotz–N	Klotzův–A	poses.
%	Šlapeta–N	Šlapetův–A	poses.
@	houkat–V	prohoukat–V	zdrob.
@	vytéci–V	vytékat–V	zdrob.
?	mekat–V	zamekat–V	zdrob.
%	hubený–A	hubeňoučký–A	zdrob.
%	surferka–N	surferčin–A	poses.
%	Kotnik–N	Kotnikův–A	poses.
%	Sasík–N	Sasíkův–A	poses.
%	ušařka–N	ušařčin–A	poses.
@	strkat–V	nastrkat–V	zdrob.
%	Fryšonc–N	Fryšoncův–A	poses.
%	kontributorka–N	kontributorčin–A	poses.
%	poptavatel–N	poptavatelův–A	poses.
%	Milavec–N	Milavecův–A	poses.
%	Cottin–N	Cottinův–A	poses.
%	Quidon–N	Quidonův–A	poses.
%	Rusoameričanka–N	Rusoameričančin–A	poses.
@	krákat–V	vykrákat–V	zdrob.
%	šéfinspektorka–N	šéfinspektorčin–A	poses.
%	Burdisso–N	Burdissův–A	poses.
%	předložitel–N	předložitelův–A	poses.
@	smýkat–V	vysmýkat–V	zdrob.
%	mašinistka–N	mašinistčin–A	poses.
@	cinkat–V	procinkat–V	zdrob.
@	flákat–V	proflákat–V	zdrob.
%	krajkářka–N	krajkářčin–A	poses.
%	šéfka–N	šéfčin–A	poses.
%	Štejfa–N	Štejfův–A	poses.
%	tenký–A	tenounký–A	zdrob.
%	hladký–A	hlaďounký–A	zdrob.
%	husitka–N	husitčin–A	poses.
%	madona–N	madonin–A	poses.
%	Pavlousek–N	Pavlouskův–A	poses.
%	velkoprůmyslnice–N	velkoprůmyslničin–A	poses.
%	Avnon–N	Avnonův–A	poses.
%	Ráža–N	Rážův–A	poses.
@	šmakat–V	ošmakat–V	zdrob.
?	kmitat–V	zakmitat–V	zdrob.
@	foukat–V	zafoukat–V	zdrob.
@	břinkat–V	nabřinkat–V	zdrob.
%	Trabalík–N	Trabalíkův–A	poses.
%	Benjamín–N	Benjamínův–A	poses.
?	šmakat–V	zašmakat–V	zdrob.
%	Jennifer–N	Jennifeřin–A	poses.
%	Borák–N	Borákův–A	poses.
%	Kristina–N	Kristinin–A	poses.
%	Mundl–N	Mundlův–A	poses.
?	pukat–V	zapukat–V	zdrob.
@	protýkat–V	zprotýkat–V	zdrob.
%	Hongkonžanka–N	Hongkonžančin–A	poses.
@	cákat–V	nacákat–V	zdrob.
%	arestantka–N	arestantčin–A	poses.
@	smýkat–V	usmýkat–V	zdrob.
@	otékat–V	otejkat–V	zdrob.
@	mrouskat–V	namrouskat–V	zdrob.
%	Nataša–N	Natašin–A	poses.
@	ťukat–V	poťukat–V	zdrob.
%	hauzírnice–N	hauzírničin–A	poses.
%	Johanna–N	Johannin–A	poses.
%	šéfreportérka–N	šéfreportérčin–A	poses.
%	Šoupa–N	Šoupův–A	poses.
%	ultrademokratka–N	ultrademokratčin–A	poses.
@	bzíkat–V	probzíkat–V	zdrob.
%	Faitl–N	Faitlův–A	poses.
%	skrovný–A	skrovničký–A	zdrob.
@	odmykat–V	poodmykat–V	zdrob.
%	obřadnice–N	obřadničin–A	poses.
@	strkat–V	zastrkat–V	zdrob.
%	vrzalka–N	vrzalčin–A	poses.
@	štěbetat–V	poštěbetat–V	zdrob.
%	Bolen–N	Bolenův–A	poses.
%	chóristka–N	chóristčin–A	poses.
%	pojmenovávatelka–N	pojmenovávatelčin–A	poses.
%	subdistributorka–N	subdistributorčin–A	poses.
%	sexistka–N	sexistčin–A	poses.
%	chabý–A	chaboučký–A	zdrob.
%	terej–N	terejův–A	poses.
@	strčit–V	strkat–V	zdrob.
%	Hrdinka–N	Hrdinkův–A	poses.
%	Vondál–N	Vondálův–A	poses.
%	Helminen–N	Helminenův–A	poses.
%	Tísifoné–N	Tísifonin–A	poses.
?	lákat–V	zalákat–V	zdrob.
@	pozamykat–V	zpozamykat–V	zdrob.
@	skákat–V	proskákat–V	zdrob.
%	šupinoploutvec–NC	šupinoploutvcův–A	poses.
@	foukat–V	sfoukat–V	zdrob.
%	skromný–A	skromničký–A	zdrob.
%	zlatnice–N	zlatničin–A	poses.
%	měšťanostka–N	měšťanostčin–A	poses.
%	Germaina–N	Germainin–A	poses.
%	Schnabel–N	Schnabelův–A	poses.
%	Culum–N	Culumův–A	poses.
@	cákat–V	zacákat–V	zdrob.
%	Slovgal–N	Slovgalův–A	poses.
%	antistalinistka–N	antistalinistčin–A	poses.
?	fňukat–V	zafňukat–V	zdrob.
%	Sobolev–N	Sobolevův–A	poses.
%	postupář–N	postupářův–A	poses.
@	prskat–V	oprskat–V	zdrob.
%	Bogatyrjov–N	Bogatyrjovův–A	poses.
@	blinkat–V	poblinkat–V	zdrob.
@	smrkat–V	vysmrkat–V	zdrob.
%	Hnilda–N	Hnildův–A	poses.
%	Miriamka–N	Miriamčin–A	poses.
%	superhokejista–N	superhokejistův–A	poses.
@	vzlykat–V	rozvzlykat–V	zdrob.
%	ascendentka–N	ascendentčin–A	poses.
%	revanšistka–N	revanšistčin–A	poses.
%	třídička–N	třídiččin–A	poses.
@	zříci–V	zříkat–V	zdrob.
%	Kuržeja–N	Kuržejův–A	poses.
?	ťupkat–V	zaťupkat–V	zdrob.
%	Wollpert–N	Wollpertův–A	poses.
@	foukat–V	přefoukat–V	zdrob.
%	násobitelka–N	násobitelčin–A	poses.
%	Jurygáček–N	Jurygáčkův–A	poses.
%	hamounka–N	hamounčin–A	poses.
?	skákat–V	zaskákat–V	zdrob.
%	Cortina–N	Cortinův–A	poses.
@	pukat–V	zpukat–V	zdrob.
@	práskat–V	dopráskat–V	zdrob.
%	Bubnár–N	Bubnárův–A	poses.
%	Yvetta–N	Yvettin–A	poses.
%	hebký–A	heboučký–A	zdrob.
%	kanovnice–N	kanovničin–A	poses.
@	tlapkat–V	vytlapkat–V	zdrob.
%	Buberl–N	Buberlův–A	poses.
@	foukat–V	dofoukat–V	zdrob.
%	horlitel–N	horlitelův–A	poses.
%	Budimir–N	Budimirův–A	poses.
%	kývatel–N	kývatelův–A	poses.
%	Sivor–N	Sivorův–A	poses.
%	Kristýna–N	Kristýnin–A	poses.
@	lákat–V	zlákat–V	zdrob.
%	starostlivka–N	starostlivčin–A	poses.
@	stříkat–V	sestříkat–V	zdrob.
%	Sivka–N	Sivčin–A	poses.
%	kančík–N	kančíkův–A	poses.
%	patricijka–N	patricijčin–A	poses.
%	Didó–N	Didonin–A	poses.
%	bajker–N	bajkerův–A	poses.
%	manžetář–N	manžetářův–A	poses.
%	lobbistka–N	lobbistčin–A	poses.
%	Thalét–N	Thalétův–A	poses.
%	plťařka–N	plťařčin–A	poses.
%	Obrtlík–N	Obrtlíkův–A	poses.
@	plakat–V	splakat–V	zdrob.
?	naříkat–V	zanaříkat–V	zdrob.
%	velkoobročnice–N	velkoobročničin–A	poses.
%	Konstanca–N	Konstancin–A	poses.
%	medovec–N	medovcův–A	poses.
@	třískat–V	střískat–V	zdrob.
%	zlomyslnice–N	zlomyslničin–A	poses.
@	mrskat–V	promrskat–V	zdrob.
%	Lužňanka–N	Lužňančin–A	poses.
%	osvětářka–N	osvětářčin–A	poses.
@	vytryskat–V	vytrýskat–V	zdrob.
%	kinoamatér–NC	kinoamatérův–A	poses.
%	Broďulka–N	Broďulčin–A	poses.
%	modráček–N	modráčkův–A	poses.
%	antimilitaristka–N	antimilitaristčin–A	poses.
%	Kanalduft–N	Kanalduftův–A	poses.
%	sólofagotistka–N	sólofagotistčin–A	poses.
@	mačkat–V	promačkat–V	zdrob.
%	Maulpertsch–N	Maulpertschův–A	poses.
%	exligistka–N	exligistčin–A	poses.
%	prýmkář–N	prýmkářův–A	poses.
%	Hasselhoff–N	Hasselhoffův–A	poses.
%	malinký–A	malininký–A	zdrob.
@	čiřikat–V	čirykat–V	zdrob.
?	vztekat–V	zavztekat–V	zdrob.
@	navléci–V	navlíkat–V	zdrob.
%	autosklářka–N	autosklářčin–A	poses.
%	fanoušek–N	fanouškův–A	poses.
%	Zavoral–N	Zavoralův–A	poses.
%	hokynářka–N	hokynářčin–A	poses.
%	prýmkařka–N	prýmkařčin–A	poses.
@	žbluňkat–V	nažbluňkat–V	zdrob.
%	všeumělkyně–N	všeumělkynin–A	poses.
@	prskat–V	rozprskat–V	zdrob.
?	ťukat–V	zaťukat–V	zdrob.
%	Grombíř–N	Grombířův–A	poses.
@	hupkat–V	vyhupkat–V	zdrob.
%	Bím–N	Bímův–A	poses.
%	guereza–N	guerezin–A	poses.
%	Balun–N	Balunův–A	poses.
%	červenokošiláčka–N	červenokošiláččin–A	poses.
%	Tieck–N	Tieckův–A	poses.
%	logotypařka–N	logotypařčin–A	poses.
%	výminkářka–N	výminkářčin–A	poses.
@	sekat–V	dosekat–V	zdrob.
%	srdíčkářka–N	srdíčkářčin–A	poses.
@	hupkat–V	přihupkat–V	zdrob.
%	Černo–N	Černův–A	poses.
%	Bouvard–N	Bouvardův–A	poses.
@	tokat–V	vytokat–V	zdrob.
%	Jakubijec–N	Jakubijcův–A	poses.
%	Hurikán–N	Hurikánův–A	poses.
%	rovný–A	rovňoučký–A	zdrob.
%	dvojžena–NC	dvojženin–A	poses.
%	Hradišťanka–N	Hradišťančin–A	poses.
%	klobásnice–N	klobásničin–A	poses.
?	stýskat–V	zastýskat–V	zdrob.
@	střetat–V	dostřetat–V	zdrob.
@	maloučko–D	pramaloučko–D	zdrob.
%	Heather–N	Heatheřin–A	poses.
%	Košilka–N	Košilkův–A	poses.
%	Boršarov–N	Boršarovův–A	poses.
%	pokojitelka–N	pokojitelčin–A	poses.
%	cykloprůvodkyně–N	cykloprůvodkynin–A	poses.
@	vyvléci–V	vyvlékat–V	zdrob.
%	Brňačka–N	Brňaččin–A	poses.
%	Elina–N	Elinin–A	poses.
%	lehký–A	lehounký–A	zdrob.
%	volný–A	volňoučký–A	zdrob.
%	sukcesorka–N	sukcesorčin–A	poses.
@	vyčkat–V	převyčkat–V	zdrob.
@	povléci–V	povlíkat–V	zdrob.
%	Mourinka–N	Mourinčin–A	poses.
@	štěkat–V	odštěkat–V	zdrob.
%	ministeriál–N	ministeriálův–A	poses.
@	zametat–V	pozametat–V	zdrob.
%	Charčenko–N	Charčenkův–A	poses.
%	sklepnice–N	sklepničin–A	poses.
?	vískat–V	zavískat–V	zdrob.
%	cykloběžkyně–N	cykloběžkynin–A	poses.
@	halekat–V	dohalekat–V	zdrob.
%	Fasner–N	Fasnerův–A	poses.
@	přitéci–V	přitékat–V	zdrob.
%	vyšvihovatelka–N	vyšvihovatelčin–A	poses.
@	stýskat–V	postýskat–V	zdrob.
%	vrahounek–N	vrahounkův–A	poses.
%	granikářka–N	granikářčin–A	poses.
%	antikvářka–N	antikvářčin–A	poses.
%	sudařka–N	sudařčin–A	poses.
%	Fiorina–N	Fiorinův–A	poses.
%	stěžovatelka–N	stěžovatelčin–A	poses.
%	každý–A	každinký–A	zdrob.
%	spolupatron–NC	spolupatronův–A	poses.
%	pohrdatelka–N	pohrdatelčin–A	poses.
%	Darlan–N	Darlanův–A	poses.
%	scénáristka–N	scénáristčin–A	poses.
%	vystavitelka–N	vystavitelčin–A	poses.
@	dotéci–V	dotékat–V	zdrob.
%	teplý–A	teplounký–A	zdrob.
%	Ázerbájdžánkyně–N	Ázerbájdžánkynin–A	poses.
@	strkat–V	ustrkat–V	zdrob.
%	drobný–A	droboučký–A	zdrob.
@	blejskat–V	doblejskat–V	zdrob.
?	flákat–V	zaflákat–V	zdrob.
@	pukat–V	napukat–V	zdrob.
%	Tuleja–N	Tulejův–A	poses.
%	spammerka–N	spammerčin–A	poses.
%	měkkyně–N	měkkynin–A	poses.
%	exhráčka–N	exhráččin–A	poses.
@	cvakat–V	procvakat–V	zdrob.
%	obrýlenec–N	obrýlencův–A	poses.
@	tknout–V	vytýkat–V	zdrob.
%	Pang–N	Pangův–A	poses.
%	rejpalka–N	rejpalčin–A	poses.
%	Frankenthaler–N	Frankenthalerův–A	poses.
%	smradlavý–A	smradlavoučký–A	zdrob.
%	Viletta–N	Vilettin–A	poses.
@	podvléci–V	podvlékat–V	zdrob.
%	Jemma–N	Jemmin–A	poses.
@	bzíkat–V	ubzíkat–V	zdrob.
%	persekutorka–N	persekutorčin–A	poses.
%	Mantorras–N	Mantorrasův–A	poses.
@	sekat–V	odsekat–V	zdrob.
%	Kaňák–N	Kaňákův–A	poses.
%	Divín–N	Divínův–A	poses.
%	Kraipl–N	Kraiplův–A	poses.
@	smrkat–V	nasmrkat–V	zdrob.
%	sebetravička–N	sebetraviččin–A	poses.
@	plakat–V	rozplakat–V	zdrob.
%	Wrobel–N	Wrobelův–A	poses.
%	modrý–A	modrounký–A	zdrob.
%	Zuzanka–N	Zuzančin–A	poses.
%	Smetáček–N	Smetáčkův–A	poses.
%	Eset–N	Esetin–A	poses.
%	Kýzoň–N	Kýzoňův–A	poses.
%	školmistryně–N	školmistrynin–A	poses.
@	pleskat–V	vpleskat–V	zdrob.
?	špitat–V	zašpitat–V	zdrob.
%	blondýnka–N	blondýnčin–A	poses.
%	Radok–N	Radokův–A	poses.
%	antukářka–N	antukářčin–A	poses.
@	fňukat–V	profňukat–V	zdrob.
%	bloggistka–N	bloggistčin–A	poses.
@	podvléci–V	podvlíkat–V	zdrob.
?	hopkat–V	zahopkat–V	zdrob.
%	Balderis–N	Balderisův–A	poses.
@	krákat–V	pokrákat–V	zdrob.
@	došprtat–V	došprkat–V	zdrob.
%	Gentl–N	Gentlův–A	poses.
%	Lucka–N	Lucčin–A	poses.
@	běloučký–A	superběloučký–A	zdrob.
%	věstitel–N	věstitelův–A	poses.
%	Mitchell–N	Mitchellův–A	poses.
%	Bobinka–N	Bobinčin–A	poses.
%	šamanka–N	šamančin–A	poses.
%	Gracl–N	Graclův–A	poses.
%	stavěčka–N	stavěččin–A	poses.
%	pátračka–N	pátraččin–A	poses.
%	suchý–A	suchounký–A	zdrob.
@	šuškat–V	našuškat–V	zdrob.
@	skákat–V	seskákat–V	zdrob.
@	skákat–V	veskákat–V	zdrob.
%	Šobáň–N	Šobáňův–A	poses.
%	Polymnia–N	Polymniin–A	poses.
%	Svítok–N	Svítokův–A	poses.
%	žlučníčkářka–N	žlučníčkářčin–A	poses.
%	radistka–N	radistčin–A	poses.
@	plískat–V	zaplískat–V	zdrob.
%	Džunajd–N	Džunajdův–A	poses.
%	Salichov–N	Salichovův–A	poses.
@	mrňoukat–V	zamrňoukat–V	zdrob.
%	Mongol–N	Mongolův–A	poses.
%	blbka–N	blbčin–A	poses.
%	škrtitelka–N	škrtitelčin–A	poses.
@	žvýkat–V	předžvýkat–V	zdrob.
%	Krek–N	Krkův–A	poses.
@	pleskat–V	opleskat–V	zdrob.
%	Mostovoj–N	Mostovojův–A	poses.
%	Vojtoň–N	Vojtoňův–A	poses.
%	neopunkerka–N	neopunkerčin–A	poses.
%	lanařka–N	lanařčin–A	poses.
%	Šaffařík–N	Šaffaříkův–A	poses.
%	Pippen–N	Pippenův–A	poses.
%	Romančík–N	Romančíkův–A	poses.
%	brýlařka–N	brýlařčin–A	poses.
%	rodička–N	rodiččin–A	poses.
%	prostý–A	prostičký–A	zdrob.
@	bleskat–V	vybleskat–V	zdrob.
%	Kluzek–N	Kluzkův–A	poses.
@	plakat–V	naplakat–V	zdrob.
@	vypéci–V	vypékat–V	zdrob.
%	Melchthal–N	Melchthalův–A	poses.
%	padesátník–N	padesátníkův–A	poses.
%	Maurer–N	Maurerův–A	poses.
%	ukojitelka–N	ukojitelčin–A	poses.
@	prskat–V	poprskat–V	zdrob.
@	hulákat–V	vyhulákat–V	zdrob.
%	myšok–N	myšokův–A	poses.
%	Rastěrjajev–N	Rastěrjajevův–A	poses.
@	mlaskat–V	pomlaskat–V	zdrob.
%	nákupnice–N	nákupničin–A	poses.
?	packat–V	zapackat–V	zdrob.
@	klinkat–V	odklinkat–V	zdrob.
%	Berg–N	Bergův–A	poses.
%	Kalináč–N	Kalináčův–A	poses.
%	Šejvar–N	Šejvarův–A	poses.
%	samosoudkyně–N	samosoudkynin–A	poses.
%	Naoko–N	Naočin–A	poses.
@	lokat–V	vylokat–V	zdrob.
%	hloupý–A	hloupoučký–A	zdrob.
%	Zita–N	Zitin–A	poses.
@	zpéci–V	zpékat–V	zdrob.
%	odčerpavatelka–N	odčerpavatelčin–A	poses.
@	mečet–V	mekat–V	zdrob.
?	hekat–V	zahekat–V	zdrob.
%	Šaron–N	Šaronův–A	poses.
%	Cassam–N	Cassamův–A	poses.
%	Huettler–N	Huettlerův–A	poses.
%	Ambrůz–N	Ambrůzův–A	poses.
%	Nejdečanka–N	Nejdečančin–A	poses.
%	jézeďačka–N	jézeďaččin–A	poses.
%	fňukalka–N	fňukalčin–A	poses.
%	nádenice–N	nádeničin–A	poses.
%	kalkulantka–N	kalkulantčin–A	poses.
%	spoluporučnice–N	spoluporučničin–A	poses.
%	Geidl–N	Geidlův–A	poses.
%	paďourka–N	paďourčin–A	poses.
@	kvokat–V	rozkvokat–V	zdrob.
%	zelený–A	nazelenalý–A	zdrob.
@	kapkat–V	odkapkat–V	zdrob.
%	Kovner–N	Kovnerův–A	poses.
%	Pilík–N	Pilíkův–A	poses.
%	geodetka–N	geodetčin–A	poses.
%	námořnice–N	námořničin–A	poses.
%	chaotka–N	chaotčin–A	poses.
%	medicinmanka–N	medicinmančin–A	poses.
@	čekat–V	dočkat–V	zdrob.
@	hrkat–V	přehrkat–V	zdrob.
%	Aprilka–N	Aprilčin–A	poses.
@	třískat–V	vtřískat–V	zdrob.
%	začátečnice–N	začátečničin–A	poses.
%	Jiskra–N	Jiskrův–A	poses.
%	koníčkářka–N	koníčkářčin–A	poses.
%	Olinečka–N	Olineččin–A	poses.
%	Waczek–N	Waczkův–A	poses.
@	pleskat–V	propleskat–V	zdrob.
%	Věrka–N	Věrčin–A	poses.
@	rozvléci–V	rozvlékat–V	zdrob.
%	jádrovačka–N	jádrovaččin–A	poses.
%	hepatolog–N	hepatologův–A	poses.
%	špehýřka–N	špehýřčin–A	poses.
@	naříkat–V	nanaříkat–V	zdrob.
@	žvýkat–V	rozžvýkat–V	zdrob.
%	Františka–N	Františčin–A	poses.
%	rezounka–N	rezounčin–A	poses.
%	Rochat–N	Rochatův–A	poses.
@	rozžvýkat–V	rozžvejkat–V	zdrob.
%	Déméter–N	Démétřin–A	poses.
%	Hlúšek–N	Hlúškův–A	poses.
%	rozsuzovatelka–N	rozsuzovatelčin–A	poses.
%	nymfomanka–N	nymfomančin–A	poses.
%	příjemný–A	příjemňoučký–A	zdrob.
%	Mariott–N	Mariottův–A	poses.
@	kuckat–V	vykuckat–V	zdrob.
@	protéci–V	protékat–V	zdrob.
%	vyprovázeč–N	vyprovázečův–A	poses.
%	Trudie–N	Trudiin–A	poses.
@	tryskat–V	otryskat–V	zdrob.
@	mukat–V	zamukat–V	zdrob.
%	upomínatelka–N	upomínatelčin–A	poses.
%	Lon–N	Lonův–A	poses.
%	Dünner–N	Dünnerův–A	poses.
@	tláskat–V	stláskat–V	zdrob.
%	tlouštice–N	tlouštičin–A	poses.
%	Stings–N	Stingsův–A	poses.
%	Hull–N	Hullův–A	poses.
%	řízkařka–N	řízkařčin–A	poses.
%	cyklobaron–NC	cyklobaronův–A	poses.
%	normotvůrce–N	normotvůrcův–A	poses.
%	jestřábnice–N	jestřábničin–A	poses.
%	Rubeška–N	Rubeškův–A	poses.
%	čtyrkolkář–N	čtyrkolkářův–A	poses.
%	epistemolog–N	epistemologův–A	poses.
%	sniperka–N	sniperčin–A	poses.
%	Agrippina–N	Agrippinin–A	poses.
%	lokálkářka–N	lokálkářčin–A	poses.
%	vynalézačka–N	vynalézaččin–A	poses.
%	Družnikov–N	Družnikovův–A	poses.
@	foukat–V	odfoukat–V	zdrob.
%	Cheirón–N	Cheirónův–A	poses.
%	zbědovankyně–N	zbědovankynin–A	poses.
%	Walesanka–N	Walesančin–A	poses.
%	šéfkuchařka–N	šéfkuchařčin–A	poses.
%	Krzystina–N	Krzystinin–A	poses.
%	Tanczos–N	Tanczosův–A	poses.
%	Oscar–N	Oscarův–A	poses.
%	zpovědnice–N	zpovědničin–A	poses.
@	plkat–V	doplkat–V	zdrob.
@	foukat–V	rozfoukat–V	zdrob.
@	sekat–V	usekat–V	zdrob.
@	utéci–V	utíkat–V	zdrob.
@	fňukat–V	ufňukat–V	zdrob.
@	ťapkat–V	poťapkat–V	zdrob.
@	šuškat–V	pošuškat–V	zdrob.
?	utíkat–V	zautíkat–V	zdrob.
%	Bourdain–N	Bourdainův–A	poses.
%	dopracovatelka–N	dopracovatelčin–A	poses.
%	vážitelka–N	vážitelčin–A	poses.
@	hekat–V	prohekat–V	zdrob.
%	sestrojitelka–N	sestrojitelčin–A	poses.
%	tlapat–V	tlapkat–V	zdrob.
%	Šubr–N	Šubrův–A	poses.
%	Velflík–N	Velflíkův–A	poses.
%	gladiátorka–N	gladiátorčin–A	poses.
%	Honzírka–N	Honzírkův–A	poses.
%	šlapka–N	šlapčin–A	poses.
%	kostkářka–N	kostkářčin–A	poses.
%	staroluterán–NC	staroluteránův–A	poses.
@	blejskat–V	oblejskat–V	zdrob.
%	teleoperátorka–N	teleoperátorčin–A	poses.
%	Cibulka–N	Cibulkův–A	poses.
%	završitelka–N	završitelčin–A	poses.
%	prťavý–A	prťavoučký–A	zdrob.
%	nefilmařka–N	nefilmařčin–A	poses.
%	novochartista–NC	novochartistův–A	poses.
@	syčet–V	sykat–V	zdrob.
%	Nájar–N	Nájarův–A	poses.
%	velkododavatelka–N	velkododavatelčin–A	poses.
%	nebásnice–N	nebásničin–A	poses.
%	Štírek–N	Štírkův–A	poses.
%	Privara–N	Privarův–A	poses.
%	formířka–N	formířčin–A	poses.
%	paralympionička–NC	paralympioniččin–A	poses.
%	kovolijec–NC	kovolijcův–A	poses.
@	houkat–V	vyhoukat–V	zdrob.
@	hýčkat–V	zhýčkat–V	zdrob.
@	foukat–V	nafoukat–V	zdrob.
@	stýskat–V	prostýskat–V	zdrob.
@	zakvétat–V	zakvetat–V	zdrob.
@	obléci–V	oblíkat–V	zdrob.
%	Bardotka–N	Bardotčin–A	poses.
%	vševládkyně–N	vševládkynin–A	poses.
%	Sittr–N	Sittrův–A	poses.
%	čerstvý–A	čerstvounký–A	zdrob.
%	Kolesa–N	Kolesův–A	poses.
%	vyděšenkyně–N	vyděšenkynin–A	poses.
%	ethnovlnařka–N	ethnovlnařčin–A	poses.
@	kakat–V	vykakat–V	zdrob.
%	Glucksmann–N	Glucksmannův–A	poses.
%	odbahňovatelka–N	odbahňovatelčin–A	poses.
%	Pantalone–N	Pantalonův–A	poses.
%	Gyurjan–N	Gyurjanův–A	poses.
%	přemnožitelka–N	přemnožitelčin–A	poses.
@	vrkat–V	uvrkat–V	zdrob.
%	reptalka–N	reptalčin–A	poses.
%	Steppan–N	Steppanův–A	poses.
%	sprejařka–N	sprejařčin–A	poses.
%	Sjöberg–N	Sjöbergův–A	poses.
%	Chudojnadzorov–N	Chudojnadzorovův–A	poses.
%	sucharka–N	sucharčin–A	poses.
%	Marchant–N	Marchantův–A	poses.
%	Gardien–N	Gardienův–A	poses.
%	Lewitt–N	Lewittův–A	poses.
%	Miláňanka–N	Miláňančin–A	poses.
%	Bohanes–N	Bohanesův–A	poses.
%	Zerlina–N	Zerlinin–A	poses.
%	vechtr–N	vechtrův–A	poses.
%	Akerson–N	Akersonův–A	poses.
@	vztekat–V	uvztekat–V	zdrob.
%	eurokratka–N	eurokratčin–A	poses.
%	knihovačka–NC	knihovaččin–A	poses.
%	nízký–A	nizoučký–A	zdrob.
%	zpracovávatelka–N	zpracovávatelčin–A	poses.
%	mykoložka–N	mykoložčin–A	poses.
%	Abbie–N	Abbiin–A	poses.
%	exmanželka–N	exmanželčin–A	poses.
%	depkařka–N	depkařčin–A	poses.
%	Aelred–N	Aelredův–A	poses.
@	ošukat–V	vošukat–V	zdrob.
%	Westley–N	Westleyův–A	poses.
@	hopkat–V	vhopkat–V	zdrob.
@	vtlouci–V	vtloukat–V	zdrob.
%	Frankenstein–N	Frankensteinův–A	poses.
%	Šiňák–N	Šiňákův–A	poses.
@	hekat–V	rozhekat–V	zdrob.
@	metat–V	pometat–V	zdrob.
%	Radojčič–N	Radojčičův–A	poses.
%	Allison–N	Allisonův–A	poses.
%	Elena–N	Elenin–A	poses.
%	obroditelka–N	obroditelčin–A	poses.
%	Bibelriether–N	Bibelrietherův–A	poses.
@	skočit–V	skákat–V	zdrob.
%	eskymák–N	eskymákův–A	poses.
%	Eumenida–N	Eumenidin–A	poses.
%	Georgijevna–N	Georgijevnin–A	poses.
%	Reindl–N	Reindlův–A	poses.
%	ženobijce–N	ženobijcův–A	poses.
%	Spruance–N	Spruanceův–A	poses.
?	cvrkat–V	zacvrkat–V	zdrob.
%	superkanonýrka–N	superkanonýrčin–A	poses.
%	Vídeňák–N	Vídeňákův–A	poses.
@	odpískat–V	vodpískat–V	zdrob.
@	stýskat–V	nastýskat–V	zdrob.
%	feudálka–N	feudálčin–A	poses.
%	Beisbier–N	Beisbierův–A	poses.
@	stýskat–V	dostýskat–V	zdrob.
@	plakat–V	proplakat–V	zdrob.
%	Vovčuk–N	Vovčukův–A	poses.
%	Halina–N	Halinin–A	poses.
?	bzíkat–V	zabzíkat–V	zdrob.
?	pleskat–V	zapleskat–V	zdrob.
@	týkat–V	potýkat–V	zdrob.
%	zadavatel–N	zadavatelův–A	poses.
%	neteř–N	neteřin–A	poses.
%	Kostikov–N	Kostikovův–A	poses.
@	hopkat–V	přehopkat–V	zdrob.
%	mírotvůrkyně–N	mírotvůrkynin–A	poses.
@	spinkat–V	vyspinkat–V	zdrob.
%	veristka–N	veristčin–A	poses.
@	říkat–V	předříkat–V	zdrob.
%	Hogg–N	Hoggův–A	poses.
%	Vokuš–N	Vokušův–A	poses.
%	spoluvězeňkyně–N	spoluvězeňkynin–A	poses.
%	Chrissie–N	Chrissiin–A	poses.
%	Pišťák–N	Pišťákův–A	poses.
@	prýskat–V	rozprýskat–V	zdrob.
%	Majerník–N	Majerníkův–A	poses.
%	chlastounka–N	chlastounčin–A	poses.
%	Schneeberg–N	Schneebergův–A	poses.
?	kuňkat–V	zakuňkat–V	zdrob.
@	hýkat–V	uhýkat–V	zdrob.
%	Imrych–N	Imrychův–A	poses.
%	Šumpich–N	Šumpichův–A	poses.
%	Tuchyňa–N	Tuchyňův–A	poses.
%	Lilianka–N	Liliančin–A	poses.
@	metat–V	rozmetat–V	zdrob.
%	Poulice–N	Pouličin–A	poses.
%	Duchtík–N	Duchtíkův–A	poses.
%	brigita–N	brigitin–A	poses.
@	setkat–V	stýkat–V	zdrob.
%	švegruška–N	švekruščin–A	poses.
%	nohejbalistka–N	nohejbalistčin–A	poses.
%	pětačtyřicátnice–N	pětačtyřicátničin–A	poses.
%	quattristka–N	quattristčin–A	poses.
%	rolnice–N	rolničin–A	poses.
%	potratářka–N	potratářčin–A	poses.
@	prskat–V	zaprskat–V	zdrob.
@	lekat–V	vylekat–V	zdrob.
%	Lampíř–N	Lampířův–A	poses.
@	cákat–V	ocákat–V	zdrob.
%	provozářka–N	provozářčin–A	poses.
%	hodný–A	hodňoučký–A	zdrob.
%	zkamenělkyně–N	zkamenělkynin–A	poses.
@	capkat–V	vcapkat–V	zdrob.
%	dechařka–N	dechařčin–A	poses.
@	strkat–V	sestrkat–V	zdrob.
@	laskat–V	zlaskat–V	zdrob.
%	boudnice–N	boudničin–A	poses.
@	smrkat–V	posmrkat–V	zdrob.
%	sebelhářka–N	sebelhářčin–A	poses.
%	klapkařka–N	klapkařčin–A	poses.
%	ťupat–V	ťupkat–V	zdrob.
@	packat–V	zpackat–V	zdrob.
%	měditiskařka–N	měditiskařčin–A	poses.
@	zasvítat–V	zasvitat–V	zdrob.
%	Medulek–N	Medulkův–A	poses.
%	Vögler–N	Vöglerův–A	poses.
%	ceremoniářka–N	ceremoniářčin–A	poses.
%	Dica–N	Dicův–A	poses.
%	ožralka–N	ožralčin–A	poses.
%	Hagen–N	Hagenův–A	poses.
%	tenký–A	teninký–A	zdrob.
%	Ďumbala–N	Ďumbalův–A	poses.
@	koukat–V	okoukat–V	zdrob.
@	vyvléci–V	vyvlíkat–V	zdrob.
%	Quantilianus–N	Quantilianův–A	poses.
%	chorý–A	churavý–A	zdrob.
%	Išikava–N	Išikavin–A	poses.
@	skákat–V	doskákat–V	zdrob.
@	smrkat–V	odsmrkat–V	zdrob.
%	sapérka–N	sapérčin–A	poses.
@	sekat–V	vysekat–V	zdrob.
%	Silvinho–N	Silvinhův–A	poses.
%	Otrokovičan–N	Otrokovičanův–A	poses.
%	rozvážeč–N	rozvážečův–A	poses.
