;underwood_None;underwoodka_N
;nop_None;nopka_N
;kost_None;kostka_N
;stáčeč_None;stáčečka_N
;Čerkes_None;Čerkeska_N
\;masař_None;masařka_N
\;Bohuš_None;Bohuška_N
;zvěřina_None;zvěřinečka_N
;vila_None;vilečka_N
;črta_None;črtečka_N
;záda_None;zádečka_N
;Zuzana_None;Zuzanečka_N
\;vlna_None;vlnečka_N
;sláma_None;slámečka_N
;hříva_None;hřívečka_N
;ústa_None;ústečka_N
;skýva_None;skývečka_N
;ředina_None;ředinečka_N
;zástěra_None;zástěrečka_N
\;hora_None;horečka_N
;láj_None;láje_N
;ráž_None;ráže_N
;branzol_None;branzole_N
\;madam_None;madame_N
\;kapric_None;kaprice_N
\;renonc_None;renonce_N
\;epopej_None;epopeje_N
\;pyj_None;pyje_N
\;skór_None;skóre_N
\;skrýš_None;skrýše_N
\;zář_None;záře_N
\;máj_None;máje_N
\;šíř_None;šíře_N
;verk_None;verkovní_A
;čaj_None;čajovní_A
;rým_None;rýmovní_A
;sport_None;sportovní_A
;pacht_None;pachtovní_A
;trumf_None;trumfovní_A
;fond_None;fondovní_A
;čep_None;čepovní_A
;kšeft_None;kšeftovní_A
;amoniak_None;amoniakální_A
;sufix_None;sufixální_A
;zodiak_None;zodiakální_A
;prodrom_None;prodromální_A
;kontinent_None;kontinentální_A
;experiment_None;experimentální_A
;triumf_None;triumfální_A
;edikt_None;ediktální_A
;katar_None;katarální_A
;rvát_None;rvavý_A
;lhát_None;lhavý_A
;psát_None;psavý_A
;smát_None;smavý_A
;vlát_None;vlavý_A
;štkát_None;štkavý_A
;zvát_None;zvavý_A
;hrát_None;hravý_A
;ždát_None;ždavý_A
;voroplavba_None;voroplavební_A
;vozba_None;vozební_A
;držba_None;držební_A
;hudba_None;hudební_A
;sazba_None;sazební_A
;dlažba_None;dlažební_A
;honba_None;honební_A
;tržba_None;tržební_A
;modlitba_None;modlitební_A
;volba_None;volební_A
;tavba_None;tavební_A
;vyhlídka_None;vyhlídčička_N
;zásuvka_None;zásuvčička_N
;fajfka_None;fajfčička_N
;stránka_None;stránčička_N
;sbírka_None;sbírčička_N
;znělka_None;znělčička_N
;šerka_None;šerčička_N
;baňka_None;baňčička_N
;aktovka_None;aktovčička_N
;kolíbka_None;kolíbčička_N
;obálka_None;obálčička_N
\;mírňoučký_None;mírňounce_D
\;měkoučký_None;měkounce_D
\;tenoučký_None;tenounce_D
\;heboučký_None;hebounce_D
\;čisťoučký_None;čisťounce_D
\;kratičký_None;kratince_D
\;tichoučký_None;tichounce_D
\;lehoučký_None;lehounce_D
\;útloučký_None;útlounce_D
\;mladičký_None;mladince_D
\;droboučký_None;drobounce_D
\;skrovňoučký_None;skrovňounce_D
\;makrónek_None;makrónka_N
\;borek_None;borka_N
;stárek_None;stárka_N
;zrzek_None;zrzka_N
\;prýmek_None;prýmka_N
;vlýsek_None;vlýska_N
;pirožek_None;pirožka_N
\;výtržek_None;výtržka_N
\;záhumenek_None;záhumenka_N
\;výdutek_None;výdutka_N
\;štěpek_None;štěpka_N
\;slabounký_None;slaboučce_D
\;kraťounký_None;kraťoučce_D
\;řiďounký_None;řiďoučce_D
\;skromňounký_None;skromňoučce_D
\;hlaďounký_None;hlaďoučce_D
\;jemňounký_None;jemňoučce_D
\;prosťounký_None;prosťoučce_D
\;kulaťounký_None;kulaťoučce_D
\;modrounký_None;modroučce_D
\;suchounký_None;suchoučce_D
\;milounký_None;miloučce_D
\;slaďounký_None;slaďoučce_D
;žvatlal_None;žvatlálek_N
;mlsal_None;mlsálek_N
;čmuchal_None;čmuchálek_N
;škrabal_None;škrabálek_N
;šakal_None;šakálek_N
;šukal_None;šukálek_N
;štěbetal_None;štěbetálek_N
;loudal_None;loudálek_N
;vychloubal_None;vychloubálek_N
;vtipkal_None;vtipkálek_N
;šeptal_None;šeptálek_N
\;odkudž_None;odkudže_D
\;ponejvíc_None;ponejvíce_D
\;nanejvíc_None;nanejvíce_D
\;nanejvýš_None;nanejvýše_D
\;poblíž_None;poblíže_D
\;vposléz_None;vposléze_D
\;veskrz_None;veskrze_D
\;povíc_None;povíce_D
\;kdež_None;kdeže_D
\;dál_None;dále_D
\;zas_None;zase_D
\;spíš_None;spíše_D
\;podruží_None;podružný_A
;žilobití_None;žilobitný_A
;účelosloví_None;účeloslovný_A
\;žádoucí_None;žádoucný_A
;vývojesloví_None;vývojeslovný_A
;pohádkosloví_None;pohádkoslovný_A
;větosloví_None;větoslovný_A
\;přející_None;přejícný_A
;uměnosloví_None;uměnoslovný_A
\;nemohoucí_None;nemohoucný_A
\;pomíjející_None;pomíjejícný_A
;maňas_None;maňásek_N
;čas_None;čásek_N
;ďas_None;ďásek_N
;ťulpas_None;ťulpásek_N
;karas_None;karásek_N
;taras_None;tarásek_N
;vlas_None;vlásek_N
;hlas_None;hlásek_N
;chuďas_None;chuďásek_N
;zsinat_None;zsinavý_A
;klusat_None;klusavý_A
;omlouvat_None;omlouvavý_A
;zpytat_None;zpytavý_A
;zhasínat_None;zhasínavý_A
;vítat_None;vítavý_A
;propadat_None;propadavý_A
;mazat_None;mazavý_A
;plískat_None;plískavý_A
;lokat_None;lokavý_A
;žalovat_None;žalovavý_A
;líbat_None;líbavý_A
;dramaturg_None;dramaturgyně_N
;otrok_None;otrokyně_N
;Řek_None;Řekyně_N
;rek_None;rekyně_N
;prorok_None;prorokyně_N
;vrah_None;vrahyně_N
;voják_None;vojákyně_N
;podruh_None;podruhyně_N
\;všudybyl_None;všudybylý_A
;dávnověk_None;dávnověký_A
;osmihlas_None;osmihlasý_A
;zlatokvět_None;zlatokvětý_A
;zlatovous_None;zlatovousý_A
;šedověk_None;šedověký_A
;bystrozrak_None;bystrozraký_A
;jednohlas_None;jednohlasý_A
;zlatoháv_None;zlatohávý_A
;bezbřehý_None;bezbřeze_D
;dlouhý_None;dlouze_D
;vlahý_None;vlaze_D
;blahý_None;blaze_D
;předlouhý_None;předlouze_D
;drahý_None;draze_D
;přeubohý_None;přeuboze_D
;nebohý_None;neboze_D
;předrahý_None;předraze_D
;durativum_None;durativní_A
;sedativum_None;sedativní_A
;apelativum_None;apelativní_A
;augmentativum_None;augmentativní_A
;deminutivum_None;deminutivní_A
;imperfektivum_None;imperfektivní_A
;imperfektum_None;imperfektní_A
;tunel_None;tunýlek_N
;model_None;modýlek_N
;ředitel_None;ředitýlek_N
;kostel_None;kostýlek_N
;učitel_None;učitýlek_N
;uhel_None;uhýlek_N
;fotel_None;fotýlek_N
;letohrad_None;letohrádek_N
;příklad_None;příkládek_N
;řad_None;řádek_N
;strnad_None;strnádek_N
;poklad_None;pokládek_N
;vklad_None;vkládek_N
;vychovanec_None;vychovanka_N
;stachanovec_None;stachanovka_N
;věštec_None;věštka_N
\;Moravec_None;Moravka_N
;vyvolenec_None;vyvolenka_N
;biřmovanec_None;biřmovanka_N
;cvičenec_None;cvičenka_N
;dvojenec_None;dvojenka_N
;odchovanec_None;odchovanka_N
;prádlo_None;prádelní_A
;křídlo_None;křídelní_A
;žrádlo_None;žrádelní_A
;jídlo_None;jídelní_A
;žluťoučký_None;žluťounký_A
\;krásňoučký_None;krásňounký_A
\;hloupoučký_None;hloupounký_A
\;čerňoučký_None;čerňounký_A
\;mírňoučký_None;mírňounký_A
\;droboučký_None;drobounký_A
\;chuďoučký_None;chuďounký_A
\;volňoučký_None;volňounký_A
\;neviňoučký_None;neviňounký_A
\;nemocenský_None;nemocenské_N
;uzený_None;uzené_N
;stojný_None;stojné_N
;výslužný_None;výslužné_N
;portský_None;portské_N
;vepřový_None;vepřové_N
;jízdný_None;jízdné_N
\;výsměch_None;výsměšek_N
;hřích_None;hříšek_N
;zápach_None;zápašek_N
;vrch_None;vršek_N
;vrtoch_None;vrtošek_N
;čachr_None;čachřík_N
;pulovr_None;pulovřík_N
;orchestr_None;orchestřík_N
;kvádr_None;kvádřík_N
;půllitr_None;půllitřík_N
;kmotr_None;kmotřík_N
;flastr_None;flastřík_N
;Petr_None;Petřík_N
;Ela_None;Elinka_N
;Klára_None;Klárinka_N
;Lojza_None;Lojzinka_N
\;čuba_None;čubinka_N
\;bota_None;botinka_N
\;karafa_None;karafinka_N
;Manča_None;Mančinka_N
;zima_None;ziminka_N
;Sláva_None;Slávinka_N
;suchar_None;suchárek_N
;špejchar_None;špejchárek_N
;fukar_None;fukárek_N
;husar_None;husárek_N
;ovar_None;ovárek_N
;tolar_None;tolárek_N
;ogar_None;ogárek_N
;krejcar_None;krejcárek_N
\;zbořeniště_None;zbořenisko_N
\;rumiště_None;rumisko_N
\;těžiště_None;těžisko_N
\;rašeliniště_None;rašelinisko_N
\;kutiště_None;kutisko_N
\;štěrkoviště_None;štěrkovisko_N
\;spáleniště_None;spálenisko_N
\;řepniště_None;řepnisko_N
;zvukomalba_None;zvukomalebný_A
;volba_None;volebný_A
;kresba_None;kresebný_A
;krajinomalba_None;krajinomalebný_A
;povahokresba_None;povahokresebný_A
\;virus_None;vir_N
\;klérus_None;klér_N
\;stimulus_None;stimul_N
\;luxus_None;lux_N
\;majordomus_None;majordom_N
\;vilikus_None;vilik_N
\;sexus_None;sex_N
\;tetanus_None;tetan_N
;druhohory_None;druhohorní_A
;třetihory_None;třetihorní_A
;prvohory_None;prvohorní_A
;čtvrtohory_None;čtvrtohorní_A
;kasematy_None;kasematní_A
;pandekty_None;pandektní_A
\;marodér_None;marodérství_N
\;preceptor_None;preceptorství_N
\;pobratim_None;pobratimství_N
\;misogyn_None;misogynství_N
\;selfmademan_None;selfmademanství_N
\;nohsled_None;nohsledství_N
\;kustod_None;kustodství_N
\;kazisvět_None;kazisvětství_N
\;obol_None;obolus_N
\;zodiak_None;zodiakus_N
\;kult_None;kultus_N
\;sex_None;sexus_N
\;abort_None;abortus_N
\;tetan_None;tetanus_N
\;Saturn_None;Saturnus_N
\;Cerber_None;Cerberus_N
;šetřil_None;šetřílek_N
;spořil_None;spořílek_N
;šklebil_None;šklebílek_N
;škádlil_None;škádlílek_N
;blouznil_None;blouznílek_N
;škrtil_None;škrtílek_N
;žvanil_None;žvanílek_N
;chlubil_None;chlubílek_N
;vidina_None;vidinný_A
;zlota_None;zlotný_A
;výzdoba_None;výzdobný_A
;včela_None;včelný_A
;zora_None;zorný_A
;úmluva_None;úmluvný_A
;strefa_None;strefný_A
;odbor_None;odbory_N
;Jeseník_None;Jeseníky_N
;prach_None;prachy_N
;zvěd_None;zvědy_N
\;Doudleb_None;Doudleby_N
;okulár_None;okuláry_N
;Švýcar_None;Švýcary_N
;drob_None;droby_N
;krok_None;kročný_A
;předsudek_None;předsudečný_A
;výdělek_None;výdělečný_A
;zálik_None;záličný_A
;písek_None;písečný_A
;čtvrtrok_None;čtvrtroční_A
;pátek_None;páteční_A
;prvopočátek_None;prvopočáteční_A
;čtvrtek_None;čtvrteční_A
;krk_None;krční_A
;smutek_None;smuteční_A
;skeptik_None;skeptička_N
;elektrotechnik_None;elektrotechnička_N
;estetik_None;estetička_N
;neurastenik_None;neurastenička_N
;fonetik_None;fonetička_N
;zálik_None;zálička_N
;lyrik_None;lyrička_N
\;úryvek_None;úryv_N
\;výstřelek_None;výstřel_N
\;járek_None;jár_N
\;přírůstek_None;přírůst_N
\;vpisek_None;vpis_N
\;výšklebek_None;výškleb_N
\;pořízek_None;poříz_N
\;úbytek_None;úbyt_N
;trubec_None;trubčí_A
;hřebec_None;hřebčí_A
;dravec_None;dravčí_A
;mravenec_None;mravenčí_A
;žabec_None;žabčí_A
;zrcadlo_None;zrcadélko_N
;zavazadlo_None;zavazadélko_N
;vřídlo_None;vřídélko_N
;žihadlo_None;žihadélko_N
;číslo_None;čísélko_N
;žrádlo_None;žrádélko_N
;sklo_None;skélko_N
;sochor_None;sochůrek_N
;lavor_None;lavůrek_N
;brambor_None;brambůrek_N
;názor_None;názůrek_N
;traktor_None;traktůrek_N
;obzor_None;obzůrek_N
;bandor_None;bandůrek_N
;Trója_None;Trójan_N
;Detva_None;Detvan_N
;Varšava_None;Varšavan_N
;Moskva_None;Moskvan_N
;Evropa_None;Evropan_N
;záchod_None;záchůdek_N
;závod_None;závůdek_N
;podvod_None;podvůdek_N
;národ_None;nárůdek_N
;vzdělanec_None;vzdělankyně_N
;rytec_None;rytkyně_N
;blíženec_None;blíženkyně_N
;vášnivec_None;vášnivkyně_N
;inercie_None;inerciální_A
;eparchie_None;eparchiální_A
;kurie_None;kuriální_A
;revue_None;revuální_A
;gubernie_None;guberniální_A
\;řehtadlo_None;řehtátko_N
\;zastrkovadlo_None;zastrkovátko_N
\;odpočívadlo_None;odpočívátko_N
\;struhadlo_None;struhátko_N
\;škrabadlo_None;škrabátko_N
\;držadlo_None;držátko_N
;plevel_None;plevílek_N
;kašel_None;kašílek_N
;uzel_None;uzílek_N
;mol_None;molární_A
;fagocyt_None;fagocytární_A
;ventrikul_None;ventrikulární_A
;Turek_None;Turkyně_N
;stárek_None;stárkyně_N
;potomek_None;potomkyně_N
;předek_None;předkyně_N
;okov_None;okůvek_N
;krov_None;krůvek_N
;žernov_None;žernůvek_N
;krchov_None;krchůvek_N
;rov_None;růvek_N
\;žilovitý_None;žilovatý_A
\;uzlovitý_None;uzlovatý_A
\;vředovitý_None;vředovatý_A
\;záhybovitý_None;záhybovatý_A
\;vláknitý_None;vláknatý_A
\;vráskovitý_None;vráskovatý_A
\;žebrovitý_None;žebrovatý_A
\;tense_None;tenze_N
\;prekluse_None;prekluze_N
\;kontuse_None;kontuze_N
\;suspense_None;suspenze_N
\;genese_None;geneze_N
\;konverse_None;konverze_N
\;hysterese_None;hystereze_N
;Bedřich_None;Bedříšek_N
;kožich_None;kožíšek_N
;Východočech_None;Východočeška_N
;Valach_None;Valaška_N
;Kazach_None;Kazaška_N
;Jihočech_None;Jihočeška_N
;Vojtěch_None;Vojtěška_N
\;Sas_None;Sasko_N
\;Bělorus_None;Bělorusko_N
\;Němec_None;Německo_N
\;Frís_None;Frísko_N
\;Rus_None;Rusko_N
;výhra_None;výherní_A
;zpěvohra_None;zpěvoherní_A
;patrimonium_None;patrimonijní_A
;kolegium_None;kolegijní_A
;lyceum_None;lycejní_A
;studium_None;studijní_A
;evangelium_None;evangelijní_A
;špígl_None;špíglák_N
;Žižkov_None;Žižkovák_N
;verkšuc_None;verkšucák_N
;Prajz_None;Prajzák_N
;Vídeň_None;Vídeňák_N
;historie_None;historka_N
;linie_None;linka_N
\;Katalánie_None;Katalánka_N
;Amálie_None;Amálka_N
;surreální_None;surreálno_N
;zásvětní_None;zásvětno_N
;zabylství_None;zabylstvo_N
;relativní_None;relativno_N
;groteskní_None;groteskno_N
;vzdělanství_None;vzdělanstvo_N
;ťopka_None;ťopinka_N
;špička_None;špičinka_N
;Terka_None;Terinka_N
;pracka_None;pracinka_N
;tříslo_None;tříselný_A
;teplo_None;tepelný_A
\;draslo_None;draselný_A
;Argentina_None;Argentinec_N
;břichomluva_None;břichomluvec_N
;Ukrajina_None;Ukrajinec_N
;Palestina_None;Palestinec_N
;bohověda_None;bohovědec_N
;inventář_None;inventární_A
;urbář_None;urbární_A
;signatář_None;signatární_A
;konsistoř_None;konsistorní_A
\;pinč_None;pinčl_N
\;ďouba_None;ďoubal_N
\;čvaňha_None;čvaňhal_N
\;Gal_None;Gall_N
\;mops_None;mopsl_N
;memorandum_None;memorandový_A
;linoleum_None;linoleový_A
;kalcium_None;kalciový_A
;minium_None;miniový_A
;banka_None;bankovní_A
;varta_None;vartovní_A
;švanda_None;švandovní_A
;prima_None;primovní_A
;železník_None;železnický_A
;vzpurník_None;vzpurnický_A
;zákoník_None;zákonický_A
;výčepník_None;výčepnický_A
;vrchník_None;vrchnický_A
;balík_None;balický_A
;popelec_None;popeleční_A
;půlměsíc_None;půlměsíční_A
;čtverec_None;čtvereční_A
;kredenc_None;kredenční_A
;půlnoc_None;půlnoční_A
\;úhořisko_None;úhořiště_N
\;mechovisko_None;mechoviště_N
\;strnisko_None;strniště_N
\;východisko_None;východiště_N
\;říjenisko_None;říjeniště_N
\;vojačisko_None;vojačiště_N
\;Ilias_None;Iliada_N
\;otitis_None;otitida_N
\;rachitis_None;rachitida_N
\;poliomyelitis_None;poliomyelitida_N
;syfilis_None;syfilida_N
;Hellas_None;Hellada_N
;páter_None;páteříček_N
\;klášter_None;klášteříček_N
\;litr_None;litříček_N
\;orchestr_None;orchestříček_N
\;mistr_None;mistříček_N
\;vůčihledý_None;vůčihledný_A
\;bezhlasý_None;bezhlasný_A
\;bezhlesý_None;bezhlesný_A
\;bezmrazý_None;bezmrazný_A
\;úkosý_None;úkosný_A
\;vaječník_None;vaječnice_N
\;viník_None;vinice_N
\;pilník_None;pilnice_N
\;výměník_None;výměnice_N
;pepík_None;pepice_N
;amnestie_None;amnestijní_A
;režie_None;režijní_A
;misie_None;misijní_A
;hrdlo_None;hrdýlko_N
;žrádlo_None;žrádýlko_N
;žehlo_None;žehýlko_N
;trdlo_None;trdýlko_N
;vráska_None;vrástička_N
;láska_None;lástička_N
;služka_None;služtička_N
;zkouška_None;zkouštička_N
;přezka_None;přeztička_N
;viktuálie_None;viktuální_A
;loterie_None;loterní_A
;dimorfie_None;dimorfní_A
;trimorfie_None;trimorfní_A
;vrstva_None;vrstevní_A
;lichva_None;lichevní_A
;žatva_None;žatevní_A
;pastva_None;pastevní_A
;černobrvý_None;černobrvka_N
;jedenáctiletý_None;jedenáctiletka_N
;jednolampový_None;jednolampovka_N
;tříaktový_None;tříaktovka_N
\;prýmkař_None;prýmkář_N
\;sloupkař_None;sloupkář_N
\;fajfkař_None;fajfkář_N
\;párkař_None;párkář_N
\;svíčkař_None;svíčkář_N
\;zákop_None;zákůpek_N
;Prokop_None;Prokůpek_N
;strop_None;strůpek_N
;příkop_None;příkůpek_N
;kruh_None;kružní_A
;okruh_None;okružní_A
;postih_None;postižní_A
;pluh_None;plužní_A
;špalek_None;špalík_N
;macek_None;macík_N
;Vašek_None;Vašík_N
;špaček_None;špačík_N
;nosítko_None;nosítka_N
\;Oto_None;Ota_N
\;udidlo_None;udidla_N
\;deko_None;deka_N
\;perko_None;perka_N
\;průlomový_None;průlomný_A
\;výlomový_None;výlomný_A
\;vřesový_None;vřesný_A
\;osmihodinový_None;osmihodinný_A
\;záběrový_None;záběrný_A
\;sklerenchym_None;sklerenchymatický_A
\;parenchym_None;parenchymatický_A
\;program_None;programatický_A
;lub_None;loubek_N
;srub_None;sroubek_N
\;pětinásobný_None;pětinásobek_N
\;jednonásobný_None;jednonásobek_N
\;tisícinásobný_None;tisícinásobek_N
;vrbice_None;vrbičný_A
;křivice_None;křivičný_A
;vichřice_None;vichřičný_A
;příjice_None;příjičný_A
;chirurg_None;chiruržka_N
;gerontolog_None;gerontoložka_N
;terminolog_None;terminoložka_N
;muzikolog_None;muzikoložka_N
\;poťouchlík_None;poťouchlec_N
\;zbohatlík_None;zbohatlec_N
\;vytáhlík_None;vytáhlec_N
\;vzteklík_None;vzteklec_N
\;estuár_None;estuárium_N
;vanad_None;vanadium_N
;uran_None;uranium_N
;niob_None;niobium_N
;stoh_None;stůžek_N
;vyvléci_None;vyvlíknout_V
;provléci_None;provlíknout_V
;povléci_None;povlíknout_V
;svléci_None;svlíknout_V
;mez_None;mezička_N
;událost_None;událostička_N
;zlost_None;zlostička_N
;kancelář_None;kancelářička_N
;korporativismus_None;korporativistický_A
;unitarismus_None;unitaristický_A
;intelektualismus_None;intelektualistický_A
;neofašismus_None;neofašistický_A
;Amerika_None;Američan_N
;Kamčatka_None;Kamčatčan_N
;Afrika_None;Afričan_N
;Korsika_None;Korsičan_N
\;dextrosa_None;dextróza_N
\;siderosa_None;sideróza_N
\;brucelosa_None;brucelóza_N
\;bakteriosa_None;bakterióza_N
;šaty_None;šatky_N
;bikiny_None;bikinky_N
;hodiny_None;hodinky_N
;knot_None;knůtek_N
;šramot_None;šramůtek_N
;činovať_None;činovatní_A
;odúmrť_None;odúmrtní_A
;kdy_None;kdyže_D
;ještě_None;ještěže_D
;jedva_None;jedvaže_D
;div_None;divže_D
\;paladin_None;paladýn_N
\;Valentin_None;Valentýn_N
\;Celestin_None;Celestýn_N
\;benediktin_None;benediktýn_N
;cvrček_None;cvrčíček_N
;rozpek_None;rozpíček_N
;špek_None;špíček_N
;Tomek_None;Tomíček_N
;ambulatorium_None;ambulatorní_A
;evangelium_None;evangelní_A
\;žemle_None;žemla_N
\;minuskule_None;minuskula_N
;bambule_None;bambula_N
;bezduchý_None;bezduše_D
;plochý_None;ploše_D
;vagantit_None;vagantovat_V
;vykeťasit_None;vykeťasovat_V
;zakeťasit_None;zakeťasovat_V
;marodit_None;marodovat_V
;tam_None;tamo_D
;ňák_None;ňáko_D
;sem_None;semo_D
;tolik_None;toliko_D
;třeba_None;třebas_D
;ledakdy_None;ledakdys_D
;ledakam_None;ledakams_D
;leckam_None;leckams_D
\;omšený_None;omšelý_A
\;zababčený_None;zababčelý_A
\;zabubačený_None;zabubačelý_A
\;zakaboněný_None;zakabonělý_A
\;Vinca_None;Vincek_N
\;prvovýroba_None;prvovýrobek_N
;Lojza_None;Lojzek_N
;Sláva_None;Slávek_N
;hruď_None;hrudní_A
;výpověď_None;výpovědní_A
;zpověď_None;zpovědní_A
;čeleď_None;čelední_A
;nehet_None;nehýtek_N
;žaket_None;žakýtek_N
;věchet_None;věchýtek_N
\;zneváživý_None;znevážlivý_A
\;sráživý_None;srážlivý_A
\;výhončivý_None;výhončlivý_A
\;shánivý_None;shánlivý_A
;zapackat_None;zapacknout_V
;oblíkat_None;oblíknout_V
;spucat_None;spucnout_V
;řachat_None;řachnout_V
;střelmistr_None;střelmistrovský_A
;vrtichvost_None;vrtichvostovský_A
\;oficiosní_None;oficiózní_A
\;dolosní_None;dolózní_A
\;kadaverosní_None;kadaverózní_A
\;ulcerosní_None;ulcerózní_A
;Zéland_None;Zélanďan_N
\;Burgund_None;Burgunďan_N
;Bělehrad_None;Bělehraďan_N
\;kápě_None;kápí_N
\;falckrabě_None;falckrabí_N
\;markrabě_None;markrabí_N
;Slavonie_None;Slavonsko_N
;Transjordánie_None;Transjordánsko_N
;Katalánie_None;Katalánsko_N
\;saducej_None;saduceus_N
\;patricij_None;patricius_N
\;farizej_None;farizeus_N
;Morava_None;Moravěnka_N
\;útržkový_None;útržkovitý_A
\;bledničkový_None;bledničkovitý_A
\;větvový_None;větvovitý_A
\;bezzvuký_None;bezzvučný_A
\;zlatozvuký_None;zlatozvučný_A
\;odvěký_None;odvěčný_A
\;ztichounka_None;ztichoučka_D
\;zblizounka_None;zblizoučka_D
\;zpolehounka_None;zpolehoučka_D
\;přehršle_None;přehršel_N
\;vyžle_None;vyžel_N
;ostatek_None;ostatky_N
\;drápek_None;drápky_N
;hambalek_None;hambalky_N
;svatyně_None;svatyňka_N
;nebozez_None;nebozízek_N
;jez_None;jízek_N
;pařez_None;pařízek_N
;vlákno_None;vlákenný_A
\;čtyřbarvý_None;čtyřbarevný_A
\;jednovrstvý_None;jednovrstevný_A
\;dvojbarvý_None;dvojbarevný_A
\;kratičký_None;kratinko_D
\;lehoučký_None;lehounko_D
\;čisťoučký_None;čisťounko_D
\;sold_None;soldo_N
;Jan_None;Jano_N
;čeřen_None;čeřínek_N
\;šestitřídka_None;šestitřídní_A
\;šestiliberka_None;šestiliberní_A
\;pětitřídka_None;pětitřídní_A
;republika_None;republička_N
;harmonika_None;harmonička_N
;Hedvika_None;Hedvička_N
;humus_None;humusovitý_A
;půlkruh_None;půlkruhovitý_A
;Tyrolsko_None;Tyrolan_N
;Savojsko_None;Savojan_N
;Moldavsko_None;Moldavan_N
;vysměvač_None;vysměváček_N
;utrhač_None;utrháček_N
\;hledač_None;hledáček_N
\;ostnatý_None;ostnitý_A
\;rýhovatý_None;rýhovitý_A
\;žilovatý_None;žilovitý_A
\;lajsna_None;lajska_N
\;vegetárna_None;vegetárka_N
\;dobrounký_None;dobroučký_A
\;kraťounký_None;kraťoučký_A
\;řiďounký_None;řiďoučký_A
\;malíř_None;maléř_N
\;prubíř_None;prubéř_N
\;halíř_None;haléř_N
;jitro_None;jiterní_A
;patro_None;paterní_A
\;stearin_None;stearín_N
\;parafin_None;parafín_N
\;penicilin_None;penicilín_N
;veslo_None;vesílko_N
;máslo_None;másílko_N
;řemeslo_None;řemesílko_N
\;Zajordání_None;Zajordánsko_N
\;Zakavkazí_None;Zakavkazsko_N
\;Porýní_None;Porýnsko_N
;Hamburk_None;Hamburčan_N
;Nymburk_None;Nymburčan_N
;Irák_None;Iráčan_N
;výhra_None;výhřička_N
;vzpoura_None;vzpouřička_N
;šťára_None;šťářička_N
\;třenový_None;třenovní_A
\;pumpový_None;pumpovní_A
;úterý_None;úterní_A
\;hovnivál_None;hovnivár_N
\;brundibál_None;brundibár_N
\;virvál_None;virvár_N
\;smokink_None;smoking_N
\;rank_None;rang_N
\;pudink_None;puding_N
;ischias_None;ischiatický_A
;démos_None;démotický_A
;šachta_None;šachetní_A
;jachta_None;jachetní_A
\;železitý_None;železovitý_A
\;řemenitý_None;řemenovitý_A
\;brázditý_None;brázdovitý_A
;prokouknout_None;prokukovat_V
;vykouknout_None;vykukovat_V
;nakouknout_None;nakukovat_V
;Tádžik_None;Tádžikistán_N
;manichejec_None;manichejský_A
;mikulášenec_None;mikulášenský_A
;májovec_None;májovský_A
\;matkovrah_None;matkovražda_N
\;otcovrah_None;otcovražda_N
\;bratrovrah_None;bratrovražda_N
\;chocholáč_None;chocholačka_N
\;ženáč_None;ženačka_N
\;miocén_None;miocenní_A
\;eocén_None;eocenní_A
\;pliocén_None;pliocenní_A
;Miluše_None;Miluška_N
;Libuše_None;Libuška_N
;kremrole_None;kremrolka_N
\;vdech_None;vdych_N
\;oddech_None;oddych_N
\;vzdech_None;vzdych_N
\;pachtýř_None;pachtéř_N
\;vartýř_None;vartéř_N
\;haltýř_None;haltéř_N
;právník_None;právnička_N
\;Ludvík_None;Ludvička_N
;nekatolík_None;nekatolička_N
;hlezno_None;hlezenní_A
;bahno_None;bahenní_A
;lyrický_None;lyrično_N
;poetický_None;poetično_N
\;milounký_None;miloučko_D
\;nizounký_None;nizoučko_D
\;kraťounký_None;kraťoučko_D
;splav_None;splávek_N
;Jaroslav_None;Jaroslávek_N
;Stanislav_None;Stanislávek_N
\;kation_None;kationt_N
\;depo_None;depot_N
\;čechman_None;čechmant_N
;keser_None;kesírek_N
;vejpůl_None;vejpůlky_D
;teď_None;teďky_D
;hned_None;hnedky_D
\;zponenáhla_None;zponenáhlu_D
\;zpolehounka_None;zpolehounku_D
\;znova_None;znovu_D
;dluh_None;dloužek_N
;Prajz_None;Prajzsko_N
;Ještěd_None;Ještědsko_N
;Čud_None;Čudsko_N
\;úpravce_None;úpravčí_N
\;výkupce_None;výkupčí_N
\;přímluvce_None;přímluvčí_N
\;vpřed_None;vpředu_D
\;navrch_None;navrchu_D
\;zespod_None;zespodu_D
;Polynésie_None;Polynésan_N
;Andalusie_None;Andalusan_N
;Melanésie_None;Melanésan_N
\;basický_None;bazický_A
\;dosický_None;dozický_A
\;fysický_None;fyzický_A
\;desetitisíce_None;desetitisící_A
\;navždy_None;navždycky_D
\;provždy_None;provždycky_D
;čep_None;čípek_N
;klep_None;klípek_N
;citoslovce_None;citoslovečný_A
;slunce_None;slunečný_A
;srdce_None;srdečný_A
;vráně_None;vráňátko_N
;kojeně_None;kojeňátko_N
\;padesátihaléř_None;padesátihalíř_N
\;haléř_None;halíř_N
\;maléř_None;malíř_N
\;řepiště_None;řepniště_N
\;říjiště_None;říjniště_N
\;zbrojiště_None;zbrojniště_N
\;šacuňk_None;šacunk_N
\;šizuňk_None;šizunk_N
\;šraňk_None;šrank_N
;Ferda_None;Ferdáček_N
;Eda_None;Edáček_N
;šmudla_None;šmudlík_N
;Eda_None;Edík_N
;Ruda_None;Rudík_N
\;doprostřed_None;doprostředka_D
;sem_None;semka_D
;doteď_None;doteďka_D
\;bezbožník_None;bezbožnictví_N
\;marnotratník_None;marnotratnictví_N
\;kariérník_None;kariérnictví_N
\;košile_None;košilinka_N
;záře_None;zářinka_N
;čampule_None;čampulinka_N
\;šatový_None;šatní_A
\;úvozový_None;úvozní_A
\;zákopový_None;zákopní_A
\;záhlavec_None;záhlavek_N
\;zhlavec_None;zhlavek_N
\;zásmolec_None;zásmolek_N
\;universální_None;univerzální_A
\;tarsální_None;tarzální_A
\;kausální_None;kauzální_A
;chlopeň_None;chlopenní_A
\;tintidlo_None;tintítko_N
\;cedidlo_None;cedítko_N
\;čistidlo_None;čistítko_N
\;retka_None;retko_N
\;Ota_None;Oto_N
\;tesla_None;teslo_N
;Ještěd_None;Ještědí_N
\;černobýl_None;černobýlí_N
\;útaj_None;útají_N
;vesna_None;vesenný_A
;krokev_None;krokvice_N
\;vyzývavý_None;vyzývačný_A
\;všímavý_None;všímačný_A
;soudruh_None;soudružka_N
;volnoběh_None;volnoběžka_N
\;rytmistr_None;rytmajstr_N
\;vachmistr_None;vachmajstr_N
\;Zabajkalsko_None;Zabajkalí_N
\;Nizozemsko_None;Nizozemí_N
\;košile_None;košilenka_N
\;stanovy_None;stanova_N
\;jatky_None;jatka_N
;bolest_None;bolístka_N
\;trestní_None;trestněprávní_A
\;civilní_None;civilněprávní_A
\;zvnějšku_None;zvnějška_D
\;zvnitřku_None;zvnitřka_D
\;přešoupnout_None;přešupovat_V
\;popošoupnout_None;popošupovat_V
;Barma_None;Barmánec_N
;Kuba_None;Kubánec_N
\;řehot_None;řehtot_N
\;chichot_None;chichtot_N
;špína_None;špinka_N
;Mína_None;Minka_N
;drdol_None;drdůlek_N
\;dvouletka_None;dvouletek_N
\;šrůtka_None;šrůtek_N
\;účetní_None;účetník_N
\;špejle_None;špejlek_N
\;holý_None;hole_N
\;koňák_None;koňař_N
\;šmírák_None;šmírař_N
\;svíravý_None;svěravý_A
\;vybíravý_None;vyběravý_A
\;mořeplavba_None;mořeplavec_N
\;voroplavba_None;voroplavec_N
;Rudolf_None;Rudolfína_N
;mlat_None;mlátek_N
\;parasol_None;parazol_N
\;kresol_None;krezol_N
\;struma_None;strumózní_A
\;úštěpek_None;úštipek_N
\;odštěpek_None;odštipek_N
\;klysma_None;klyzma_N
;sofisma_None;sofizma_N
\;zevzdáli_None;zevzdálí_D
\;zpozdáli_None;zpozdálí_D
\;rorýs_None;rorejs_N
\;platýs_None;platejs_N
;vlys_None;vlýsek_N
;Hanys_None;Hanýsek_N
\;kufr_None;kuférek_N
\;hadr_None;hadérek_N
;vikář_None;vikárský_A
;urbář_None;urbárský_A
\;štěrkovna_None;štěrkárna_N
\;pudlovna_None;pudlárna_N
;tolik_None;tolikerý_A
;tisíc_None;tisícerý_A
;vyletět_None;vylítnout_V
;proletět_None;prolítnout_V
\;neotesanec_None;neotesánek_N
\;ušmudlanec_None;ušmudlánek_N
;haluška_None;halušky_N
\;Ruda_None;Rudy_N
\;ganglion_None;ganglie_N
\;legion_None;legie_N
;Tibet_None;Tibeťan_N
;Egypt_None;Egypťan_N
;výpomoc_None;výpomůcka_N
;půlmilion_None;půlmilionář_N
;žábě_None;žábátko_N
;čápě_None;čápátko_N
\;maliličko_None;malilinko_D
\;zakratičko_None;zakratinko_D
\;vřetenovitý_None;vřetenatý_A
\;sukovitý_None;sukatý_A
\;seržant_None;seržán_N
\;volant_None;volán_N
