# Derivations direct, srov
# derivations that will be added to DeriNet based on Etym dict 'srov' list. List if words with similar meaning, structure, etymological origin or some other similarity.

derivation	parent
apatie#NNF??-----A---?	telepatie#NNF??-----A---?
tesat#V????--??-??I??	architekt#NNM??-----A---?
amant#NNM??-----A---?	amorek#NNM??-----A---?
kampaň#NNF??-----A---?	šampaňské#NNN??-----A---?
žampion#NNI??-----A---?	šampaňské#NNN??-----A---?
dominovat#V????--??-??B??	dominikán#NNM??-----A---?
důra#NNF??-----A---?	dorota#NNF??-----A---?
filuta#NNM??-----A---?	filip#NNM??-----A---?
fištrón#NNI??-----A---?	filip#NNM??-----A---?
fiškus#NNM??-----A---?	filip#NNM??-----A---?
kandidát#NNM??-----A---?	františek#NNI??-----A---?
kandelábr#NNI??-----A---?	františek#NNI??-----A---?
frank#NNI??-----A---?	františkán#NNM??-----A---?
káča#NNF??-----A---?	janek#NNM??-----A---?
madam#NNFXX-----A----	madona#NNF??-----A---?
polonéza#NNF??-----A---?	polka#NNF??-----A---?
don#NNM??-----A---?	donkichot#NNM??-----A---?
rusý#AA???----??---?	rus#NNM??-----A---?
šváb#NNM??-----A---?	rus#NNM??-----A---?
růže#NNF??-----A---?	rus#NNM??-----A---?
němý#AA???----??---?	Slovan#NNI??-----A---?
titan#NNI??-----A---?	titán#NNM??-----A---?
plutonium#NNN??-----A---?	uran#NNI??-----A---?
jeptiška#NNF??-----A---?	abatyše#NNF??-----A---?
opat#NNM??-----A---?	abatyše#NNF??-----A---?
abbé#NNM??-----A---?	abatyše#NNF??-----A---?
indikovat#V????--??-??B??	abdikace#NNF??-----A---?
dedikovat#V????--??-??I??	abdikace#NNF??-----A---?
azbuka#NNF??-----A---?	abeceda#NNF??-----A---?
alfabeta#NNF??-----A---?	abeceda#NNF??-----A---?
breviář#NNI??-----A---?	abreviace#NNF??-----A---?
korupce#NNF??-----A---?	abrupce#NNF??-----A---?
proces#NNI??-----A---?	absces#NNI??-----A---?
esence#NNF??-----A---?	absence#NNF??-----A---?
absolvovat#V????--??-??B??	absolutní#AA???----??---?
rezoluce#NNF??-----A---?	absolutní#AA???----??---?
abstence#NNF??-----A---?	abstinent#NNM??-----A---?
kontrakt#NNI??-----A---?	abstraktní#AA???----??---?
trakt#NNI??-----A---?	abstraktní#AA???----??---?
ostrý#AA???----??---?	aceton#NNI??-----A---?
ocet#NNI??-----A---?	aceton#NNI??-----A---?
koherence#NNF??-----A---?	adheze#NNF??-----A---?
justice#NNF??-----A---?	adjustovat#V????--??-??I??
emír#NNM??-----A---?	admirál#NNM??-----A---?
alimenty#NNIP?-----A---?	adolescence#NNF??-----A---?
koalice#NNF??-----A---?	adolescence#NNF??-----A---?
opce#NNF??-----A---?	adoptovat#V????--??-??P??
region#NNI??-----A---?	adresa#NNF??-----A---?
dres#NNI??-----A---?	adresa#NNF??-----A---?
arogance#NNF??-----A---?	adresa#NNF??-----A---?
regulovat#V????--??-??I??	adresa#NNF??-----A---?
konvence#NNF??-----A---?	advent#NNI??-----A---?
prevence#NNF??-----A---?	advent#NNI??-----A---?
eventuální#AA???----??---?	advent#NNI??-----A---?
vokál#NNI??-----A---?	advokát#NNM??-----A---?
vokativ#NNI??-----A---?	advokát#NNM??-----A---?
linie#NNF??-----A---?	aero#NNN??-----A---?
dynastie#NNF??-----A---?	aerodynamický#AA???----??---?
dynamo#NNN??-----A---?	aerodynamický#AA???----??---?
planeta#NNF??-----A---?	aeroplán#NNI??-----A---?
fáma#NNF??-----A---?	afázie#NNF??-----A---?
infantilní#AA???----1?---?	afázie#NNF??-----A---?
defekt#NNI??-----A---?	afekt#NNI??-----A---?
satisfakce#NNF??-----A---?	afekt#NNI??-----A---?
krucifix#NNI??-----A---?	afix#NNI??-----A---?
prefix#NNI??-----A---?	afix#NNI??-----A---?
aorist#NNI??-----A---?	aforismus#NNI??-----A---?
horizont#NNI??-----A---?	aforismus#NNI??-----A---?
frikce#NNF??-----A---?	afrikáta#NNF??-----A---?
frikativa#NNF??-----A---?	afrikáta#NNF??-----A---?
agitovat#V????--??-??I??	agenda#NNF??-----A---?
agent#NNM??-----A---?	agenda#NNF??-----A---?
akce#NNF??-----A---?	agenda#NNF??-----A---?
glóbus#NNI??-----A---?	aglomerace#NNF??-----A---?
ignorovat#V????--??-??I??	agnosticismus#NNI??-----A---?
gnóma#NNN??-----A---?	agnosticismus#NNI??-----A---?
kongregace#NNF??-----A---?	agregát#NNI??-----A---?
ingredience#NNF??-----A---?	agrese#NNF??-----A---?
kongres#NNI??-----A---?	agrese#NNF??-----A---?
akr#NNI??-----A---?	agrární#AA???----1?---?
šanson#NNI??-----A---?	akcent#NNI??-----A---?
kantor#NNM??-----A---?	akcent#NNI??-----A---?
kantáta#NNF??-----A---?	akcent#NNI??-----A---?
kapacita#NNF??-----A---?	akceptovat#V????--??-??B??
princip#NNI??-----A---?	akceptovat#V????--??-??B??
recept#NNI??-----A---?	akceptovat#V????--??-??B??
akt#NNI??-----A---?	akcie#NNF??-----A---?
deklamovat#V????--??-??I??	aklamace#NNF??-----A---?
komoda#NNF??-----A---?	akomodace#NNF??-----A---?
rekord#NNI??-----A---?	akord#NNI??-----A---?
kuráž#NNF??-----A---?	akord#NNI??-----A---?
konkordát#NNI??-----A---?	akord#NNI??-----A---?
akordeon#NNI??-----A---?	akord#NNI??-----A---?
akurátní#AA???----??---?	akorát#Db------------?
kúra#NNF??-----A---?	akorát#Db------------?
kredit#NNI??-----A---?	akreditovat#V????--??-??B??
hať#NNF??-----A---?	akrobat#NNM??-----A---?
báze#NNF??-----A---?	akrobat#NNM??-----A---?
akronymum#NNN??-----A---?	akrobat#NNM??-----A---?
samet#NNI??-----A---?	aksamit#NNI??-----A---?
agilní#AA???----??---?	aktivní#AA???----??---?
viadukt#NNI??-----A---?	akvadukt#NNI??-----A---?
redukce#NNF??-----A---?	akvadukt#NNI??-----A---?
marína#NNF??-----A---?	akvamarín#NNI??-----A---?
inkvizice#NNF??-----A---?	akvizice#NNF??-----A---?
rekvizita#NNF??-----A---?	akvizice#NNF??-----A---?
armáda#NNF??-----A---?	alarm#NNI??-----A---?
albín#NNM??-----A---?	album#NNN??-----A---?
kategorie#NNF??-----A---?	alegorie#NNF??-----A---?
alergie#NNF??-----A---?	alegorie#NNF??-----A---?
ambulance#NNF??-----A---?	alej#NNF??-----A---?
poněkud#Db-------------	aspoň#Db-------------
liga#NNF??-----A---?	aliance#NNF??-----A---?
alibi#NNNXX-----A----	alias#NNI??-----A---?
alternativa#NNF??-----A---?	alias#NNI??-----A---?
cyankáli#NNNXX-----A----	alka#NNF??-----A---?
altán#NNI??-----A---?	alt#NNI??-----A---?
oltář#NNI??-----A---?	alt#NNI??-----A---?
diletant#NNM??-----A---?	amatér#NNM??-----A---?
ambice#NNF??-----A---?	ambasáda#NNF??-----A---?
valuta#NNF??-----A---?	ambivalentní#AA???----??---?
mřít#V????--??-??I??	ambrózie#NNF??-----A---?
med#NNI??-----A---?	ametyst#NNI??-----A---?
metafora#NNF??-----A---?	amfora#NNF??-----A---?
fosfor#NNI??-----A---?	amfora#NNF??-----A---?
amfiteátr#NNI??-----A---?	amfora#NNF??-----A---?
anamnéza#NNF??-----A---?	amnestie#NNF??-----A---?
morfologie#NNF??-----A---?	amorfní#AA???----??---?
amplituda#NNF??-----A---?	amplion#NNI??-----A---?
kronika#NNF??-----A---?	anachronismus#NNI??-----A---?
neuralgie#NNF??-----A---?	analgetikum#NNN??-----A----
logaritmus#NNI??-----A---?	analogie#NNF??-----A---?
logika#NNF??-----A---?	analogie#NNF??-----A---?
archiv#NNI??-----A---?	anarchie#NNF??-----A---?
monarchie#NNF??-----A---?	anarchie#NNF??-----A---?
dichotomie#NNF??-----A---?	anatomie#NNF??-----A---?
atom#NNI??-----A---?	anatomie#NNF??-----A---?
evangelium#NNN??-----A---?	anděl#NNM??-----A---?
edice#NNF??-----A---?	anekdota#NNF??-----A---?
konexe#NNF??-----A---?	anektovat#V????--??-??B??
estetika#NNF??-----A---?	anestézie#NNF??-----A---?
animovat#V????--??-??I??	animální#AA???----??---?
animální#AA???----??---?	animozita#NNF??-----A---?
denuncovat#V????--??-??B??	anonce#NNF??-----A---?
nuncius#NNM??-----A---?	anonce#NNF??-----A---?
homo#NNMXX-----A----	anomálie#NNF??-----A---?
pseudonym#NNI??-----A---?	anonym#NNM??-----A---?
metonymie#NNF??-----A---?	anonym#NNM??-----A---?
onomastika#NNF??-----A---?	anonym#NNM??-----A---?
notes#NNI??-----A---?	anotace#NNF??-----A---?
nota#NNF??-----A---?	anotace#NNF??-----A---?
asimilovat#V????--??-??B??	ansámbl#NNI??-----A---?
simultánní#AA???----1?---?	ansámbl#NNI??-----A---?
chryzantéma#NNF??-----A---?	antologie#NNF??-----A---?
analogie#NNF??-----A---?	antologie#NNF??-----A---?
participovat#V????--??-??I??	anticipovat#V????--??-??B??
antikvariát#NNI??-----A---?	antika#NNF??-----A---?
alkohol#NNI??-----A---?	antimon#NNI??-----A---?
synonymum#NNN??-----A---?	antonymum#NNN??-----A---?
bienále#NNNXX-----A----	anály#NNIP?-----A---?
meteor#NNI??-----A---?	aorta#NNF??-----A---?
kumpán#NNM??-----A---?	apanáž#NNF??-----A---?
marcipán#NNI??-----A---?	apanáž#NNF??-----A---?
apartní#AA???----??---?	apartheid#NNI??-----A---?
suspendovat#V????--??-??P??	apendix#NNI??-----A---?
ouvertura#NNF??-----A---?	aperitiv#NNI??-----A---?
kompetence#NNF??-----A---?	apetyt#NNI??-----A---?
petice#NNF??-----A---?	apetyt#NNI??-----A---?
exploze#NNF??-----A---?	aplaudovat#V????--??-??I??
replika#NNF??-----A---?	aplikovat#V????--??-??B??
komplikovat#V????--??-??I??	aplikovat#V????--??-??B??
eukalypt#NNI??-----A---?	apokalypsa#NNF??-----A---?
krýt#V????--??-??I??	apokryf#NNI??-----A---?
krypta#NNF??-----A---?	apokryf#NNI??-----A---?
portmonka#NNF??-----A---?	aportovat#V????--??-??I??
export#NNI??-----A---?	aportovat#V????--??-??I??
strofa#NNF??-----A---?	apostrof#NNI??-----A---?
katastrofa#NNF??-----A---?	apostrof#NNI??-----A---?
butik#NNI??-----A---?	apatyka#NNF??-----A---?
putyka#NNF??-----A---?	apatyka#NNF??-----A---?
kartotéka#NNF??-----A---?	apatyka#NNF??-----A---?
epištola#NNF??-----A---?	apoštol#NNM??-----A---?
areál#NNI??-----A---?	ar#NNI??-----A---?
hektar#NNI??-----A---?	ar#NNI??-----A---?
rakije#NNF??-----A---?	arak#NNI??-----A---?
arkáda#NNF??-----A---?	arch#NNI??-----A---?
rakev#NNF??-----A---?	archa#NNF??-----A---?
archeologie#NNF??-----A---?	archaismus#NNI??-----A---?
rest#NNI??-----A---?	arest#NNI??-----A---?
energie#NNF??-----A---?	argon#NNI??-----A---?
orgie#NNF??-----A---?	argon#NNI??-----A---?
demokracie#NNF??-----A---?	aristokracie#NNF??-----A---?
byrokracie#NNF??-----A---?	aristokracie#NNF??-----A---?
arch#NNI??-----A---?	arkýř#NNI??-----A---?
adaptovat#V????--??-??B??	artilerie#NNF??-----A---?
neuróza#NNF??-----A---?	artróza#NNF??-----A---?
aorta#NNF??-----A---?	artérie#NNF??-----A---?
inzerát#NNI??-----A---?	asertivita#NNF??-----A---?
silice#NNF??-----A---?	síla#NNF??-----A---?
rezistence#NNF??-----A---?	asistent#NNM??-----A---?
existovat#V????--??-??I??	asistent#NNM??-----A---?
sekvence#NNF??-----A---?	asociace#NNF??-----A---?
sociální#AA???----??---?	asociace#NNF??-----A---?
konsonant#NNI??-----A---?	asonance#NNF??-----A---?
rezonovat#V????--??-??I??	asonance#NNF??-----A---?
respekt#NNI??-----A---?	aspekt#NNI??-----A---?
spektrum#NNN??-----A---?	aspekt#NNI??-----A---?
inspekce#NNF??-----A---?	aspekt#NNI??-----A---?
špiritus#NNI??-----A---?	aspirovat#V????--??-??I??
ostentativní#AA???----??---?	atentát#NNI??-----A---?
testament#NNI??-----A---?	atestace#NNF??-----A---?
protest#NNI??-----A---?	atestace#NNF??-----A---?
test#NNI??-----A---?	atestace#NNF??-----A---?
triatlon#NNI??-----A---?	atlet#NNM??-----A---?
sféra#NNF??-----A---?	atmosféra#NNF??-----A---?
tribut#NNI??-----A---?	atribut#NNI??-----A---?
distribuce#NNF??-----A---?	atribut#NNI??-----A---?
auditorium#NNN??-----A---?	audience#NNF??-----A---?
audit#NNI??-----A---?	audience#NNF??-----A---?
augmentace#NNF??-----A---?	aukce#NNF??-----A---?
autor#NNM??-----A---?	aukce#NNF??-----A---?
outsider#NNM??-----A---?	aut#NNI??-----A---?
aušus#NNI??-----A---?	aut#NNI??-----A---?
automat#NNI??-----A---?	auto#NNN??-----A---?
autogen#NNI??-----A---?	auto#NNN??-----A---?
autogram#NNI??-----A---?	auto#NNN??-----A---?
kára#NNF??-----A---?	autokar#NNI??-----A---?
substrát#NNI??-----A---?	autostráda#NNF??-----A---?
estráda#NNF??-----A---?	autostráda#NNF??-----A---?
garderoba#NNF??-----A---?	avantgarda#NNF??-----A---?
garda#NNF??-----A---?	avantgarda#NNF??-----A---?
advent#NNI??-----A---?	avantýra#NNF??-----A---?
diverze#NNF??-----A---?	averze#NNF??-----A---?
konverze#NNF??-----A---?	averze#NNF??-----A---?
kontroverze#NNF??-----A---?	averze#NNF??-----A---?
verze#NNF??-----A---?	averze#NNF??-----A---?
zenit#NNI??-----A---?	azimut#NNI??-----A---?
babyka#NNF??-----A---?	bába#NNF??-----A---?
babočka#NNF??-----A---?	bába#NNF??-----A---?
máma#NNF??-----A---?	bába#NNF??-----A---?
brblat#V????--??-??I??	babrat#V????--??-??I??
piplat#V????--??-??I??	babrat#V????--??-??I??
patlat#V????--??-??I??	babrat#V????--??-??I??
buchta#NNF??-----A---?	bachor#NNI??-----A---?
batoh#NNI??-----A---?	bacat#V????--??-??I??
forhend#NNI??-----A---?	bekhend#NNI??-----A---?
pakatel#NNI??-----A---?	bagatelizovat#V????--??-??I??
pakáž#NNF??-----A---?	bagáž#NNF??-----A---?
bádat#V????--??-??I??	bahnice#NNF??-----A---?
bál#NNI??-----A---?	balet#NNI??-----A---?
balada#NNF??-----A---?	balet#NNI??-----A---?
ďábel#NNM??-----A---?	balistika#NNF??-----A---?
parabola#NNF??-----A---?	balistika#NNF??-----A---?
hambalek#NNI??-----A---?	balkon#NNI??-----A---?
banální#AA???----??---?	bandita#NNM??-----A---?
mandolína#NNF??-----A---?	bendžo#NNN??-----A---?
panchart#NNM??-----A---?	banka#NNF??-----A---?
banket#NNI??-----A---?	banka#NNF??-----A---?
bankrot#NNI??-----A---?	banka#NNF??-----A---?
urologie#NNF??-----A---?	barbiturát#NNI??-----A---?
baryt#NNI??-----A---?	baroko#NNN??-----A---?
baterie#NNF??-----A---?	batalion#NNI??-----A---?
debata#NNF??-----A---?	batalion#NNI??-----A---?
unavit#V????--??-??P??	bavit#V????--??-??I??
bazilišek#NNM??-----A---?	bazalka#NNF??-----A---?
bazilika#NNF??-----A---?	bazalka#NNF??-----A---?
fujara#NNF??-----A---?	bača#NNM??-----A---?
žok#NNI??-----A---?	bažant#NNM??-----A---?
barva#NNF??-----A---?	bažant#NNM??-----A---?
bodrý#AA???----??---?	bdít#V????--??-??I??
bečka#NNF??-----A---?	bedna#NNF??-----A---?
putna#NNF??-----A---?	bedna#NNF??-----A---?
butelka#NNF??-----A---?	bedna#NNF??-----A---?
bachyně#NNF??-----A---?	bek#NNM??-----A---?
pikart#NNM??-----A---?	bekyně#NNF??-----A---?
maligní#AA???----??---?	benigní#AA???----??---?
brýle#NNFP?-----A---?	beryl#NNI??-----A---?
briliant#NNI??-----A---?	beryl#NNI??-----A---?
bezděky#Db-------------	bez#NNI??-----A---?
beseda#NNF??-----A---?	bez#NNI??-----A---?
plonk#AAXXX----1A----	bianko#AAXXX----1A----
blanket#NNI??-----A---?	bianko#AAXXX----1A----
blankvers#NNI??-----A---?	bianko#AAXXX----1A----
kapitán#NNM??-----A---?	biceps#NNI??-----A---?
kapitola#NNF??-----A---?	biceps#NNI??-----A---?
balanc#NNF??-----A---?	bilance#NNF??-----A---?
biologie#NNF??-----A---?	bio#NNNS?-----A----
piškot#NNI??-----A---?	biskvit#NNI??-----A---?
zubr#NNM??-----A---?	bizon#NNM??-----A---?
firma#NNF??-----A---?	biřmovat#V????--??-??I??
blábolit#V????--??-??I??	blbý#AA???----??---?
bílý#AA???----??---?	blýskat#V????--??-??I??
blikat#V????--??-??I??	blýskat#V????--??-??I??
bledý#A????----??---?	blond#AAXXX----1A----
plena#NNF??-----A---?	blána#NNF??-----A---?
bloudit#V????--??-??I??	blouznit#V????--??-??I??
blizna#NNF??-----A---?	blízký#A????----??---?
bob#NNI??-----A---?	bobtnat#V????--??-??I??
fokus#NNI??-----A---?	bochník#NNI??-----A---?
zboží#NNN??-----A---?	bohatý#A????----??---?
bula#NNF??-----A---?	bojler#NNI??-----A---?
bujon#NNI??-----A---?	bojler#NNI??-----A---?
bimbat#V????--??-??I??	bomba#NNF??-----A---?
boom#NNI??-----A---?	bomba#NNF??-----A---?
bonbon#NNI??-----A---?	bombastický#AA???----??---?
bonviván#NNM??-----A---?	bombastický#AA???----??---?
bonita#NNF??-----A---?	bombastický#AA???----??---?
bonmot#NNI??-----A---?	bombastický#AA???----??---?
borůvka#NNF??-----A---?	bor#NNI??-----A---?
brada#NNF??-----A---?	bor#NNI??-----A---?
bránit#V????--??-??I??	borec#NNM??-----A---?
brána#NNF??-----A---?	borec#NNM??-----A---?
bambule#NNF??-----A---?	boubel#NNI??-----A---?
bušit#V????--??-??I??	bouchat#V????--??-??I??
poulit#V????--??-??I??	boule#NNF??-----A---?
bulva#NNF??-----A---?	boule#NNF??-----A---?
burcovat#V????--??-??I??	bouřit#V????--??-??I??
bourat#V????--??-??I??	bouřit#V????--??-??I??
burácet#V????--??-??I??	bouřit#V????--??-??I??
biliár#NNI??-----A---?	bowling#NNI??-----A---?
puška#NNF??-----A---?	box#NNI??-----A---?
piksla#NNF??-----A---?	box#NNI??-----A---?
borec#NNM??-----A---?	brav#NNI??-----A---?
brázda#NNF??-----A---?	brtník#NNM??-----A---?
boršč#NNI??-----A---?	brk#NNI??-----A---?
břinkat#V????--??-??I??	brnkat#V????--??-??I??
brnět#V????--??-??I??	brnkat#V????--??-??I??
briketa#NNF??-----A---?	brok#NNI??-----A---?
brokolice#NNF??-----A---?	brokát#NNI??-----A---?
brouk#NNM??-----A---?	broukat#V????--??-??I??
brusle#NNF??-----A---?	brousit#V????--??-??I??
brčál#NNI??-----A---?	brslen#NNI??-----A---?
břečťan#NNI??-----A---?	brslen#NNI??-----A---?
bobr#NNM??-----A---?	brunátný#AA???----??---?
brunet#NNM??-----A---?	brunátný#AA???----??---?
brečet#V????--??-??I??	bréca#NNF??-----A---?
baculatý#AA???----??---?	buclatý#AA???----??---?
bookmaker#NNM??-----A---?	buk#NNI??-----A---?
býk#NNM??-----A---?	bukač#NNM??-----A---?
bučet#V????--??-??I??	bukač#NNM??-----A---?
buldok#NNM??-----A---?	buly#NNNXX-----A----
boule#NNF??-----A---?	buňka#NNF??-----A---?
vrátit#V????--??-??P??	buřt#NNI??-----A---?
vrstva#NNF??-----A---?	buřt#NNI??-----A---?
pugét#NNI??-----A---?	buš#NNF??-----A---?
vrčet#V????--??-??I??	bzučet#V????--??-??I??
bzikat#V????--??-??I??	bzučet#V????--??-??I??
boj#NNI??-----A---?	bít#V????--??-??I??
bízet#Vf--------A----	bič#NNI??-----A---?
vřískat#V????--??-??I??	břeskný#AA???----??---?
vercajk#NNI??-----A---?	cajk#NNI??-----A---?
cupat#V????--??-??I??	capat#V????--??-??I??
ťapat#V????--??-??I??	capat#V????--??-??I??
kauza#NNF??-----A---?	causerie#NNF??-----A---?
cesta#NNF??-----?---?	cedit#V????--??-??I??
štěkat#V????--??-??I??	ceknout#V????--??-??P??
celofán#NNI??-----A---?	cela#NNF??-----A---?
celulóza#NNF??-----A---?	cela#NNF??-----A---?
teleologie#NNF??-----A---?	clo#NNN??-----A---?
játra#NNN??-----A---?	jitrocel#NNI??-----A---?
cézura#NNF??-----A---?	cement#NNI??-----A---?
kát#V???---??-??I??	cena#NNF??-----A---?
excentrický#AA???----??---?	centrum#NNN??-----A---?
činže#NNF??-----A---?	cenzura#NNF??-----A---?
recenze#NNF??-----A---?	cenzura#NNF??-----A---?
sapér#NNM??-----A---?	cepín#NNI??-----A---?
matka#NNF??-----A---?	dcera#NNF??-----A---?
bratr#NNM??-----A---?	dcera#NNF??-----A---?
otec#NNM??-----A---?	dcera#NNF??-----A---?
koryfej#NNM??-----A---?	cerebrální#AA???----??---?
chobot#NNI??-----A---?	chabý#AA???----??---?
heřmánek#NNI??-----A---?	chameleon#NNM??-----A---?
charita#NNF??-----A---?	charisma#NNN??-----A---?
karta#NNF??-----A---?	charta#NNF??-----A---?
kotec#NNI??-----A---?	chata#NNF??-----A---?
chatrč#NNF??-----A---?	chata#NNF??-----A---?
cepenět#V????--??-??I??	chcípat#V????--??-??I??
otrok#NNM??-----A---?	chlap#NNM??-----A---?
rab#NNM??-----A---?	chlap#NNM??-----A---?
robě#NNN??-----A---?	chlap#NNM??-----A---?
chlemtat#V????--??-??I??	chlastat#V????--??-??I??
klopit#V????--??-??I??	chlopeň#NNF??-----A---?
lord#NNM??-----A---?	chléb#NNI??-----A---?
dychtit#V???---??-??I??	chlípný#AA???----??---?
sangvinik#NNM??-----A---?	cholerik#NNM??-----A---?
flegmatik#NNM??-----A---?	cholerik#NNM??-----A---?
chumel#NNI??-----A---?	chumáč#NNI??-----A---?
chuchvalec#NNI??-----A---?	chumáč#NNI??-----A---?
chuť#NNF??-----A---?	choť#NNF??-----A---?
chroustat#V????--??-??I??	chrastit#V???---??-??I??
chrčet#V????--??-??I??	chrchlat#V????--??-??I??
matematika#NNF??-----A---?	chrestomatie#NNF??-----A---?
chromatika#NNF??-----A---?	chromozom#NNI??-----A---?
chronometr#NNI??-----A---?	chronický#AA???----??---?
chrápat#V????--??-??I??	chroptět#V????--??-??I??
chlastat#V????--??-??I??	chrstnout#V????--??-??P??
krám#NNI??-----A---?	chrám#NNI??-----A---?
chuj#NNI??-----A---?	chvojí#NNN??-----A---?
včil#Db-------------	chvíle#NNF??-----A---?
chvátat#V????--??-??I??	chřipka#NNF??-----A---?
chřipka#NNF??-----A---?	chřípí#NNN??-----A---?
cudný#A????----??---?	cibule#NNF??-----A---?
šifra#NNF??-----A---?	cifra#NNF??-----A---?
cimprcampr#NNIS4-----A----	cikcak#Db-------------
tikat#V????--??-??I??	cikcak#Db-------------
mišmaš#NNI??-----A---?	cikcak#Db-------------
zinek#NNI??-----A---?	cink#NNI??-----A---?
klinkat#V????--??-??I??	cinkat#V????--??-??I??
cirkus#NNI??-----A---?	ciráty#NNIP?-----A---?
kytara#NNF??-----A---?	citera#NNF??-----A---?
cedr#NNI??-----A---?	citron#NNI??-----A---?
čičorka#NNF??-----A---?	cizrna#NNF??-----A---?
cembalo#NNN??-----A---?	clavichord#NNI??-----A---?
akord#NNI??-----A---?	clavichord#NNI??-----A---?
klávesa#NNF??-----A---?	clavichord#NNI??-----A---?
slon#NNM??-----A---?	clonit#V????--??-??I??
cítit#V????--??-??I??	clonit#V????--??-??I??
klonit#V????--??-??I??	clonit#V????--??-??I??
klubko#NNN??-----A---?	klub#NNI??-----A---?
kroutit#V????--??-??I??	křeslo#NNN??-----A---?
krosna#NNF??-----A---?	křeslo#NNN??-----A---?
čoudit#V????--??-??I??	cmrndat#V????--??-??I??
čmoudit#V????--??-??I??	cmrndat#V????--??-??I??
amputovat#V????--??-??B??	computer#NNI??-----A---?
deputace#NNF??-----A---?	computer#NNI??-----A---?
takt#NNI??-----A---?	kontakt#NNI??-----A---?
cíp#NNI??-----A---?	cop#NNI??-----A---?
korzet#NNI??-----A---?	korpus#NNI??-----A---?
korporace#NNF??-----A---?	korpus#NNI??-----A---?
kurtizána#NNF??-----A---?	kurt#NNI??-----A---?
capat#V????--??-??I??	couvat#V????--??-??I??
frnknout#V????--??-??P??	cvrnkat#V????--??-??I??
cecek#NNI??-----A---?	cucat#V????--??-??I??
cumlat#V????--??-??I??	cucat#V????--??-??I??
cajk#NNI??-----A---?	cukat#V????--??-??I??
cvikr#NNI??-----A---?	cvakat#V????--??-??I??
cvok#NNM??-----A---?	cvakat#V????--??-??I??
svůj#AO??----------?	scvrknout#V????--??-??P??
osoba#NNF??-----A---?	scvrknout#V????--??-??P??
sobec#NNM??-----A---?	scvrknout#V????--??-??P??
svoboda#NNF??-----A---?	scvrknout#V????--??-??P??
cyklus#NNI??-----A---?	cyklon#NNI??-----A---?
cancat#V????--??-??I??	cákat#V????--??-??I??
cachtat#V????--??-??I??	cákat#V????--??-??I??
camrat#V????--??-??I??	cákat#V????--??-??I??
courat#V????--??-??I??	cár#NNI??-----A---?
hypotéka#NNF??-----A---?	cícha#NNF??-----A---?
král#NNM??-----A---?	císař#NNM??-----A---?
car#NNM??-----?---?	císař#NNM??-----A---?
datle#NNF??-----A---?	daktyl#NNI??-----A---?
daktyloskopie#NNF??-----A---?	daktyl#NNI??-----A---?
otálet#V????--??-??I??	daleký#A????----??---?
darmo#Db-------------	dar#NNI??-----A---?
dativ#NNI??-----A---?	datum#NNN??-----A---?
imbecil#NNM??-----A---?	debakl#NNI??-----A---?
dubleta#NNF??-----A---?	debl#NNI??-----A---?
dabovat#V????--??-??I??	debl#NNI??-----A---?
deci#NNNXX-----A----	decimovat#V????--??-??I??
ofenziva#NNF??-----A---?	defenziva#NNF??-----A---?
filé#NNNXX-----A----	defilé#NNNXX-----A----
infinitiv#NNI??-----A---?	definice#NNF??-----A---?
finiš#NNI??-----A---?	definice#NNF??-----A---?
floskule#NNF??-----A---?	deflorace#NNF??-----A---?
gusto#NNN??-----A---?	degustace#NNF??-----A---?
dekl#NNI??-----A---?	deka#NNF??-----A---?
cihla#NNF??-----A---?	deka#NNF??-----A---?
kaskáda#NNF??-----A---?	dekadence#NNF??-----A---?
kadence#NNF??-----A---?	dekadence#NNF??-----A---?
inklinovat#V????--??-??I??	deklinace#NNF??-----A---?
klinika#NNF??-----A---?	deklinace#NNF??-----A---?
kolárek#NNI??-----A---?	dekolt#NNI??-----A---?
decentní#AA???----??---?	dekorovat#V????--??-??B??
diskrétní#AA???----??---?	dekret#NNI??-----A---?
koncern#NNI??-----A---?	dekret#NNI??-----A---?
dekagram#NNI??-----A---?	dekáda#NNF??-----A---?
legát#NNM??-----A---?	delegace#NNF??-----A---?
kolega#NNM??-----A----	delegace#NNF??-----A---?
relikvie#NNF??-----A---?	delikt#NNI??-----A---?
marka#NNF??-----A---?	demarkace#NNF??-----A---?
marš#NNI??-----A---?	demarše#NNF??-----A---?
dementi#NNNXX-----A----	demence#NNF??-----A---?
molo#NNN??-----A---?	demolovat#V????--??-??B??
molekula#NNF??-----A---?	demolovat#V????--??-??B??
mustr#NNI??-----A---?	demonstrovat#V????--??-??B??
monstrum#NNN??-----A---?	demonstrovat#V????--??-??B??
monstrance#NNF??-----A---?	demonstrovat#V????--??-??B??
dieta#NNF??-----A---?	den#NNI??-----A---?
žurnál#NNI??-----A---?	den#NNI??-----A---?
všední#AA???----??---?	den#NNI??-----A---?
zde#Db-------------	dnes#Db-------------
nátura#NNF??-----A---?	denaturovaný#AA???----??---?
paradentóza#NNF??-----A---?	dentální#AA???----1?---?
plsť#NNF??-----A---?	depilace#NNF??-----A---?
pozice#NNF??-----A---?	deponovat#V????--??-??B??
depo#NNN??-----A---?	deponovat#V????--??-??B??
deponovat#V????--??-??B??	deportovat#V????--??-??I??
pres#NNI??-----A---?	deprese#NNF??-----A---?
privát#NNI??-----A---?	deprivace#NNF??-----A---?
riviéra#NNF??-----A---?	derivace#NNF??-----A---?
dřít#V????--??-??I??	dermatologie#NNF??-----A---?
signál#NNI??-----A---?	design#NNI??-----A---?
insignie#NNF??-----A---?	design#NNI??-----A---?
disk#NNI??-----A---?	deska#NNF??-----A---?
skripta#NNNP?-----A---?	deskriptivní#AA???----1?---?
konspekt#NNI??-----A---?	despekt#NNI??-----A---?
obstrukce#NNF??-----A---?	destrukce#NNF??-----A---?
struktura#NNF??-----A---?	destrukce#NNF??-----A---?
talíř#NNI??-----A---?	detail#NNI??-----A---?
protekce#NNF??-----A---?	detektiv#NNM??-----A---?
termín#NNI??-----A---?	determinovat#V????--??-??B??
dunět#V????--??-??I??	detonace#NNF??-----A---?
valence#NNF??-----A---?	devalvovat#V????--??-??B??
divize#NNF??-----A---?	devíza#NNF??-----A---?
dividenda#NNF??-----A---?	devíza#NNF??-----A---?
votivní#AA???----1?---?	devótní#AA???----??---?
servis#NNI??-----A---?	dezert#NNI??-----A---?
série#NNF??-----A---?	dezertovat#V????--??-??B??
sólo#NNN??-----A---?	dezolátní#AA???----??---?
dialog#NNI??-----A---?	dia#AAXXX----1A----
trigonometrie#NNF??-----A---?	diagonála#NNF??-----A---?
graf#NNI??-----A---?	diagram#NNI??-----A---?
krize#NNF??-----A---?	diakritický#AA???----??---?
idiolekt#NNI??-----A---?	dialekt#NNI??-----A---?
lekce#NNF??-----A---?	dialekt#NNI??-----A---?
noetika#NNF??-----A---?	dianetika#NNF??-----A---?
sporadický#AA???----??---?	diaspora#NNF??-----A---?
apoštol#NNM??-----A---?	diastola#NNF??-----A---?
systola#NNF??-----A---?	diastola#NNF??-----A---?
termální#AA???----1?---?	diatermie#NNF??-----A---?
disciplína#NNF??-----A---?	didaktika#NNF??-----A---?
ekonomie#NNF??-----A---?	diecéze#NNF??-----A---?
konference#NNF??-----A---?	diference#NNF??-----A---?
transfuze#NNF??-----A---?	difúze#NNF??-----A---?
gesto#NNN??-----A---?	digestoř#NNF??-----A---?
bit#NNI??-----A---?	digitální#AA???----??---?
agrese#NNF??-----A---?	digrese#NNF??-----A---?
regrese#NNF??-----A---?	digrese#NNF??-----A---?
jurisdikce#NNF??-----A---?	dikce#NNF??-----A---?
verdikt#NNI??-----A---?	dikce#NNF??-----A---?
epilepsie#NNF??-----A---?	dilema#NNN??-----A---?
lavor#NNI??-----A---?	diluvium#NNN??-----A---?
meditovat#V????--??-??I??	dimenze#NNF??-----A---?
brontosaurus#NNM??-----A---?	dinosaurus#NNM??-----A---?
optika#NNF??-----A---?	dioptrie#NNF??-----A---?
panoptikum#NNN??-----A---?	dioptrie#NNF??-----A---?
diplomat#NNM??-----A---?	diplom#NNI??-----A---?
triptych#NNI??-----A---?	diptych#NNI??-----A---?
sentence#NNF??-----A---?	disent#NNI??-----A---?
senzace#NNF??-----A---?	disent#NNI??-----A---?
prezident#NNM??-----?---?	disident#NNM??-----A---?
sedět#V????--??-??I??	disident#NNM??-----A---?
simulovat#V????--??-??I??	disimilace#NNF??-----A---?
konjunkce#NNF??-----A---?	disjunkce#NNF??-----A---?
kriminál#NNI??-----A---?	diskriminovat#V????--??-??B??
sonet#NNI??-----A---?	disonance#NNF??-----A---?
parita#NNF??-----A---?	disparátní#AA???----??---?
kompenzovat#V????--??-??B??	dispens#NNI??-----A---?
explicitní#AA???----??---?	displej#NNI??-----A---?
komponovat#V????--??-??I??	disponovat#V????--??-??I??
oponovat#V????--??-??I??	disponovat#V????--??-??I??
reputace#NNF??-----A---?	disputace#NNF??-----A---?
substance#NNF??-----A---?	distance#NNF??-----A---?
distinkce#NNF??-----A---?	distingvovaný#AA???----??---?
tortura#NNF??-----A---?	distorze#NNF??-----A---?
dort#NNI??-----A---?	distorze#NNF??-----A---?
striktní#AA???----??---?	distrikt#NNI??-----A---?
úd#NNI??-----A---?	dít#V???---??-??I??
zdát#V????--??-??I??	dít#V???---??-??I??
kadlub#NNI??-----A---?	dlabat#V????--??-??I??
dláždit#V????--??-??I??	dlaha#NNF??-----A---?
dluh#NNI??-----A---?	dlaha#NNF??-----A---?
půda#NNF??-----A---?	podlaha#NNF??-----A---?
mlaskat#V????--??-??I??	dlask#NNM??-----A---?
dna#NNF??-----A---?	dno#NNN??-----A---?
zdobit#V????--??-??I??	doba#NNF??-----A---?
dobrý#AA???----??---?	doba#NNF??-----A---?
dokument#NNI??-----A---?	docent#NNM??-----A---?
doktor#NNM??-----A---?	docent#NNM??-----A---?
dáma#NNF??-----A---?	doména#NNF??-----A---?
domino#NNN??-----A---?	doména#NNF??-----A---?
dar#NNI??-----A---?	donace#NNF??-----A---?
dokavad#Db-------------	dosud#Db-------------
zoufat#V????--??-??I??	doufat#V????--??-??I??
duřet#V????--??-??I??	dout#V???---??-??I??
dým#NNI??-----A---?	dout#V???---??-??I??
dráb#NNM??-----A---?	drabař#NNM??-----A---?
drak#NNM??-----A---?	dragoun#NNM??-----A---?
drastický#AA???----??---?	drama#NNN??-----A---?
drnčet#V????--??-??I??	drandit#V????--??-??I??
trkat#V????--??-??I??	drcat#V????--??-??I??
drbat#V????--??-??I??	drchat#V????--??-??I??
drhnout#V????--??-??I??	drchat#V????--??-??I??
pendrek#NNI??-----A---?	drek#NNI??-----A---?
dresink#NNI??-----A---?	drezura#NNF??-----A---?
drops#NNI??-----A---?	driblovat#V????--??-??I??
třít#V????--??-??I??	drolit#V????--??-??I??
velodrom#NNI??-----A---?	dromedár#NNM??-----A---?
drop#NNM??-----A---?	dromedár#NNM??-----A---?
dršťka#NNF??-----A----	drsný#AA???----??---?
drásat#V????--??-??I??	drsný#AA???----??---?
druhý#AA?????????????	druh#NNI??-----A---?
držet#V????--??-??I??	druh#NNI??-----A---?
zvíře#NNN??-----A---?	dryák#NNI??-----A---?
duel#NNI??-----A---?	dubiózní#AA???----1?---?
buclatý#AA???----??---?	ducatý#AA???----??---?
tchoř#NNM??-----A---?	duch#NNM??-----A---?
gajdy#NNFP?-----A---?	dudy#NNFP?-----A---?
duál#NNI??-----A---?	duet#NNI??-----A---?
duet#NNI??-----A---?	duo#NNN??-----A----
aluminium#NNN??-----A---?	dural#NNI??-----A---?
dur#NNIXX-----A----	dural#NNI??-----A---?
rdousit#V????--??-??I??	dusit#V????--??-??I??
lexikon#NNI??-----A---?	dyslexie#NNF??-----A---?
daň#NNF??-----A---?	dáseň#NNF??-----A---?
dav#NNI??-----A---?	dávit#V????--??-??I??
daleký#A????----??---?	dělit#V????--??-??I??
dlít#V????--??-??I??	dělit#V????--??-??I??
vedle#Db-------------	dělit#V????--??-??I??
lady#NNFXX-----A----	díže#NNF??-----A---?
zeď#NNF??-----A---?	díže#NNF??-----A---?
dukát#NNI??-----A---?	dóže#NNMS?-----A----
drvoštěp#NNM??-----A---?	dřevo#NNN??-----A---?
zdravý#A????----??---?	dřevo#NNN??-----A---?
džbán#NNI??-----A---?	džber#NNI??-----A---?
jíška#NNF??-----A---?	džus#NNI??-----A---?
interdikt#NNI??-----A---?	edikt#NNI??-----A---?
ekvátor#NNI??-----A---?	egalizace#NNF??-----A---?
adjektivum#NNN??-----A---?	ejakulace#NNF??-----A---?
dialekt#NNI??-----A---?	eklektický#AA???----??---?
ekloga#NNF??-----A---?	eklektický#AA???----??---?
elipsa#NNF??-----A---?	ekliptika#NNF??-----A---?
libra#NNF??-----A---?	ekvilibristika#NNF??-----A---?
aureola#NNF??-----A---?	eldorádo#NNN??-----A---?
legie#NNF??-----A---?	elegán#NNM??-----A---?
elita#NNF??-----A---?	elegán#NNM??-----A---?
anoda#NNF??-----A---?	elektro#NNN??-----A----
katoda#NNF??-----A---?	elektro#NNN??-----A----
limit#NNI??-----A---?	eliminovat#V????--??-??B??
kolokvium#NNN??-----A---?	elokvence#NNF??-----A---?
barikáda#NNF??-----A---?	embargo#NNN??-----A---?
symbol#NNI??-----A---?	emblém#NNI??-----A---?
merenda#NNF??-----A---?	emeritní#AA???----1?---?
meritum#NNN??-----A---?	emeritní#AA???----1?---?
fáze#NNF??-----A---?	emfáze#NNF??-----A---?
komise#NNF??-----A---?	emise#NNF??-----A---?
emisar#NNM??-----A---?	emise#NNF??-----A---?
mise#NNF??-----A---?	emise#NNF??-----A---?
misie#NNF??-----A---?	emise#NNF??-----A---?
demise#NNF??-----A---?	emise#NNF??-----A---?
motor#NNI??-----A---?	emoce#NNF??-----A---?
promoce#NNF??-----A---?	emoce#NNF??-----A---?
expert#NNM??-----A---?	empirický#AA???----??---?
pirát#NNM??-----A---?	empirický#AA???----??---?
mlezivo#NNN??-----A---?	emulze#NNF??-----A---?
empirický#AA???----??---?	en#NNXXX-----A----
enzym#NNI??-----A---?	en#NNXXX-----A----
konkláve#NNN??-----A----	enkláva#NNF??-----A---?
anatomie#NNF??-----A---?	entomologie#NNF??-----A---?
teologie#NNF??-----A---?	entropie#NNF??-----A---?
numero#NNN??-----A---?	enumerace#NNF??-----A---?
pandemie#NNF??-----A---?	epidemie#NNF??-----A---?
geneze#NNF??-----A---?	epigon#NNM??-----A---?
genocida#NNF??-----A---?	epigon#NNM??-----A---?
prolog#NNI??-----A---?	epilog#NNI??-----A---?
dojit#V????--??-??I??	epitel#NNI??-----A---?
perioda#NNF??-----A---?	epizoda#NNF??-----A---?
en#NNXXX-----A----	epizoda#NNF??-----A---?
eunuch#NNM??-----A---?	epocha#NNF??-----A---?
špachtle#NNF??-----A---?	epoleta#NNF??-----A---?
poezie#NNF??-----A---?	epopej#NNF??-----A---?
epopej#NNF??-----A---?	epos#NNI??-----A---?
rekce#NNF??-----A---?	erekce#NNF??-----A---?
koroze#NNF??-----A---?	eroze#NNF??-----A---?
interrupce#NNF??-----A---?	erupce#NNF??-----A---?
éra#NNF??-----A---?	erár#NNI??-----A---?
exaktní#AA???----??---?	esej#NNI??-----A---?
eskadrona#NNF??-----A---?	eskadra#NNF??-----A---?
škála#NNF??-----A---?	eskalace#NNF??-----A---?
desperát#NNM??-----A---?	esperanto#NNN??-----A---?
stabilní#AA???----??---?	etamín#NNI??-----A---?
stopa#NNF??-----A---?	etapa#NNF??-----A---?
štafeta#NNF??-----A---?	etapa#NNF??-----A---?
štafl#NNI??-----A---?	etapa#NNF??-----A---?
etuda#NNF??-----A---?	etuje#NNF??-----A---?
stáž#NNF??-----A---?	etáž#NNF??-----A---?
foném#NNI??-----A---?	eufonie#NNF??-----A---?
fonologie#NNF??-----A---?	eufonie#NNF??-----A---?
erupce#NNF??-----A---?	ex#NNXXX-----A----
exhibice#NNF??-----A---?	ex#NNXXX-----A----
recese#NNF??-----A---?	exces#NNI??-----A---?
perzekuce#NNF??-----A---?	exekuce#NNF??-----A---?
exekutiva#NNF??-----A---?	exekuce#NNF??-----A---?
promptní#AA???----??---?	exemplář#NNI??-----A---?
archa#NNF??-----A---?	exercicie#NNFP?-----A---?
humus#NNI??-----A---?	exhumace#NNF??-----A---?
žula#NNF??-----A---?	exil#NNI??-----A---?
konkávní#AA???----??---?	exkavátor#NNI??-----A---?
ex#NNXXX-----A----	exlibris#NNNXX-----A----
libreto#NNN??-----A---?	exlibris#NNNXX-----A----
imponovat#V????--??-??I??	exponát#NNI??-----A---?
tempo#NNN??-----A---?	extempore#NNN??-----A---?
vagabund#NNM??-----A---?	extravagantní#AA???----??---?
fabrikát#NNI??-----A---?	fabrika#NNF??-----A---?
pípa#NNF??-----A---?	fajfka#NNF??-----A---?
fax#NNI??-----A---?	faksimile#NNN??-----A---?
faktura#NNF??-----A---?	faktor#NNI??-----A---?
falzet#NNI??-----A---?	faleš#NNF??-----A----
falzum#NNN??-----A---?	faleš#NNF??-----A----
faleš#NNF??-----A----	falírovat#V????--??-??I??
paténa#NNF??-----A---?	fanka#NNF??-----A---?
pánev#NNF??-----A---?	fanka#NNF??-----A---?
fant#NNI??-----A---?	fangle#NNF??-----A---?
emfáze#NNF??-----A---?	fantazie#NNF??-----A---?
fáč#NNI??-----A---?	fascikl#NNI??-----A---?
fasáda#NNF??-----A---?	fazona#NNF??-----A---?
preface#NNF??-----A---?	fatální#AA???----??---?
fauna#NNF??-----A---?	faun#NNM??-----A---?
fábor#NNI??-----A---?	favorit#NNI??-----A---?
facka#NNF??-----A---?	faseta#NNF??-----A---?
půst#NNI??-----A---?	fašank#NNI??-----A---?
šenk#NNI??-----A---?	fašank#NNI??-----A---?
infarkt#NNI??-----A---?	fašírka#NNF??-----A---?
fór#NNI??-----A---?	fedrovat#V????--??-??I??
fortel#NNI??-----A---?	fedrovat#V????--??-??I??
fena#NNF??-----A---?	femininum#NNN??-----A---?
fata#NNF??-----A---?	féerie#NNF??-----A---?
vernisáž#NNF??-----A---?	fermež#NNF??-----A---?
viola#NNF??-----A---?	fidlat#V????--??-??I??
díže#NNF??-----A---?	figura#NNF??-----A---?
fikce#NNF??-----A---?	figura#NNF??-----A---?
fingovat#V????--??-??B??	figura#NNF??-----A---?
finta#NNF??-----A---?	figura#NNF??-----A---?
fígl#NNI??-----A---?	fikaný#AA???----??---?
pedofil#NNM??-----A---?	fil#NNI??-----A---?
tele#NNN??-----A---?	filatelie#NNF??-----A---?
profil#NNI??-----A---?	filigránský#AA???----??---?
prám#NNI??-----A---?	práce#NNF??-----A---?
pór#NNI??-----A---?	práce#NNF??-----A---?
sofistika#NNF??-----A---?	filozofie#NNF??-----A---?
konfiskovat#V????--??-??B??	fiskální#AA???----??---?
profit#NNI??-----A---?	fit#AAXXX----1A----
fit#AAXXX----1A----	fitink#NNI??-----A---?
fixa#NNF??-----A---?	fixovat#V????--??-??I??
fučet#V????--??-??I??	fičet#V????--??-??I??
vlna#NNF??-----A---?	flanel#NNI??-----A---?
náplast#NNF??-----A---?	flastr#NNI??-----A---?
plast#NNI??-----A---?	flastr#NNI??-----A---?
flašinet#NNI??-----A---?	flažolet#NNI??-----A---?
flétna#NNF??-----A---?	flažolet#NNI??-----A---?
inflace#NNF??-----A---?	flažolet#NNI??-----A---?
plout#V????--??-??I??	flotila#NNF??-----A---?
floutek#NNM??-----A---?	flusat#V????--??-??I??
flinkat#V????--??-??I??	fláknout#V????--??-??P??
pluk#NNI??-----A---?	folklor#NNI??-----A---?
fondue#NNNXX-----A----	fondán#NNI??-----A---?
piano#NNN??-----A---?	forte#Db-------------
forsírovat#V????--??-??I??	fortifikace#NNF??-----A---?
dvůr#NNI??-----A---?	fórum#NNN??-----A---?
stevard#NNM??-----A---?	forvard#NNM??-----A---?
forčeking#NNI??-----A---?	forvard#NNM??-----A---?
fotogenický#AA???----??---?	foto#NNN??-----A---?
foxtrot#NNI??-----A---?	foxteriér#NNM??-----A---?
fixlovat#V????--??-??I??	foxteriér#NNM??-----A---?
fofr#NNI??-----A---?	foyer#NNI??-----A---?
frakce#NNF??-----A---?	fragment#NNI??-----A---?
fraktura#NNF??-----A---?	fragment#NNI??-----A---?
frajer#NNM??-----A---?	fraj#AAXXX----1A----
chrnět#V????--??-??I??	frňák#NNI??-----A---?
fouňa#NNM??-----A----	funět#V????--??-??I??
fúrie#NNF??-----A---?	furiant#NNM??-----A---?
fretka#NNF??-----A---?	furunkl#NNI??-----A---?
futro#NNN??-----A---?	futrál#NNI??-----A---?
capart#NNM??-----A---?	fyziologie#NNF??-----A---?
famílie#NNF??-----A---?	fámulus#NNM??-----A---?
fáro#NNN??-----A---?	fárat#V????--??-??I??
fůra#NNF??-----A---?	fárat#V????--??-??I??
lajntuch#NNI??-----A---?	fěrtoch#NNI??-----A---?
kňučet#V????--??-??I??	fňukat#V????--??-??I??
garáž#NNF??-----A---?	garance#NNF??-----A---?
gang#NNI??-----A---?	gatě#NNFP?-----A----
dislokovat#V????--??-??B??	gauč#NNI??-----A---?
angažovat#V????--??-??I??	gazela#NNF??-----A---?
glazura#NNF??-----A---?	gel#NNI??-----A---?
génius#NNM??-----A---?	generální#AA???----1?---?
genitiv#NNI??-----A---?	genitál#NNI??-----A---?
glazé#AAXXX----1A----	glaciál#NNI??-----A---?
gladiátor#NNM??-----A---?	gladiola#NNF??-----A---?
leader#NNM??-----A---?	glejt#NNI??-----A---?
leitmotiv#NNI??-----A---?	glejt#NNI??-----A---?
polyglot#NNM??-----A---?	glosa#NNF??-----A---?
izoglosa#NNF??-----A---?	diglosie#NNF??-----A---?
lékořice#NNF??-----A---?	glukóza#NNF??-----A---?
glycerin#NNI??-----A---?	glukóza#NNF??-----A---?
diagonála#NNF??-----A---?	goniometrie#NNF??-----A---?
geometrie#NNF??-----A---?	goniometrie#NNF??-----A---?
žehnat#V????--??-??I??	gotes#NNI??-----A---?
gramatika#NNF??-----A---?	gram#NNI??-----A---?
monogram#NNI??-----A---?	gram#NNI??-----A---?
program#NNI??-----A---?	gram#NNI??-----A---?
granát#NNI??-----A---?	granit#NNI??-----A---?
granule#NNF??-----A---?	granit#NNI??-----A---?
grácie#NNF??-----A---?	gratis#Db-------------
gratulovat#V????--??-??I??	gratis#Db-------------
grešle#NNF??-----A---?	groš#NNI??-----A---?
guvernér#NNM??-----A---?	gubernátor#NNM??-----A---?
kybernetika#NNF??-----A---?	gubernátor#NNM??-----A---?
gymnázium#NNN??-----A---?	gymnastika#NNF??-----A---?
žena#NNF??-----A---?	gynekologie#NNF??-----A---?
hábit#NNI??-----A---?	habilitovat#V????--??-??I??
řehtat#V????--??-??I??	rehabilitace#NNF??-----A---?
regent#NNM??-----A---?	rehabilitace#NNF??-----A---?
hyzdit#V????--??-??I??	had#NNM??-----A---?
prevít#NNM??-----A---?	hajzl#NNI??-----A---?
halekat#V????--??-??I??	halabala#Db-------------
haraburdí#NNN??-----A---?	halabala#Db-------------
haluz#NNF??-----A---?	halit#V????--??-??I??
halali#NNNXX-----A----	halo#NNNXX-----A----
fosgen#NNI??-----A---?	halogen#NNI??-----A---?
estrogen#NNI??-----A---?	halogen#NNI??-----A---?
hop#NNI??-----A---?	hapat#V????--??-??I??
víkend#NNI??-----A---?	happy#AAXXX----1A----
harpuna#NNF??-----A---?	harfa#NNF??-----A---?
trik#NNI??-----A---?	hattrick#NNI??-----A---?
haur#NNM??-----A---?	havíř#NNM??-----A---?
hajat#V????--??-??I??	hačat#V????--??-??I??
kapuce#NNF??-----A---?	hejtman#NNM??-----A---?
muž#NNM??-----A---?	hejtman#NNM??-----A---?
helikoptéra#NNF??-----A---?	helikon#NNI??-----A---?
herold#NNM??-----A---?	herberk#NNI??-----A---?
herbář#NNI??-----A---?	herbicid#NNI??-----A---?
adheze#NNF??-----A---?	hereze#NNF??-----A---?
hranostaj#NNM??-----A---?	hermelín#NNI??-----A---?
servus#NNM??-----A---?	heroický#AA???----??---?
homogenní#AA???----??---?	heterogenní#AA???----1?---?
homosexuál#NNM??-----A---?	heterosexuál#NNM??-----A---?
hieroglyf#NNI??-----A---?	hierarchie#NNF??-----A---?
patriarcha#NNM??-----A----	hierarchie#NNF??-----A---?
polyhistor#NNM??-----A---?	historie#NNF??-----A---?
idea#NNF??-----A---?	historie#NNF??-----A---?
vědět#V????--??-??I??	historie#NNF??-----A---?
hlas#NNI??-----A---?	hlahol#NNI??-----A---?
zřít#V????--??-??I??	hledat#V????--??-??I??
hlíva#NNF??-----A---?	hlen#NNI??-----A---?
hlíst#NNM??-----A---?	hlen#NNI??-----A---?
vysoký#AA???----??---?	hluboký#AA???----??---?
široký#AA???----??---?	hluboký#AA???----??---?
hloupý#AA???----??---?	hluchý#AA???----??---?
hnít#V???---??-??I??	hnida#NNF??-----A---?
píst#NNI??-----A---?	píchat#V????--??-??I??
pít#V????--??-??I??	píchat#V????--??-??I??
pšenice#NNF??-----A---?	píchat#V????--??-??I??
pěchovat#V????--??-??I??	píchat#V????--??-??I??
hnis#NNI??-----A---?	hnus#NNI??-----A---?
žnout#V????--??-??I??	hnát#V????--??-??I??
hologram#NNI??-----A---?	holocaust#NNI??-----A---?
hoch#NNM??-----A---?	holomek#NNM??-----A---?
horor#NNI??-----A---?	horentní#AA???----??---?
žárlit#V????--??-??I??	horlit#V????--??-??I??
kornout#NNI??-----A---?	horna#NNF??-----A---?
hospitovat#V????--??-??I??	hospic#NNI??-----A---?
hospoda#NNF??-----A---?	hospic#NNI??-----A---?
housenka#NNF??-----A---?	houžev#NNF??-----A---?
uzel#NNI??-----A---?	houžev#NNF??-----A---?
humno#NNN??-----A---?	hovno#NNN??-----A---?
ovád#NNM??-----A---?	hovado#NNN??-----A---?
hovno#NNN??-----A---?	hovado#NNN??-----A---?
rov#NNI??-----A---?	hrob#NNI??-----A---?
rýt#V????--??-??I??	hrob#NNI??-----A---?
hřebelec#NNI??-----A---?	hřeben#NNI??-----A---?
hřbet#NNI??-----A---?	hřeben#NNI??-----A---?
hrčet#V????--??-??I??	hrkat#V????--??-??I??
hrst#NNF??-----A---?	hrnout#V????--??-??I??
hromada#NNF??-----A---?	hrnout#V????--??-??I??
hrana#NNF??-----A---?	hrot#NNI??-----A---?
drancovat#V????--??-??I??	drát#NNI??-----A---?
humor#NNI??-----A---?	humidita#NNF??-----A---?
pes#NNM??-----A---?	hunt#NNI??-----A---?
vydra#NNF??-----A---?	hydra#NNF??-----A---?
hydrant#NNI??-----A---?	hydra#NNF??-----A---?
svině#NNF??-----A---?	hyena#NNF??-----A---?
hubit#V????--??-??I??	hynout#V????--??-??I??
splín#NNI??-----A---?	hypochondrie#NNF??-----A---?
parataxe#NNF??-----A---?	hypotaxe#NNF??-----A---?
taktika#NNF??-----A---?	hypotaxe#NNF??-----A---?
protéza#NNF??-----A---?	hypotéza#NNF??-----A---?
haše#NNF??-----A---?	hák#NNI??-----A---?
arkebuza#NNF??-----A---?	hákovnice#NNF??-----A---?
klih#NNI??-----A---?	hřebík#NNI??-----A---?
hříbě#NNN??-----A---?	hřebík#NNI??-----A---?
hřivna#NNF??-----A---?	hříva#NNF??-----A---?
idiom#NNI??-----A---?	idiosynkrazie#NNF??-----A---?
kráter#NNI??-----A---?	idiosynkrazie#NNF??-----A---?
hned#Db-------------	ihned#Db-------------
lustr#NNI??-----A---?	ilustrovat#V????--??-??B??
preludovat#V????--??-??I??	iluze#NNF??-----A---?
imaginace#NNF??-----A---?	image#NNF??-----A---?
permanentní#AA???----1?---?	imanentní#AA???----1?---?
plantáž#NNF??-----A---?	implantace#NNF??-----A---?
repríza#NNF??-----A---?	impresário#NNM??-----A---?
provize#NNF??-----A---?	improvizovat#V????--??-??B??
imperativ#NNI??-----A---?	impérium#NNN??-----A---?
kasta#NNF??-----A---?	incest#NNI??-----A---?
recidiva#NNF??-----A---?	incident#NNI??-----A---?
dekadence#NNF??-----A---?	incident#NNI??-----A---?
instrument#NNI??-----A---?	industriální#AA???----??---?
infanterie#NNF??-----A---?	infant#NNM??-----A---?
konfekce#NNF??-----A---?	infekce#NNF??-----A---?
tranzit#NNI??-----A---?	iniciála#NNF??-----A---?
trajekt#NNI??-----A---?	injekce#NNF??-----A---?
projekt#NNI??-----A---?	injekce#NNF??-----A---?
karneval#NNI??-----A---?	inkarnace#NNF??-----A---?
kognitivní#AA???----??---?	inkognito#Db------------?
konkubína#NNF??-----A---?	inkubace#NNF??-----A---?
piedestal#NNI??-----A---?	instalovat#V????--??-??B??
stůl#NNI??-----?---?	instalovat#V????--??-??B??
stigma#NNN??-----A---?	instinkt#NNI??-----A---?
stimul#NNI??-----A---?	instinkt#NNI??-----A---?
restituce#NNF??-----A---?	instituce#NNF??-----A---?
prostituce#NNF??-----A---?	instituce#NNF??-----A---?
tangens#NNI??-----A---?	intarzie#NNF??-----A---?
inteligence#NNF??-----A---?	intelekt#NNI??-----A---?
selekce#NNF??-----A---?	intelekt#NNI??-----A---?
intendant#NNM??-----A---?	intence#NNF??-----A---?
intenzita#NNF??-----A---?	intence#NNF??-----A---?
pretendent#NNM??-----A---?	intence#NNF??-----A---?
tendence#NNF??-----A---?	intence#NNF??-----A---?
interní#AA???----??---?	interiér#NNI??-----A---?
intimní#AA???----??---?	interiér#NNI??-----A---?
injekce#NNF??-----A---?	interjekce#NNF??-----A---?
médium#NNN??-----A---?	intermezzo#NNN??-----A---?
punkce#NNF??-----A---?	interpunkce#NNF??-----A---?
punc#NNI??-----A---?	interpunkce#NNF??-----A---?
revue#NNF??-----A---?	interview#NNI??-----A---?
retrospekce#NNF??-----A---?	introspekce#NNF??-----A---?
rekonvalescence#NNF??-----A---?	invalida#NNM??-----A---?
vektor#NNI??-----A---?	invektiva#NNF??-----A---?
inventář#NNI??-----A---?	invence#NNF??-----A---?
vesta#NNF??-----A---?	investovat#V????--??-??B??
salto#NNN??-----A---?	inzultovat#V????--??-??B??
anémie#NNF??-----A---?	ischemie#NNF??-----A---?
topografie#NNF??-----A---?	izotop#NNI??-----A---?
utopie#NNF??-----A---?	izotop#NNI??-----A---?
tak#Db-----------?-	jak#NNM??-----A---?
bujarý#AA???----??---?	jarý#AA???----??---?
vesna#NNF??-----A---?	jaro#NNN??-----A---?
ječet#V????--??-??I??	jektat#V????--??-??I??
ježibaba#NNF??-----A---?	jezinka#NNF??-----A---?
olše#NNF??-----A---?	jilm#NNI??-----A---?
kdy#Db-------------	kudy#Db-------------
kůže#NNF??-----A---?	jircha#NNF??-----A---?
jezevec#NNM??-----A---?	jizva#NNF??-----A---?
už#Db-----------?-	již#Db-------------
jemný#A????----??---?	jmout#V????--??-??B??
jmelí#NNN??-----A---?	jmout#V????--??-??B??
mít#V???---??-??I??	jmout#V????--??-??B??
rukojeť#NNF??-----A----	jmout#V????--??-??B??
žaket#NNI??-----A---?	žokej#NNM??-----A---?
bžunda#NNF??-----A---?	junda#NNF??-----A---?
jho#NNN??-----A----	junta#NNF??-----A---?
jury#NNFXX-----A----	just#Db-------------
žák#NNM??-----A---?	jáhen#NNM??-----A---?
jetel#NNI??-----A---?	jáhen#NNM??-----A---?
ňadro#NNN??-----A---?	játra#NNN??-----A---?
jádro#NNN??-----A---?	játra#NNN??-----A---?
jed#NNI??-----A---?	jíst#V????--??-??I??
oběd#NNI??-----A---?	jíst#V????--??-??I??
medvěd#NNM??-----A---?	jíst#V????--??-??I??
kobka#NNF??-----A---?	kabela#NNF??-----A---?
kakabus#NNM??-----A---?	kachel#NNI??-----A---?
čokoláda#NNF??-----A---?	kakao#NNN??-----A----
papat#V????--??-??I??	kakat#V????--??-??I??
kalumet#NNI??-----A---?	kalamář#NNI??-----A---?
koleda#NNF??-----A---?	kalendář#NNI??-----A---?
kaleidoskop#NNI??-----A---?	kaligrafie#NNF??-----A---?
kaluž#NNF??-----A---?	kal#NNI??-----A---?
alkalický#AA???----??---?	kalium#NNN??-----A---?
kamarád#NNM??-----A---?	kamarila#NNF??-----A---?
komora#NNF??-----A---?	kamera#NNF??-----A---?
komže#NNF??-----A---?	kamizola#NNF??-----A---?
komnata#NNF??-----A---?	kamna#NNNP?-----A---?
komín#NNI??-----A---?	kamna#NNNP?-----A---?
konopí#NNN??-----A---?	kanafas#NNI??-----A---?
karcer#NNI??-----A---?	kancelář#NNF??-----A---?
kantiléna#NNF??-----A---?	kancionál#NNI??-----A---?
kňour#NNM??-----A---?	kanec#NNM??-----A---?
kanál#NNI??-----A---?	kanon#NNI??-----A---?
kaňon#NNI??-----A---?	kanon#NNI??-----A---?
kánon#NNI??-----A---?	kanon#NNI??-----A---?
kantýna#NNF??-----A---?	kanton#NNI??-----A---?
kanasta#NNF??-----A---?	kanystr#NNI??-----A---?
kapitál#NNI??-----A---?	kapilára#NNF??-----A---?
kápě#NNF??-----A---?	kaple#NNF??-----A---?
kapela#NNF??-----A---?	kaple#NNF??-----A---?
kaple#NNF??-----A---?	kapota#NNF??-----A---?
kaprál#NNM??-----A---?	kapric#NNI??-----A---?
kapsle#NNF??-----A---?	kapsa#NNF??-----A---?
kasa#NNF??-----A---?	kapsa#NNF??-----A---?
kompost#NNI??-----A---?	kapusta#NNF??-----A---?
kompot#NNI??-----A---?	kapusta#NNF??-----A---?
koráb#NNI??-----A---?	karavela#NNF??-----A---?
karbon#NNI??-----A---?	karbanátek#NNI??-----A---?
karburátor#NNI??-----A---?	karbanátek#NNI??-----A---?
kancerogenní#AA???----??---?	karcinom#NNI??-----A---?
kardio#NNNS?-----A----	kardiak#NNM??-----A---?
kargo#NNN??-----A---?	karikatura#NNF??-----A---?
červený#AA???----??---?	karmín#NNI??-----A---?
červ#NNM??-----A---?	karmín#NNI??-----A---?
kostel#NNI??-----A---?	kastelán#NNM??-----A---?
katalog#NNI??-----A---?	kata#NNF??-----A---?
katedra#NNF??-----A---?	kata#NNF??-----A---?
rýma#NNF??-----A---?	katar#NNI??-----A---?
kata#NNF??-----A---?	katastr#NNI??-----A---?
echo#NNN??-----A---?	katechismus#NNI??-----A---?
kavalerie#NNF??-----A---?	kavalec#NNI??-----A---?
havran#NNM??-----A---?	kavka#NNF??-----A---?
kýbl#NNI??-----A---?	kbelík#NNI??-----A---?
koflík#NNI??-----A---?	kbelík#NNI??-----A---?
kejklat#V????--??-??I??	kejkle#NNFP?-----A---?
kýžený#AA???----??---?	keťas#NNM??-----A---?
kino#NNN??-----A---?	kinematografie#NNF??-----A---?
pozitivní#AA???----??---?	kladný#AA???----??---?
klika#NNF??-----A---?	klaka#NNF??-----A---?
klepat#V????--??-??I??	klapat#V????--??-??I??
klaret#NNI??-----A---?	klarinet#NNI??-----A---?
klauzura#NNF??-----A---?	klauzule#NNF??-----A---?
kleště#NNFP?-----A---?	klestit#V????--??-??I??
klíště#NNN??-----A----	klestit#V????--??-??I??
kloudný#AA???----??---?	klid#NNI??-----A---?
klima#NNN??-----A---?	klient#NNM??-----A---?
stereotyp#NNI??-----A---?	klišé#NNNXX-----A----
pnout#V????--??-??I??	klnout#V????--??-??I??
jmout#V????--??-??B??	klnout#V????--??-??I??
klokotat#V????--??-??I??	klohnit#V????--??-??I??
lopotit#V????--??-??I??	klopotit#V????--??-??I??
klášter#NNI??-----A---?	klozet#NNI??-----A---?
bít#V????--??-??I??	poklad#NNI??-----A---?
odpočinout#V????--??-??P??	poklad#NNI??-----A---?
komtesa#NNF??-----A---?	kmet#NNM??-----A---?
mžít#V????--??-??I??	kmitat#V????--??-??I??
kód#NNI??-----A---?	kodex#NNI??-----A---?
kodein#NNI??-----A---?	kofein#NNI??-----A---?
kokain#NNI??-----A---?	koka#AAXXX----1A----
koketa#NNF??-----A---?	kokarda#NNF??-----A---?
kučera#NNF??-----A---?	kokořík#NNI??-----A---?
labilní#AA???----??---?	kolaps#NNI??-----A---?
kolektiv#NNI??-----A---?	kolekce#NNF??-----A---?
chalupa#NNF??-----A---?	koliba#NNF??-----A---?
kolej#NNF??-----A---?	kolo#NNN??-----A---?
reportáž#NNF??-----A---?	kolportovat#V????--??-??I??
mandát#NNI??-----A---?	komandovat#V????--??-??I??
kombajn#NNI??-----A---?	kombinovat#V????--??-??I??
kombinéza#NNF??-----A---?	kombinovat#V????--??-??I??
kombiné#NNNXX-----A----	kombinovat#V????--??-??I??
kombi#NNNXX-----A----	kombinovat#V????--??-??I??
óda#NNF??-----A---?	komedie#NNF??-----A---?
pakt#NNI??-----A---?	kompaktáta#NNNP?-----A---?
pas#NNI??-----A---?	kompars#NNI??-----A---?
stipendium#NNN??-----A---?	kompendium#NNN??-----A---?
plénum#NNN??-----A---?	komplementární#AA???----1?---?
perplex#Db-------------	komplex#NNI??-----A---?
kompromitovat#V????--??-??B??	kompromis#NNI??-----A---?
imunní#AA???----??---?	komuna#NNF??-----A---?
konec#NNI??-----A---?	konat#V????--??-??I??
nonsens#NNI??-----A---?	konsensus#NNI??-----A---?
secese#NNF??-----A---?	koncert#NNI??-----A---?
kalendář#NNI??-----A---?	koncil#NNI??-----A---?
precizní#AA???----??---?	koncizní#AA???----??---?
kondicionál#NNI??-----A---?	kondice#NNF??-----A---?
profese#NNF??-----A---?	konfese#NNF??-----A---?
blízký#A????----??---?	konflikt#NNI??-----A---?
fronta#NNF??-----A---?	konfrontovat#V????--??-??B??
koridor#NNI??-----A---?	konkurence#NNF??-----A---?
solidární#AA???----??---?	konsolidovat#V????--??-??B??
text#NNI??-----A---?	kontext#NNI??-----A---?
kondice#NNF??-----A---?	kontradikce#NNF??-----A---?
konstatovat#V????--??-??B??	kontrast#NNI??-----A---?
konvent#NNI??-----A---?	konvalinka#NNF??-----A---?
konzistoř#NNF??-----A---?	konzistence#NNF??-----A---?
sorta#NNF??-----A---?	konsorcium#NNN??-----A---?
konzultovat#V????--??-??B??	konzul#NNM??-----A---?
exil#NNI??-----A---?	konzul#NNM??-----A---?
konšel#NNM??-----A---?	konzul#NNM??-----A---?
resumé#NNNXX-----A----	konzumovat#V????--??-??I??
kopí#NNN??-----A---?	kopat#V????--??-??I??
kuplíř#NNM??-----A---?	kopulace#NNF??-----A---?
korveta#NNF??-----A---?	korba#NNF??-----A---?
korbel#NNI??-----A---?	korba#NNF??-----A---?
krabice#NNF??-----A---?	korba#NNF??-----A---?
klavichord#NNI??-----A---?	kordon#NNI??-----A---?
respondent#NNM??-----A---?	korespondovat#V????--??-??I??
sponzor#NNM??-----A---?	korespondovat#V????--??-??I??
rmoutit#V????--??-??I??	kormorán#NNM??-----A---?
konev#NNF??-----A---?	korouhev#NNF??-----A---?
církev#NNF??-----A---?	korouhev#NNF??-----A---?
kopyto#NNN??-----A---?	koryto#NNN??-----A---?
korzár#NNM??-----A---?	korzo#NNN??-----A---?
krusta#NNF??-----A---?	korýš#NNM??-----A---?
kosý#AA???----??---?	kosa#NNF??-----A---?
kosmos#NNI??-----A----	kosmetika#NNF??-----A---?
kosmodrom#NNI??-----A---?	kosmo#Db-------------
kosmologie#NNF??-----A---?	kosmo#Db-------------
kostival#NNI??-----A---?	kost#NNF??-----A---?
košťál#NNI??-----A---?	kost#NNF??-----A---?
osten#NNI??-----A---?	kost#NNF??-----A---?
kotrba#NNF??-----A---?	kostrbatý#AA???----??---?
česat#V????--??-??I??	kostrbatý#AA???----??---?
kácet#V????--??-??I??	kotit#V???---??-??I??
kotouč#NNI??-----A---?	kotit#V???---??-??I??
trčet#V????--??-??I??	kotrč#NNF??-----A---?
kadeř#NNF??-----A---?	koudel#NNF??-----A---?
část#NNF??-----A---?	kousat#V????--??-??I??
koloděj#NNI??-----A---?	kozák#NNM??-----A---?
kotva#NNF??-----A---?	kočka#NNF??-----A---?
kocovina#NNF??-----A---?	kocour#NNM??-----A---?
krčma#NNF??-----A---?	kořen#NNIS2-----A---1
karbanátek#NNI??-----A---?	krb#NNI??-----A---?
hřbitov#NNI??-----A---?	krchov#NNI??-----A---?
kříž#NNI??-----A---?	krejcar#NNI??-----A---?
kreatura#NNF??-----A---?	kreace#NNF??-----A---?
legrace#NNF??-----A---?	rekreace#NNF??-----A---?
krepdešín#NNI??-----A---?	krep#NNI??-----A---?
kroket#NNI??-----A---?	kriket#NNI??-----A---?
krempa#NNF??-----A---?	kripl#NNM??-----A---?
krejzl#NNI??-----A---?	kripl#NNM??-----A---?
cyklokros#NNI??-----A---?	kros#NNI??-----A---?
motokros#NNI??-----A---?	kros#NNI??-----A---?
ring#NNI??-----A---?	kruh#NNI??-----A---?
škrundat#V????--??-??I??	kručet#V????--??-??I??
křehký#AA???----??---?	krušný#AA???----??---?
křišťál#NNI??-----A---?	krystal#NNI??-----A---?
řezat#V????--??-??I??	krát#Db-------------
krát#Db-------------	krátký#AA???----??---?
krocan#NNM??-----A---?	krůta#NNF??-----A---?
kuloár#NNI??-----A---?	kulantní#AA???----??---?
kulisa#NNF??-----A---?	kulantní#AA???----??---?
belhat#V????--??-??I??	kulhat#V????--??-??I??
chlum#NNI??-----A---?	kulminovat#V????--??-??I??
kolonie#NNF??-----A---?	kult#NNI??-----A---?
kamrlík#NNI??-----A---?	kumbál#NNI??-----A---?
znát#V???---??-??I??	kunčoft#NNM??-----A---?
kumšt#NNI??-----A---?	kunčoft#NNM??-----A---?
kupon#NNI??-----A---?	kupé#NNNXX-----A----
exkurze#NNF??-----A---?	kurziva#NNF??-----A---?
kurátor#NNM??-----A---?	kurát#NNM??-----A---?
skutek#NNI??-----A---?	kutit#V????--??-??I??
pokuta#NNF??-----A---?	kutit#V????--??-??I??
kvalita#NNF??-----A---?	kvalifikovat#V????--??-??B??
kyselý#AA???----??---?	kvapit#V????--??-??I??
kvačit#V????--??-??I??	kvapit#V????--??-??I??
kvas#NNI??-----A---?	kvapit#V????--??-??I??
kvartál#NNI??-----A---?	kvarta#NNF??-----A---?
kvartýr#NNI??-----A---?	kvarta#NNF??-----A---?
kvazar#NNI??-----A---?	kvazi#AAXXX----1A----
akvarel#NNI??-----A---?	kvaš#NNF??-----A---?
kviz#NNI??-----A---?	kvestor#NNM??-----A---?
kvintet#NNI??-----A---?	kvinta#NNF??-----A---?
kvintesence#NNF??-----A---?	kvinta#NNF??-----A---?
pokoj#NNI??-----A---?	kvit#Db-------------
rekviem#NNNXX-----A----	kvit#Db-------------
kvadrant#NNI??-----A---?	kvadrát#NNI??-----A---?
kanout#V????--??-??I??	kynout#V????--??-??I??
kynout#V????--??-??I??	kypět#V????--??-??I??
kyprý#AA???----??---?	kypět#V????--??-??I??
kvádr#NNI??-----A---?	kádr#NNI??-----A---?
hárat#V????--??-??I??	kárat#V????--??-??I??
hýždě#NNF??-----A---?	kýč#NNI??-----A---?
knír#NNI??-----A---?	kňourat#V????--??-??I??
křídlo#NNN??-----A---?	křivý#AA???----??---?
kšaft#NNI??-----A---?	kšeft#NNI??-----A---?
štít#NNI??-----A---?	kšilt#NNI??-----A---?
laso#NNN??-----A---?	lacl#NNI??-----A---?
lakmus#NNI??-----A---?	lak#NNI??-----A---?
omeleta#NNF??-----A---?	lamela#NNF??-----A---?
radar#NNI??-----A---?	laser#NNI??-----A---?
fond#NNI??-----A---?	latifundie#NNFP?-----A---?
vavřín#NNI??-----A---?	laureát#NNM??-----A---?
láva#NNF??-----A---?	lavina#NNF??-----A---?
laxní#AA???----??---?	leasing#NNI??-----A---?
lebeda#NNF??-----A---?	lebedit#V????--??-??I??
legální#AA???----??---?	legislativa#NNF??-----A---?
legato#NNN??-----A---?	legovat#V????--??-??I??
lev#NNM??-----A---?	lei#NNXXX-----A----
leva#NNNXX-----A----	lei#NNXXX-----A----
orloj#NNI??-----A---?	lejstro#NNN??-----A---?
rejstřík#NNI??-----A---?	lejstro#NNN??-----A---?
legenda#NNF??-----A---?	leklý#AA???----??---?
kumbál#NNI??-----A---?	lempl#NNM??-----A---?
pardál#NNM??-----A---?	leopard#NNM??-----A---?
levhart#NNM??-----A---?	leopard#NNM??-----A---?
gepard#NNM??-----A---?	leopard#NNM??-----A---?
lejno#NNN??-----A---?	lepit#V????--??-??I??
lnout#V????--??-??I??	lepit#V????--??-??I??
lešení#NNN??-----A---?	les#NNI??-----A---?
luna#NNF??-----A---?	letovat#V????--??-??I??
lhostejný#A????----??---?	lhůta#NNF??-----A---?
lišit#V????--??-??I??	lichý#AA???----??---?
příliš#Db-------------	lichý#AA???----??---?
likér#NNI??-----A---?	likvidovat#V????--??-??B??
anilin#NNI??-----A---?	lila#AAXXX----1A----
lodžie#NNF??-----A---?	lobby#NNFXX-----A----
lóže#NNF??-----A---?	lobby#NNFXX-----A----
lokna#NNF??-----A---?	loch#NNI??-----A---?
logopedie#NNF??-----A---?	log#NNI??-----A---?
hmoždit#V????--??-??I??	lomozit#V????--??-??I??
loterie#NNF??-----A---?	los#NNM??-----A---?
lobby#NNFXX-----A----	loubí#NNN??-----A---?
líh#NNI??-----A---?	louh#NNI??-----A---?
luk#NNI??-----A---?	louka#NNF??-----A---?
lupat#V????--??-??I??	louskat#V????--??-??I??
loupat#V????--??-??I??	louskat#V????--??-??I??
luštit#V????--??-??I??	lusk#NNI??-----A---?
luštěnina#NNF??-----A---?	lusk#NNI??-----A---?
lucerna#NNF??-----A---?	louč#NNF??-----A---?
kakat#V????--??-??I??	lulat#V????--??-??I??
luminiscence#NNF??-----A---?	lumen#NNI??-----A---?
luňák#NNM??-----A---?	lysý#AA???----??---?
olej#NNI??-----A---?	lyzol#NNI??-----A---?
lues#NNNXX-----A----	lyzol#NNI??-----A---?
lógr#NNI??-----A---?	lágr#NNI??-----A---?
lomcovat#V????--??-??I??	lomit#V????--??-??I??
lomikámen#NNI??-----A---?	lomit#V????--??-??I??
lem#NNI??-----A---?	lomit#V????--??-??I??
látka#NNF??-----A---?	látat#V????--??-??I??
lán#NNI??-----A---?	léno#NNN??-----A---?
libido#NNN??-----A---?	libý#AA???----??---?
lín#NNM??-----A---?	línat#V????--??-??I??
lívanec#NNI??-----A---?	lít#V????--??-??I??
linout#V????--??-??I??	lít#V????--??-??I??
macek#NNM??-----A---?	macatý#AA???----??---?
mistral#NNI??-----A---?	magistr#NNM??-----A---?
magnát#NNM??-----A---?	magistr#NNM??-----A---?
magistrála#NNF??-----A---?	magistr#NNM??-----A---?
magnezium#NNN??-----A---?	magnet#NNI??-----A---?
major#NNM??-----A---?	majestát#NNI??-----A---?
hmatat#V????--??-??I??	makat#V????--??-??I??
makulatura#NNF??-----A---?	maketa#NNF??-----A---?
machr#NNM??-----A---?	makléř#NNM??-----A---?
malér#NNI??-----A---?	malárie#NNF??-----A---?
malátný#AA???----??---?	malárie#NNF??-----A---?
aero#NNN??-----A---?	malárie#NNF??-----A---?
moruše#NNF??-----A---?	malina#NNF??-----A---?
malicherný#AA???----??---?	malý#AA???----??---?
malomocný#AA???----??---?	malý#AA???----??---?
mumlat#V????--??-??I??	mamlas#NNM??-----A---?
mandant#NNM??-----A---?	mandarín#NNM??-----A---?
manuskript#NNI??-----A---?	manifest#NNI??-----A---?
manifest#NNI??-----A---?	manikúra#NNF??-----A---?
manipulovat#V????--??-??I??	manikúra#NNF??-----A---?
manekýn#NNM??-----A---?	maník#NNM??-----A---?
maník#NNM??-----A---?	mančaft#NNI??-----A---?
zamanout#V????--??-??P??	maně#Db-------------
markovat#V????--??-??I??	markantní#AA???----??---?
markýrovat#V????--??-??I??	markantní#AA???----??---?
jarmark#NNI??-----A---?	marketing#NNI??-----A---?
meloun#NNI??-----A---?	marmeláda#NNF??-----A---?
mariáš#NNI??-----A---?	maskulinum#NNN??-----A---?
masiv#NNI??-----A---?	masa#NNF??-----A---?
mazat#V????--??-??I??	masa#NNF??-----A---?
mastodont#NNM??-----A---?	mastitida#NNF??-----A---?
matrika#NNF??-----A---?	materiál#NNI??-----A---?
matrice#NNF??-----A---?	materiál#NNI??-----A---?
matiné#NNNXX-----A----	maturita#NNF??-----A---?
maximum#NNN??-----A---?	maxi#AAXXX----1A----
machinace#NNF??-----A---?	mašina#NNF??-----A---?
stáj#NNF??-----A---?	maštal#NNF??-----A---?
maršál#NNM??-----A---?	maštal#NNF??-----A---?
mýt#V????--??-??I??	mech#NNI??-----A---?
medikament#NNI??-----A---?	medicína#NNF??-----A---?
melodram#NNI??-----A---?	melodie#NNF??-----A---?
parodie#NNF??-----A---?	melodie#NNF??-----A---?
marmeláda#NNF??-----A---?	melouch#NNI??-----A---?
pelmel#NNI??-----A---?	melírovaný#AA???----??---?
memorovat#V????--??-??I??	memento#NNN??-----A---?
paměť#NNF??-----A---?	memento#NNN??-----A---?
minuta#NNF??-----A---?	menu#NNNXX-----A----
menuet#NNI??-----A---?	menu#NNNXX-----A----
mísa#NNF??-----A---?	menza#NNF??-----A---?
mísit#V????--??-??I??	mestic#NNM??-----A---?
mezera#NNF??-----A---?	mez#NNF??-----A---?
mačkat#V????--??-??I??	mekat#V????--??-??I??
mouka#NNF??-----A---?	mekat#V????--??-??I??
míč#NNI??-----A---?	mekat#V????--??-??I??
prostopášný#AA???----??---?	roztomilý#AA???----??---?
mimikry#NNFP?-----A---?	mim#NNM??-----A---?
mimóza#NNF??-----A---?	mim#NNM??-----A---?
mámit#V????--??-??I??	mim#NNM??-----A---?
minerál#NNI??-----A---?	mina#NNF??-----A---?
ministr#NNM??-----A---?	mini#AAXXX----1A----
minimax#NNI??-----A---?	mini#AAXXX----1A----
majorita#NNF??-----A---?	minorita#NNF??-----A---?
minuskule#NNF??-----A---?	minus#Db-------------
bída#NNF??-----A---?	mizera#NNF??-----A---?
míza#NNF??-----A---?	mlha#NNF??-----A---?
mrmlat#V????--??-??I??	mluvit#V????--??-??I??
mručet#V????--??-??I??	mluvit#V????--??-??I??
velmož#NNM??-----A---?	zámožný#AA???----??---?
mohutný#AA???----??---?	moci#V???---??-??I??
motiv#NNI??-----A---?	moment#NNI??-----A---?
monument#NNI??-----A---?	monitor#NNI??-----A---?
mnich#NNM??-----A---?	mono#Db-------------
monopost#NNI??-----A---?	mono#Db-------------
mononukleóza#NNF??-----A---?	mono#Db-------------
monolog#NNI??-----A---?	mono#Db-------------
okulár#NNI??-----A---?	monokl#NNI??-----A---?
litografie#NNF??-----A---?	monolit#NNI??-----A---?
sir#NNM??-----A---?	monsignore#NNM??-----A---?
amorfní#AA???----??---?	morfém#NNI??-----A---?
morální#AA???----??---?	morous#NNM??-----A---?
kněz#NNM??-----?---?	mosaz#NNF??-----A---?
mušketa#NNF??-----A---?	moskyt#NNM??-----A---?
motouz#NNI??-----A---?	motat#V????--??-??I??
motýl#NNM??-----A---?	motat#V????--??-??I??
mást#V????--??-??I??	motat#V????--??-??I??
motorest#NNI??-----A---?	moto#NNNXX-----A----
motokára#NNF??-----A---?	moto#NNNXX-----A----
mšice#NNF??-----A---?	moucha#NNF??-----A----
moskyt#NNM??-----A---?	moucha#NNF??-----A----
morče#NNN??-----A---?	moře#NNN??-----A---?
mrholit#V????--??-??I??	mrak#NNI??-----A---?
mrva#NNF??-----A---?	mráz#NNI??-----A---?
mrzet#V????--??-??I??	mrznout#V????--??-??I??
měkký#AA???----??---?	muka#NNF??-----A---?
mulat#NNM??-----A---?	mul#NNI??-----A---?
moula#NNM??-----A---?	mul#NNI??-----A---?
mušle#NNF??-----A---?	muskulární#AA???----1?---?
islám#NNI??-----A---?	muslim#NNM??-----A---?
msta#NNF??-----A----	mutace#NNF??-----A---?
mýtus#NNI??-----A---?	mysl#NNF??-----A---?
mystika#NNF??-----A---?	mystérium#NNN??-----A---?
mátoha#NNF??-----A---?	mávat#V????--??-??I??
nozdra#NNF??-----A---?	mázdra#NNF??-----A---?
muzeum#NNN??-----A---?	múza#NNF??-----A---?
mozaika#NNF??-----A---?	múza#NNF??-----A---?
komuna#NNF??-----A---?	měna#NNF??-----A---?
meniskus#NNI??-----A---?	měsíc#NNI??-----A---?
lišaj#NNM??-----A---?	můra#NNF??-----A---?
motolice#NNF??-----A---?	můra#NNF??-----A---?
mřenka#NNF??-----A---?	můra#NNF??-----A---?
nacionální#AA???----??---?	nacionále#NNN??-----A---?
nažka#NNF??-----A---?	nahý#AA???----1?---?
nacionále#NNN??-----A---?	naivní#AA???----??---?
podmět#NNI??-----A---?	námět#NNI??-----A---?
předmět#NNI??-----A---?	námět#NNI??-----A---?
narkomanie#NNF??-----A---?	narkóza#NNF??-----A---?
posupný#AA???----??---?	nasupit#V????--??-??P??
supět#V????--??-??I??	nasupit#V????--??-??P??
najáda#NNF??-----A---?	navigace#NNF??-----A---?
ubohý#AA???----??---?	nebohý#AA???----??---?
monolit#NNI??-----A---?	neolit#NNI??-----A---?
paleolit#NNI??-----A---?	neolit#NNI??-----A---?
zanevřít#V????--??-??P??	nevrlý#AA???----??---?
ničit#V????--??-??I??	nic#Db-------------
nízký#AA???----??---?	niva#NNF??-----A---?
nomenklatura#NNF??-----A---?	nominovat#V????--??-??B??
nominální#AA???----1?---?	nominovat#V????--??-??B??
nosorožec#NNM??-----A---?	nos#NNI??-----A---?
nora#NNF??-----A---?	nořit#V????--??-??I??
ponrava#NNF??-----A---?	nořit#V????--??-??I??
nukleus#NNI??-----A---?	nugát#NNI??-----A---?
lymfa#NNF??-----A---?	nymfa#NNF??-----A---?
Vánoce#NNFP?-----A---?	nádhera#NNF??-----A---?
navštívit#V????--??-??P??	návěští#NNN??-----A---?
sněť#NNF??-----A----	nítit#V????--??-??I??
nutit#V????--??-??I??	nýt#V????--??-??I??
žito#NNN??-----A---?	obilí#NNN??-----A---?
chléb#NNI??-----A---?	obilí#NNN??-----A---?
subjekt#NNI??-----A---?	objekt#NNI??-----A---?
zout#V????--??-??P??	obout#V????--??-??P??
onuce#NNF??-----A---?	obout#V????--??-??P??
závěť#NNF??-----A---?	oběť#NNF??-----A---?
věta#NNF??-----A---?	oběť#NNF??-----A---?
pás#NNI??-----A---?	ocas#NNI??-----A---?
smečka#NNF??-----A---?	smýkat#V????--??-??I??
ozon#NNI??-----A---?	odér#NNI??-----A---?
sajdkára#NNF??-----A---?	ofsajd#NNI??-----A---?
benefice#NNF??-----A---?	oficiální#AA???----??---?
okluziva#NNF??-----A---?	okluze#NNF??-----A---?
okno#NNN??-----A---?	oko#NNN??-----A---?
kreslit#V????--??-??I??	okres#NNI??-----A---?
oktáva#NNF??-----A---?	oktan#NNI??-----A---?
okteto#NNN??-----A---?	oktan#NNI??-----A---?
oligarchie#NNF??-----A---?	oligofrenie#NNF??-----A---?
frenetický#AA???----??---?	oligofrenie#NNF??-----A---?
vykat#V????--??-??I??	onikat#V????--??-??I??
tykat#V????--??-??I??	onikat#V????--??-??I??
rozpaky#NNIP?-----A---?	opak#NNI??-----A---?
zpět#Db-------------	opět#Db-------------
pomeranč#NNI??-----A---?	oranžový#AA???----??---?
ratejna#NNF??-----A---?	orat#V????--??-??I??
ordinář#NNM??-----A---?	ordinace#NNF??-----A---?
organizovat#V????--??-??B??	orgán#NNI??-----A---?
orientovat#V????--??-??B??	orientální#AA???----??---?
paradox#NNI??-----A---?	ortodoxní#AA???----??---?
epos#NNI??-----A---?	ortoepie#NNF??-----A---?
síť#NNF??-----A---?	osidlo#NNN??-----A---?
strouha#NNF??-----A---?	ostrov#NNI??-----A---?
triumf#NNI??-----A---?	ovace#NNF??-----A---?
pulovr#NNI??-----A---?	ovce#NNF??-----A---?
jíst#V????--??-??I??	ovoce#NNN??-----A----
ovál#NNI??-----A---?	ovulace#NNF??-----A---?
vejce#NNN??-----A---?	ovulace#NNF??-----A---?
oxymoron#NNNS?-----A----	oxid#NNI??-----A---?
orat#V????--??-??I??	oř#NNM??-----A---?
vonět#V????--??-??I??	puch#NNI??-----A---?
pasiáns#NNI??-----A---?	pacient#NNM??-----A---?
padouch#NNM??-----A---?	padat#V????--??-??I??
past#NNF??-----A---?	propast#NNF??-----A---?
pádit#V????--??-??I??	padat#V????--??-??I??
pakovat#V????--??-??I??	pakl#NNI??-----A---?
pádlo#NNN??-----A---?	paleta#NNF??-----A---?
palmáre#NNNXX-----A----	palma#NNF??-----A---?
pansofie#NNF??-----A---?	pan#NNMS?-----A---?
panteon#NNI??-----A---?	pan#NNMS?-----A---?
panděro#NNN??-----A---?	pancíř#NNI??-----A---?
krev#NNF??-----A---?	pankreas#NNI??-----A----
pentle#NNF??-----A---?	pant#NNI??-----A---?
bandáž#NNF??-----A---?	pant#NNI??-----A---?
papá#NNMXX-----A----	papež#NNM??-----A---?
huba#NNF??-----A---?	papula#NNF??-----A---?
parametr#NNI??-----A---?	para#NNIXX-----A----
paralela#NNF??-----A---?	para#NNIXX-----A----
paragraf#NNI??-----A---?	para#NNIXX-----A----
parazit#NNM??-----A---?	para#NNIXX-----A----
parciální#AA???----1?---?	parcela#NNF??-----A---?
part#NNI??-----A---?	parcela#NNF??-----A---?
partie#NNF??-----A---?	parcela#NNF??-----A---?
parkovat#V????--??-??I??	park#NNI??-----A---?
partner#NNM??-----A---?	partyzán#NNM??-----A---?
pacient#NNM??-----A---?	pasionál#NNI??-----A---?
zápas#NNI??-----A---?	pasovat#V????--??-??B??
pasáž#NNF??-----A---?	pasé#AAXXX----1A----
opět#Db-------------	pata#NNF??-----A---?
páteř#NNF??-----A---?	páternoster#NNI??-----A---?
pouť#NNF??-----A---?	patro#NNN??-----A---?
patricij#NNM??-----A---?	patron#NNM??-----A---?
šetřit#V????--??-??I??	patřit#V????--??-??I??
slušet#V????--??-??I??	patřit#V????--??-??I??
oblak#NNI??-----A---?	pavlač#NNF??-----A---?
pašák#NNM??-----A---?	pašerák#NNM??-----A---?
čuně#NNN??-----A---?	pašík#NNM??-----A---?
pařez#NNI??-----A---?	pažit#V????--??-??I??
foch#NNI??-----A---?	pažení#NNN??-----?---?
pedál#NNI??-----A---?	pedikúra#NNF??-----A---?
pech#NNIS?-----A----	peklo#NNN??-----A---?
parapet#NNI??-----A---?	pektorální#AA???----1?---?
kakost#NNI??-----A---?	pelargonie#NNF??-----A---?
lysý#AA???----??---?	pelichat#V????--??-??I??
penze#NNF??-----A---?	pandán#NNI??-----A---?
penicilin#NNI??-----A---?	penis#NNI??-----A---?
tetralogie#NNF??-----A---?	pentalogie#NNF??-----A---?
trilogie#NNF??-----A---?	pentalogie#NNF??-----A---?
penalta#NNF??-----A---?	penále#NNN??-----A----
pence#NNF??-----A---?	peníz#NNI??-----A---?
perník#NNI??-----A---?	pepř#NNI??-----A---?
paprika#NNF??-----A---?	pepř#NNI??-----A---?
recepce#NNF??-----A---?	percepce#NNF??-----A---?
práh#NNI??-----A---?	pergola#NNF??-----A---?
semafor#NNI??-----A---?	periferie#NNF??-----A---?
prospekt#NNI??-----A---?	perspektiva#NNF??-----A---?
piha#NNF??-----A---?	pestrý#AA???----??---?
psát#V????--??-??I??	pestrý#AA???----??---?
pěkný#AA???----??---?	pestrý#AA???----??---?
pstruh#NNM??-----A---?	pestrý#AA???----??---?
laterna#NNF??-----A---?	lampa#NNF??-----A---?
veřej#NNF??-----A---?	peřej#NNF??-----A---?
spiknout#V????--??-??P??	pikle#NNIP?-----A---?
pilíř#NNI??-----A---?	pilot#NNM??-----A---?
pingpong#NNI??-----A---?	pinkat#V????--??-??I??
piktogram#NNI??-----A---?	pinta#NNF??-----A---?
píča#NNF??-----A---?	pinďour#NNM??-----A---?
peon#NNM??-----A---?	pion#NNM??-----A---?
pestík#NNI??-----A---?	pisoár#NNI??-----A---?
potvora#NNF??-----A---?	pitvořit#V????--??-??I??
bizam#NNI??-----A---?	pižmo#NNN??-----A---?
platforma#NNF??-----A---?	plac#NNI??-----A---?
platýs#NNM??-----A---?	plac#NNI??-----A---?
palačinka#NNF??-----A---?	placenta#NNF??-----A---?
plášť#NNI??-----A----	plachta#NNF??-----A---?
plaketa#NNF??-----A---?	plakát#NNI??-----A---?
pole#NNN??-----A---?	pláň#NNF??-----A---?
plást#NNI??-----A---?	pláň#NNF??-----A---?
plch#NNM??-----A---?	plavý#AA???----??---?
plíseň#NNF??-----A---?	plavý#AA???----??---?
bek#NNM??-----A---?	playback#NNI??-----A---?
plouhat#V????--??-??I??	plazit#V????--??-??I??
plž#NNM??-----A---?	plazit#V????--??-??I??
plebiscit#NNI??-----A---?	plebejec#NNM??-----A---?
plátno#NNN??-----A---?	plec#NNF??-----A---?
plec#NNF??-----A---?	pleso#NNN??-----A---?
popel#NNI??-----A---?	pleva#NNF??-----A---?
plédovat#V????--??-??I??	plezír#NNI??-----A---?
plížit#V????--??-??I??	plihnout#V????--??-??I??
plést#V????--??-??I??	plisovaný#AA???----??---?
splasknout#V????--??-??P??	ploský#AA???----??---?
plachta#NNF??-----A---?	ploský#AA???----??---?
plurál#NNI??-----A---?	plus#NNI??-----A---?
pleonasmus#NNI??-----A---?	plus#NNI??-----A---?
plytký#AA???----??---?	plynout#V????--??-??I??
hlahol#NNI??-----A---?	plápolat#V????--??-??I??
chlácholit#V????--??-??I??	plápolat#V????--??-??I??
plápolat#V????--??-??I??	plát#NNI??-----A---?
poleno#NNN??-----A---?	plát#NNI??-----A---?
plagiát#NNI??-----A---?	pláž#NNF??-----A---?
šít#V????--??-??I??	pochva#NNF??-----A---?
podagra#NNF??-----A---?	pódium#NNN??-----A---?
poliklinika#NNF??-----A---?	politika#NNF??-----?---?
pulírovat#V????--??-??I??	politura#NNF??-----A---?
bigamie#NNF??-----A---?	polygamie#NNF??-----A---?
vnuknout#V????--??-??P??	ponoukat#V????--??-??I??
populární#AA???----??---?	populace#NNF??-----A---?
publikum#NNN??-----A---?	populace#NNF??-----A---?
proporce#NNF??-----A---?	porce#NNF??-----A---?
portfolio#NNN??-----A---?	portfej#NNI??-----A---?
posthumní#AA???----1?---?	post#NNI??-----A---?
postila#NNF??-----A---?	post#NNI??-----A---?
posesivní#AA???----1?---?	potence#NNF??-----A---?
poťouchlý#AA???----??---?	potutelný#AA???----??---?
puchnout#V????--??-??I??	pouzdro#NNN??-----A---?
puchýř#NNI??-----A---?	pouzdro#NNN??-----A---?
pyj#NNI??-----A---?	pouzdro#NNN??-----A---?
přít#V????--??-??I??	pozřít#V????--??-??P??
zřídlo#NNN??-----A---?	žrát#V????--??-??I??
prát#V????--??-??I??	pozřít#V????--??-??P??
lůza#NNF??-----A---?	lýko#NNN??-----A---?
lub#NNI??-----A---?	lýko#NNN??-----A---?
hrdlo#NNN??-----A---?	žrát#V????--??-??I??
hříva#NNF??-----A---?	žrát#V????--??-??I??
žít#V????--??-??I??	žír#NNI??-----A---?
obruč#NNF??-----A---?	ruka#NNF??-----A---?
branže#NNF??-----A---?	ruka#NNF??-----A---?
žúžo#AAXXX----1A----	pošušňat#V???---??-??P??
preclík#NNI??-----A---?	pracka#NNF??-----A---?
praštět#V????--??-??I??	praštit#V????--??-??P??
prča#NNF??-----A---?	prcat#V????--??-??I??
proviant#NNI??-----A---?	prebenda#NNF??-----A---?
ablativ#NNI??-----A---?	prelát#NNM??-----A---?
relace#NNF??-----A---?	prelát#NNM??-----A---?
primas#NNM??-----A---?	premiér#NNM??-----A---?
primátor#NNM??-----A---?	premiér#NNM??-----A---?
priorita#NNF??-----A---?	prim#NNI??-----A---?
propozice#NNF??-----A---?	probošt#NNM??-----A---?
prominent#NNM??-----A---?	promenáda#NNF??-----A---?
procento#NNN??-----A---?	promile#NNF??-----A---?
míle#NNF??-----A---?	promile#NNF??-----A---?
rokovat#V????--??-??I??	prorok#NNM??-----A---?
vivisekce#NNF??-----A---?	prosektura#NNF??-----A---?
prekérní#AA???----??---?	prosit#V????--??-??I??
protokol#NNI??-----A---?	proto#Db-------------
protagonista#NNM??-----A---?	proto#Db-------------
prototyp#NNI??-----A---?	proto#Db-------------
proton#NNI??-----A---?	proto#Db-------------
pruh#NNI??-----A---?	pružit#V????--??-??I??
reciproční#AA???----1?---?	pryč#Db-------------
praštit#V????--??-??P??	prýštit#V????--??-??I??
práskat#V????--??-??I??	prýštit#V????--??-??I??
prýskat#V????--??-??I??	prznit#V????--??-??I??
psychologie#NNF??-----A---?	psycho#NNNS?-----A----
buket#NNI??-----A---?	pudr#NNI??-----A---?
pulpit#NNI??-----A---?	pult#NNI??-----A---?
pointa#NNF??-----A---?	puntík#NNI??-----A---?
punčocha#NNF??-----A---?	punktovat#V????--??-??I??
pupen#NNI??-----A---?	pupek#NNI??-----A---?
purkrabí#NNM??-----A----	purkmistr#NNM??-----A---?
poustevník#NNM??-----A---?	pustý#AA???----??---?
puritán#NNM??-----A---?	pyré#NNNXX-----A----
peruť#NNF??-----A---?	pero#NNN??-----A---?
pěstovat#V????--??-??I??	píce#NNF??-----A---?
pitomý#AA???----??---?	píce#NNF??-----A---?
piky#NNIP?-----A---?	píka#NNF??-----A---?
pikantní#AA???----??---?	píka#NNF??-----A---?
přeslice#NNF??-----A---?	příst#V????--??-??I??
bzdít#V????--??-??I??	pšoukat#V????--??-??I??
ráčit#V????--??-??I??	rada#NNF??-----A---?
rád#AC???-----?----	rada#NNF??-----A---?
ředkev#NNF??-----A---?	radikální#AA???----??---?
rádius#NNI??-----A---?	rádio#NNN??-----A----
neon#NNI??-----A---?	radon#NNI??-----A---?
rytíř#NNM??-----A---?	rajtovat#V????--??-??I??
ropa#NNF??-----A---?	rampouch#NNI??-----A---?
ropucha#NNF??-----A---?	rampouch#NNI??-----A---?
renta#NNF??-----A---?	rande#NNN??-----A---?
uzurpovat#V????--??-??B??	rapidní#AA???----??---?
rašple#NNF??-----A---?	rapír#NNI??-----A---?
rota#NNF??-----A---?	raut#NNI??-----A---?
ruměný#AA???----??---?	rdít#V????--??-??I??
ryšavý#AA???----??---?	rdít#V????--??-??I??
revoluce#NNF??-----A---?	re#NNNXX-----A----
redigovat#V????--??-??I??	re#NNNXX-----A----
republika#NNF??-----A---?	reálný#AA???----??---?
rébus#NNI??-----A---?	reálný#AA???----??---?
reveň#NNF??-----A---?	rebarbora#NNF??-----A---?
perfektní#AA???----??---?	refektář#NNI??-----A---?
fuga#NNF??-----A---?	refýž#NNF??-----A---?
rejdit#V????--??-??I??	rej#NNI??-----A---?
relé#NNNXX-----A----	relaxovat#V????--??-??I??
delikt#NNI??-----A---?	relikt#NNI??-----A---?
remíza#NNF??-----A---?	remíz#NNI??-----A---?
jméno#NNN??-----A---?	renomé#NNNXX-----A----
nominovat#V????--??-??B??	renomé#NNNXX-----A----
prostata#NNF??-----A---?	reostat#NNI??-----A---?
termostat#NNI??-----A---?	reostat#NNI??-----A---?
statistika#NNF??-----A---?	reostat#NNI??-----A---?
aparát#NNI??-----A---?	reparace#NNF??-----A---?
patriot#NNM??-----A---?	repatriovat#V????--??-??B??
repete#Db-------------	repetice#NNF??-----A---?
repetent#NNM??-----A---?	repetice#NNF??-----A---?
remcat#V????--??-??I??	reptat#V????--??-??I??
repetit#V???---??-??I??	reptat#V????--??-??I??
inspirovat#V????--??-??B??	respirátor#NNI??-----A---?
rošt#NNI??-----A---?	restovat#V????--??-??I??
nárt#NNI??-----A---?	ret#NNI??-----A---?
vendeta#NNF??-----A---?	revanš#NNI??-----A---?
varovat#V????--??-??I??	reverend#NNM??-----A---?
verš#NNI??-----A---?	revers#NNI??-----A---?
sedativum#NNN??-----A---?	rez#NNF??-----A----
režim#NNI??-----A---?	režie#NNF??-----A---?
riziko#NNN??-----A---?	riskovat#V????--??-??B??
příroda#NNF??-----A---?	rod#NNI??-----A---?
oleandr#NNI??-----A---?	rododendron#NNI??-----A---?
ruleta#NNF??-----A---?	roleta#NNF??-----A---?
rokenrol#NNI??-----A---?	rolovat#V????--??-??I??
rmen#NNI??-----A---?	román#NNI??-----A---?
romance#NNF??-----A---?	román#NNI??-----A---?
roj#NNI??-----A---?	ronit#V????--??-??I??
řeka#NNF??-----A---?	ronit#V????--??-??I??
roráty#NNIP?-----A---?	rosa#NNF??-----A---?
ronit#V????--??-??I??	rosa#NNF??-----A---?
runda#NNF??-----A---?	rotunda#NNF??-----A---?
rubat#V????--??-??I??	rub#NNI??-----A---?
rubáš#NNI??-----A---?	rub#NNI??-----A---?
roucho#NNN??-----A---?	rouno#NNN??-----A---?
rorýs#NNM??-----A---?	roura#NNF??-----A---?
rušit#V????--??-??I??	rousat#V????--??-??I??
rychlý#AA???----??---?	rousat#V????--??-??I??
maják#NNI??-----A---?	rozmanitý#AA???----??---?
hroch#NNM??-----A---?	rošáda#NNF??-----A---?
rubín#NNI??-----A---?	rudý#AA???----??---?
ryzí#AA???----??---?	rudý#AA???----??---?
rubrika#NNF??-----A---?	rudý#AA???----??---?
rumraj#NNI??-----A---?	rum#NNI??-----A---?
rum#NNI??-----A---?	rumplovat#V????--??-??I??
raut#NNI??-----A---?	rutina#NNF??-----A---?
rouno#NNN??-----A---?	rvát#V????--??-??I??
recht#Db-------------	rychtář#NNM??-----A---?
řvát#V????--??-??I??	ryčet#V????--??-??I??
říje#NNF??-----A---?	ryčet#V????--??-??I??
říhat#V????--??-??I??	řičet#V????--??-??I??
rvát#V????--??-??I??	ryngle#NNF??-----A---?
revma#NNN??-----A---?	rytmus#NNI??-----A---?
rarach#NNM??-----A---?	rámus#NNI??-----A---?
vřed#NNI??-----A---?	rána#NNF??-----A---?
záhy#Db-------------	hojný#AA???----??---?
retrográdní#AA???----??---?	rétorika#NNF??-----A---?
rizoto#NNN??-----A---?	rýže#NNF??-----A---?
řada#NNF??-----A---?	ržát#V???---??-??I??
sakrální#AA???----1?---?	sakristie#NNF??-----A---?
salon#NNI??-----A---?	sakura#NNF??-----A---?
salva#NNF??-----A---?	salutovat#V????--??-??I??
salát#NNI??-----A---?	salám#NNI??-----A---?
saň#NNF??-----A---?	sandál#NNI??-----A---?
sarkofág#NNI??-----A---?	sarkasmus#NNI??-----A---?
sarkom#NNI??-----A---?	sarkasmus#NNI??-----A---?
saturovat#V????--??-??B??	satira#NNF??-----A---?
skica#NNF??-----A---?	schéma#NNN??-----A---?
sekt#NNI??-----A---?	sekýrovat#V????--??-??I??
dosud#Db-------------	sem#Db-------------
sice#Db-------------	sem#Db-------------
seminář#NNI??-----A---?	semeno#NNN??-----A---?
trimestr#NNI??-----A---?	semestr#NNI??-----A---?
hemisféra#NNF??-----A---?	semifinále#NNN??-----A---?
senát#NNI??-----A---?	senilní#AA???----??---?
senior#NNM??-----A---?	senilní#AA???----??---?
sépie#NNF??-----A---?	sepse#NNF??-----A---?
sadit#V????--??-??P??	setník#NNM??-----A---?
kvinteto#NNN??-----A---?	sexteto#NNN??-----A---?
sít#V????--??-??I??	sezona#NNF??-----A---?
šrafovat#V????--??-??I??	sgrafito#NNN??-----A---?
šos#NNI??-----A---?	šot#NNI??-----A---?
čutat#V????--??-??I??	šot#NNI??-----A---?
silikóza#NNF??-----A---?	silikon#NNI??-----A---?
singulár#NNI??-----A---?	singl#NNI??-----A---?
prosinec#NNI??-----A---?	sinat#V????--??-??I??
batyskaf#NNI??-----A---?	skafandr#NNI??-----A---?
šalupa#NNF??-----A---?	skalp#NNI??-----A---?
střep#NNI??-----A---?	skalp#NNI??-----A---?
skandovat#V????--??-??I??	skalár#NNI??-----A---?
snowboard#NNI??-----A---?	skateboard#NNI??-----A---?
šíf#NNI??-----A---?	skif#NNI??-----A---?
skořápka#NNF??-----A---?	skrblit#V????--??-??I??
soukromý#AA???----??---?	skromný#AA???----??---?
skuhrat#V????--??-??I??	skučet#V????--??-??I??
skřípat#V????--??-??I??	skřehotat#V????--??-??I??
skřek#NNI??-----A---?	skřehotat#V????--??-??I??
škrkavka#NNF??-----A---?	skřehotat#V????--??-??I??
slatina#NNF??-----A---?	slavík#NNM??-----A---?
posléze#Db-------------	poslední#AA???----??---?
slídit#V????--??-??I??	sledovat#V????--??-??I??
oslnit#V????--??-??P??	slepý#A????----??---?
šlechta#NNF??-----A---?	slečna#NNF??-----A---?
vašnosta#NNM??-----A---?	slečna#NNF??-----A---?
slín#NNI??-----A---?	slimák#NNM??-----A---?
sliz#NNI??-----A---?	slimák#NNM??-----A---?
slina#NNF??-----A---?	slimák#NNM??-----A---?
sluj#NNF??-----A---?	sloj#NNF??-----A---?
štola#NNF??-----A---?	sloup#NNI??-----A---?
sléz#NNI??-----A---?	slíva#NNF??-----A---?
šmolka#NNF??-----A---?	smalt#NNI??-----A---?
šmahem#Db-------------	smahnout#V????--??-??I??
smoking#NNI??-----A---?	smog#NNI??-----A---?
sochor#NNI??-----A---?	socha#NNF??-----A---?
suk#NNI??-----A---?	socha#NNF??-----A---?
rozsocha#NNF??-----A---?	socha#NNF??-----A---?
žold#NNI??-----A---?	soldateska#NNF??-----A---?
sonáta#NNF??-----A---?	sonorní#AA???----??---?
sopel#NNI??-----A---?	soptit#V????--??-??I??
sápat#V????--??-??I??	soptit#V????--??-??I??
sopouch#NNI??-----A---?	soptit#V????--??-??I??
osopit#V????--??-??P??	soptit#V????--??-??I??
spát#V???---??-??I??	soptit#V????--??-??I??
soupeř#NNM??-----A---?	sou#NNNXX-----A----
soused#NNM??-----A---?	sou#NNNXX-----A----
sud#NNI??-----A---?	sou#NNNXX-----A----
soutěž#NNF??-----A---?	sou#NNNXX-----A----
sunout#V????--??-??I??	soukat#V????--??-??I??
sladký#AA???----??---?	úzký#AA???----??---?
tenký#AA???----??---?	úzký#AA???----??---?
spekulovat#V????--??-??I??	speciální#AA???----??---?
špeluňka#NNF??-----A---?	speleologie#NNF??-----A---?
šplhat#V????--??-??I??	šplíchat#V????--??-??I??
sporý#AA???----??---?	spět#V????--??-??I??
stadium#NNN??-----A---?	stadion#NNI??-----A---?
stalaktit#NNI??-----A---?	stalagmit#NNI??-----A---?
standarta#NNF??-----A---?	standard#NNI??-----A---?
strmý#AA???----??---?	starat#V????--??-??I??
strádat#V????--??-??I??	starat#V????--??-??I??
stádo#NNN??-----A---?	stodola#NNF??-----A---?
turnaj#NNI??-----A---?	storno#NNN??-----A---?
tornádo#NNN??-----A---?	storno#NNN??-----A---?
túra#NNF??-----A---?	storno#NNN??-----A---?
štempl#NNI??-----A---?	stoupa#NNF??-----A---?
stoupa#NNF??-----A---?	stoupat#V????--??-??I??
stehno#NNN??-----A---?	stožár#NNI??-----A---?
strakapoud#NNM??-----A---?	strach#NNI??-----A---?
strach#NNI??-----A---?	strohý#AA???----??---?
struk#NNI??-----A---?	stručný#AA???----??---?
střeček#NNM??-----A---?	strkat#V????--??-??I??
míchat#V????--??-??I??	ostýchat#V????--??-??I??
studený#AA???----??---?	studovat#V????--??-??I??
tuhý#A????----??---?	stuha#NNF??-----A---?
hlava#NNF??-----?---?	střemhlav#Db-------------
třeň#NNI??-----A----	střenka#NNF??-----A---?
ústrety#NNFP?-----A---?	střetat#V????--??-??I??
vstříc#Db-------------	střetat#V????--??-??I??
škorně#NNF??-----A---?	střevíc#NNI??-----A---?
tryskat#V????--??-??I??	stříkat#V????--??-??I??
záda#NNNP?-----A---?	sudý#AA???----1?---?
rosol#NNI??-----A---?	sulc#NNI??-----A---?
superlativ#NNI??-----A---?	super#NNI??-----A---?
terén#NNI??-----A---?	suterén#NNI??-----A---?
subvence#NNF??-----A---?	suvenýr#NNI??-----A---?
svižný#AA???----??---?	svěží#AA???----??---?
švunk#NNI??-----A---?	swing#NNI??-----A---?
syndrom#NNI??-----A---?	syn#NNM??-----A---?
syntax#NNF??-----A---?	syn#NNM??-----A---?
synkopa#NNF??-----A---?	syn#NNM??-----A---?
symetrie#NNF??-----A---?	syn#NNM??-----A---?
synagoga#NNF??-----A---?	syn#NNM??-----A---?
suť#NNF??-----A---?	sypat#V????--??-??I??
sychravý#AA???----??---?	syrovinka#NNF??-----A---?
surový#AA???----??---?	syrovinka#NNF??-----A---?
sýr#NNI??-----A---?	syrovinka#NNF??-----A---?
sémantika#NNF??-----A---?	sémiotika#NNF??-----A---?
šeptat#V????--??-??I??	sípat#V????--??-??I??
sova#NNF??-----A---?	sýček#NNM??-----A---?
sýkora#NNF??-----A---?	sýček#NNM??-----A---?
puštík#NNM??-----A---?	sýček#NNM??-----A---?
výr#NNM??-----A---?	sýček#NNM??-----A---?
detail#NNI??-----A---?	tajle#NNF??-----A---?
tázat#V????--??-??I??	táhnout#V????--??-??I??
tětiva#NNF??-----A---?	táhnout#V????--??-??I??
talár#NNI??-----A---?	talon#NNI??-----A---?
tady#Db-------------	tam#Db-------------
sem#Db-------------	tam#Db-------------
tudy#Db-------------	tam#Db-------------
kvantum#NNN??-----A---?	tantiéma#NNF??-----A---?
tepich#NNI??-----A---?	tapeta#NNF??-----A---?
tajtrlík#NNM??-----A---?	tatrman#NNM??-----A---?
taxa#NNF??-----A---?	taxi#NNNXX-----A----
útok#NNI??-----A---?	tehdy#Db-------------
vztek#NNI??-----A---?	tehdy#Db-------------
týkat#V????--??-??I??	tehdy#Db-------------
potácet#V????--??-??I??	tehdy#Db-------------
tempera#NNF??-----A---?	temperament#NNI??-----A---?
tendr#NNI??-----A---?	tenze#NNF??-----A---?
deptat#V????--??-??I??	tepat#V????--??-??I??
terasa#NNF??-----A---?	terakota#NNF??-----A---?
kuchyň#NNF??-----A---?	terakota#NNF??-----A---?
terárium#NNN??-----A---?	teritorium#NNN??-----A---?
reostat#NNI??-----A---?	termoska#NNF??-----A---?
ošklivý#A????----??---?	teskný#AA???----??---?
děd#NNM??-----A---?	teta#NNF??-----A---?
tatrman#NNM??-----A---?	tetelit#V????--??-??I??
tovaryš#NNM??-----A---?	tovar#NNI??-----A---?
trezor#NNI??-----A---?	tezaurus#NNI??-----A---?
tečka#NNF??-----A---?	tečovat#V????--??-??I??
ihned#Db-------------	teď#Db-------------
troud#NNI??-----A---?	zteřelý#AA???----??---?
udeřit#V????--??-??P??	zteřelý#AA???----??---?
tango#NNN??-----A---?	tingltangl#NNI??-----A---?
titěrný#AA???----??---?	tintítko#NNN??-----A---?
tiráž#NNF??-----A---?	tiráda#NNF??-----A---?
tiret#NNI??-----A---?	tiráda#NNF??-----A---?
tlupa#NNF??-----A---?	tlumit#V????--??-??I??
dávit#V????--??-??I??	tlumit#V????--??-??I??
stonek#NNI??-----A---?	tnout#V????--??-??P??
temeno#NNN??-----A---?	tnout#V????--??-??P??
šrajtofle#NNF??-----A---?	tobolka#NNF??-----A---?
tetřev#NNM??-----A---?	tokat#V????--??-??I??
tón#NNI??-----A---?	tonik#NNI??-----A---?
tonus#NNI??-----A---?	tonik#NNI??-----A---?
cop#NNI??-----A---?	top#NNI??-----A---?
trs#NNI??-----A---?	torzo#NNN??-----A---?
tulit#V????--??-??I??	toulec#NNI??-----A---?
toxikomanie#NNF??-----A---?	toxický#AA???----??---?
trolej#NNF??-----A---?	trajler#NNI??-----A---?
šmajdat#V????--??-??I??	trajdat#V????--??-??I??
pajdat#V????--??-??I??	trajdat#V????--??-??I??
trampolína#NNF??-----A---?	tramp#NNM??-----A---?
transakce#NNF??-----A---?	trans#NNI??-----A---?
travestie#NNF??-----A---?	transvestit#NNM??-----A---?
tréma#NNF??-----A---?	tremolo#NNN??-----A---?
tramp#NNM??-----A---?	trepka#NNF??-----A---?
trať#NNF??-----A---?	tretra#NNF??-----A---?
trepka#NNF??-----A---?	tretra#NNF??-----A---?
přítrž#NNF??-----A---?	trhat#V????--??-??I??
trnout#V????--??-??I??	trn#NNI??-----A---?
trpaslík#NNM??-----A---?	trnož#NNF??-----A---?
tropy#NNIP?-----A---?	trofej#NNF??-----A---?
tropus#NNI??-----A---?	trofej#NNF??-----A---?
atrofie#NNF??-----A---?	trombóza#NNF??-----A---?
trofej#NNF??-----A---?	tropit#V????--??-??I??
tretra#NNF??-----A---?	trotl#NNM??-----A---?
trumbera#NNM??-----A---?	trouba#NNM??-----A---?
trápit#V????--??-??I??	trpět#V????--??-??I??
trombon#NNI??-----A---?	trumpeta#NNF??-----A---?
tramvaj#NNF??-----A---?	trám#NNI??-----A---?
týt#V???---??-??I??	tuk#NNI??-----A---?
tunel#NNI??-----A---?	tuna#NNF??-----A---?
tulipán#NNI??-----A---?	turban#NNI??-----A---?
totální#AA???----??---?	tutový#AA???----??---?
témbr#NNI??-----A---?	tympán#NNI??-----A---?
typ#NNI??-----A---?	tympán#NNI??-----A---?
výheň#NNF??-----A---?	oheň#NNI??-----A---?
také#Db-------------	též#Db-------------
těsný#AA???----??---?	těsto#NNN??-----A---?
treperenda#NNF??-----A---?	třepat#V????--??-??I??
třást#V????--??-??I??	třepat#V????--??-??I??
střevo#NNN??-----A---?	tříslo#NNN??-----A---?
tonout#V????--??-??I??	tůň#NNF??-----A---?
zdatný#AA???----??---?	udatný#A????----??---?
užovka#NNF??-----A---?	uher#NNI??-----A---?
úhoř#NNM??-----A---?	uher#NNI??-----A---?
ultimátum#NNN??-----A---?	ultra#AAXXX----1A----
unikát#NNI??-----A---?	unie#NNF??-----A---?
univerzální#AA???----??---?	univerzita#NNF??-----A---?
uzance#NNF??-----A---?	úzus#NNI??-----A---?
viklat#V????--??-??I??	vachrlatý#AA???----??---?
vakát#NNI??-----A---?	vakuum#NNN??-----A---?
varianta#NNF??-----A---?	varieté#NNN??-----A---?
vegetarián#NNM??-----A---?	vegetace#NNF??-----A---?
velmi#Db-------------	velký#AA???----??---?
velebit#V????--??-??I??	velký#AA???----??---?
veteš#NNF??-----A---?	vetchý#AA???----??---?
cello#NNN??-----A---?	violoncello#NNN??-----A---?
višeň#NNF??-----A---?	viskózní#AA???----??---?
vitriol#NNI??-----A---?	vitrína#NNF??-----A---?
vitamin#NNI??-----A---?	vitální#AA???----??---?
oblast#NNF??-----A---?	vlast#NNF??-----A---?
vlkodlak#NNM??-----A---?	vlk#NNM??-----A---?
zvláště#Db------------?	vládnout#V????--??-??I??
volán#NNI??-----A---?	volej#NNI??-----A---?
voliéra#NNF??-----A---?	volej#NNI??-----A---?
volejbal#NNI??-----A---?	volej#NNI??-----A---?
vosa#NNF??-----A---?	vosk#NNI??-----A---?
licousy#NNIP?-----A---?	vous#NNI??-----A---?
brak#NNI??-----A---?	vrak#NNI??-----A---?
rapl#NNM??-----A---?	rap#NNI??-----A---?
obora#NNF??-----A---?	vrata#NNNP?-----A---?
vor#NNI??-----A---?	vrata#NNNP?-----A---?
vrtět#V????--??-??I??	vrhnout#V????--??-??P??
vrba#NNF??-----A---?	vrhnout#V????--??-??P??
mrně#NNN??-----A---?	vrnět#V????--??-??I??
roubit#V????--??-??I??	vrnět#V????--??-??I??
vrkat#V????--??-??I??	vrnět#V????--??-??I??
škvrně#NNN??-----A---?	vrnět#V????--??-??I??
vrah#NNM??-----A---?	vrzat#V????--??-??I??
úpět#V????--??-??I??	vábit#V????--??-??I??
bláto#NNN??-----A---?	vápno#NNN??-----A---?
věno#NNN??-----A---?	vést#V????--??-??I??
jeseň#NNF??-----A---?	podvádět#V????--??-??I??
máslo#NNN??-----A---?	veslo#NNN??-----A---?
vichr#NNI??-----A---?	vích#NNI??-----A---?
vilný#AA???----??---?	víla#NNF??-----A---?
vinohrad#NNI??-----A---?	víno#NNN??-----A---?
výt#V????--??-??I??	výskat#V????--??-??I??
zítra#Db-------------	včera#Db-------------
volat#V????--??-??I??	vůl#NNM??-----A---?
velet#V????--??-??I??	volný#N??????????????
kobalt#NNI??-----A---?	wolfram#NNI??-----A---?
nikl#NNI??-----A---?	wolfram#NNI??-----A---?
hrát#V????--??-??I??	yzop#NNI??-----A---?
zmije#NNF??-----A---?	zeman#NNM??-----A---?
řeřavý#AA???----??---?	zerav#NNI??-----A---?
zívat#V????--??-??I??	zet#V???---??-??I??
ďobat#V????--??-??I??	zobat#V????--??-??I??
zoologie#NNF??-----A---?	zodiak#NNI??-----A---?
otava#NNF??-----A---?	zotavit#V????--??-??P??
otylý#AA???----??---?	zotavit#V????--??-??P??
přízrak#NNI??-----A---?	zrak#NNI??-----A---?
zrcadlo#NNN??-----A---?	zrak#NNI??-----A---?
zázrak#NNI??-----A---?	zrak#NNI??-----A---?
zrno#NNN??-----A---?	zrát#V???---??-??I??
zurčet#V????--??-??I??	zunkat#V????--??-??I??
zobat#V????--??-??I??	zábst#V???---??-??I??
násobit#V????--??-??I??	zásoba#NNF??-----A---?
vískat#V????--??-??I??	získat#V????--??-??P??
jitro#NNN??-----A---?	získat#V????--??-??P??
ječmen#NNI??-----A---?	úhel#NNI??-----A---?
vteřina#NNF??-----A---?	úterý#NNN??-----A---?
cizí#AA???----??---?	Čech#NNM??-----A---?
čouhat#V????--??-??I??	čahoun#NNM??-----A---?
frekvence#NNF??-----A---?	častý#AA???----??---?
cuchat#V????--??-??I??	čechrat#V????--??-??I??
Čech#NNM??-----A---?	čeleď#NNF??-----A---?
čmuchat#V????--??-??I??	čenichat#V????--??-??I??
čišet#V????--??-??I??	čich#NNI??-----A---?
čubrnět#V????--??-??I??	čumět#V????--??-??I??
čéška#NNF??-----A---?	číše#NNF??-----A---?
diblík#NNM??-----A---?	čůza#NNF??-----A---?
diabolka#NNF??-----A---?	čůza#NNF??-----A---?
ďas#NNM??-----A---?	čůza#NNF??-----A---?
hafat#V????--??-??I??	ňafat#V????--??-??I??
nimrat#V????--??-??I??	ňouma#NNM??-----A---?
vítěz#NNM??-----A---?	řetěz#NNI??-----A---?
šek#NNI??-----A---?	šach#NNI??-----A----
šašek#NNM??-----A---?	šach#NNI??-----A----
kalamář#NNI??-----A---?	šalmaj#NNF??-----A---?
skanzen#NNI??-----A---?	šance#NNF??-----A---?
šarlatán#NNM??-----A---?	šaráda#NNF??-----A---?
šmejdit#V????--??-??I??	šejdíř#NNM??-----A---?
šeřík#NNI??-----A---?	šerý#AA???----1?---?
šedý#AA???----??---?	šerý#AA???----1?---?
šveholit#V????--??-??I??	ševelit#V????--??-??I??
šibenice#NNF??-----A---?	šibal#NNM??-----A---?
šikovný#AA???----??---?	šik#AAXXX----1A----
chmýří#NNN??-----A---?	šimrat#V????--??-??I??
štědrý#AA???----??---?	šindel#NNI??-----A---?
šuškat#V????--??-??I??	šišlat#V????--??-??I??
žebrat#V????--??-??I??	škemrat#V????--??-??I??
skalp#NNI??-----A---?	šklebit#V????--??-??I??
škeble#NNF??-----A---?	šklebit#V????--??-??I??
škorpion#NNM??-----A---?	škorpit#V????--??-??I??
škrtit#V????--??-??I??	škrtat#V????--??-??I??
skvrna#NNF??-----A---?	škvařit#V????--??-??I??
škvařit#V????--??-??I??	škvor#NNM??-----A---?
škraloup#NNI??-----A---?	škára#NNF??-----A---?
šlágr#NNI??-----A---?	šlak#NNI??-----A---?
šlehat#V????--??-??I??	šlak#NNI??-----A---?
šmátrat#V????--??-??I??	šmatat#V????--??-??I??
fidlat#V????--??-??I??	šmidlat#V????--??-??I??
šmíra#NNF??-----A---?	šminka#NNF??-----A---?
šmajchlovat#V????--??-??I??	šminka#NNF??-----A---?
šofér#NNM??-----A---?	šodó#NNNXX-----A----
kalorie#NNF??-----A---?	šodó#NNNXX-----A----
šourat#V????--??-??I??	šoufl#Db-------------
šoustat#V????--??-??I??	šoufl#Db-------------
šoupat#V????--??-??I??	šoufl#Db-------------
špion#NNM??-----A---?	špehovat#V????--??-??I??
špice#NNF??-----A---?	špejle#NNF??-----A---?
špíz#NNI??-----A---?	špejle#NNF??-----A---?
štóla#NNF??-----A---?	štelovat#V????--??-??I??
škytat#V????--??-??I??	štkát#V???---??-??I??
štok#NNI??-----A---?	štokrle#NNF??-----A---?
štrejchnout#V????--??-??P??	štráchy#NNIP?-----A----
štráchy#NNIP?-----A----	štráf#NNI??-----A---?
šťouchat#V????--??-??I??	štuk#NNI??-----A---?
štika#NNF??-----A---?	štvát#V????--??-??I??
škvíra#NNF??-----A---?	štířit#V????--??-??I??
šustit#V????--??-??I??	šum#NNI??-----A---?
prsť#NNF??-----A---?	pršet#V????--??-??I??
štvát#V????--??-??I??	šus#NNM??-----A---?
junda#NNF??-----A---?	švanda#NNF??-----A---?
šílet#V???---??-??I??	šálit#V????--??-??I??
šňořit#V????--??-??I??	šňůra#NNF??-----A---?
štrachat#V????--??-??I??	šťourat#V????--??-??I??
špetka#NNF??-----A---?	ždibec#NNI??-----A---?
hmota#NNF??-----A---?	ždímat#V????--??-??I??
hustý#AA???----??---?	ždímat#V????--??-??I??
homole#NNF??-----A---?	ždímat#V????--??-??I??
hrdý#A????----??---?	žernov#NNI??-----A---?
žrec#NNM??-----A---?	žertva#NNF??-----A---?
žhnout#V???---??-??I??	žežulka#NNF??-----A---?
žinýrovat#V????--??-??I??	žinantní#AA???----??---?
želva#NNF??-----A---?	žluč#NNF??-----A---?
žižlat#V????--??-??I??	žužlat#V????--??-??I??
žvanit#V????--??-??I??	žvýkat#V????--??-??I??
žváro#NNN??-----A---?	žvýkat#V????--??-??I??
žvatlat#V????--??-??I??	žvýkat#V????--??-??I??
žvanec#NNI??-----A---?	žvýkat#V????--??-??I??
žízeň#NNF??-----A---?	žádat#V????--??-??I??
žíně#NNF??-----A---?	žíla#NNF??-----A---?
